start	end	id_llps	length	id_protein
1	526	47	526	1
445	632	46	188	2
234	320	14	87	3
1	216	13	216	3
263	414	25	152	4
1	102	24	102	4
1	447	45	447	5
1	386	26	386	6
1077	1241	52	165	7
277	392	30	116	8
1	377	9	377	9
1	236	57	236	10
1	168	55	168	11
1	500	10	500	12
27	786	43	760	13
1	177	36	177	14
450	624	53	175	15
147	182	51	36	16
437	1056	28	620	18
20	100	5	81	19
3	102	20	100	20
389	440	21	52	20
28	262	4	235	21
1	217	49	217	22
1117	1319	18	203	23
421	705	22	285	24
161	522	39	362	25
1	146	38	146	25
948	1574	7	627	26
674	1351	34	678	27
1	355	50	355	28
28	359	19	332	29
495	740	54	246	30
1593	1960	16	368	31
462	654	37	193	32
491	686	41	196	33
23	111	11	89	34
672	713	1	42	35
1	532	35	532	36
1	338	27	338	37
105	260	48	156	38
79	174	44	96	39
1	188	42	188	40
421	582	23	162	41
517	818	2	302	44
1	397	6	397	45
27	62	59	36	46
385	466	61	82	46
149	337	60	189	46
1	400	8	400	47
1	544	32	544	48
1	523	31	523	49
1	550	33	550	50
1	698	40	698	51
1203	1972	29	770	52
218	272	58	55	3809
186	372	15	187	4126
1	707	17	707	4221
1	197	3	197	4472
350	669	12	320	5252
1	294	56	294	5368
