id_mutation	id_llps
35995	47
35996	47
35997	47
35998	47
35999	47
36000	47
36001	47
36002	47
36003	47
36004	47
36005	47
36006	47
36007	47
36008	47
36009	47
36010	47
36011	47
36012	47
36013	47
36014	47
36015	47
36016	47
36017	47
36018	47
36019	47
36020	47
36021	47
36022	47
36023	47
36024	47
36025	47
61586	47
61587	47
61588	47
61589	47
61590	47
61591	47
61592	47
63347	47
63348	47
63349	47
76640	47
76641	47
76642	47
76643	47
82443	47
82444	47
168323	47
168324	47
168325	47
168326	47
168327	47
168328	47
168329	47
168330	47
168331	47
168332	47
168333	47
168334	47
168335	47
168336	47
168337	47
168338	47
168339	47
168340	47
168341	47
168342	47
168343	47
168344	47
168345	47
168346	47
168347	47
168348	47
168349	47
168350	47
168351	47
168352	47
168353	47
168354	47
168355	47
168356	47
168357	47
168358	47
168359	47
168360	47
168361	47
168362	47
168363	47
168364	47
168365	47
168366	47
168367	47
168368	47
168369	47
168370	47
168371	47
168372	47
168373	47
168374	47
217975	47
217976	47
217977	47
217978	47
221015	47
543655	47
543656	47
543657	47
543658	47
543659	47
543660	47
543661	47
543662	47
543663	47
543664	47
543665	47
543666	47
543667	47
543668	47
543669	47
543670	47
543671	47
543672	47
543673	47
543674	47
543675	47
543676	47
543677	47
543678	47
543679	47
543680	47
543681	47
543682	47
543683	47
543684	47
543685	47
543686	47
543687	47
543688	47
543689	47
543690	47
543691	47
543692	47
543693	47
543694	47
543695	47
543696	47
543697	47
543698	47
543699	47
543700	47
556180	47
556181	47
556182	47
556183	47
556184	47
556185	47
558020	47
558021	47
559193	47
605485	47
605486	47
605487	47
605488	47
605489	47
605490	47
1555243	47
1555244	47
1555245	47
1555246	47
1555247	47
1555248	47
1555249	47
1555250	47
1555251	47
1555252	47
1555253	47
1555254	47
1555255	47
1555256	47
1555257	47
1555258	47
1555259	47
1555260	47
1555261	47
1555262	47
1555263	47
1555264	47
1555265	47
1555266	47
1555267	47
1555268	47
1555269	47
1555270	47
1555271	47
1555272	47
1555273	47
1555274	47
1555275	47
1555276	47
1555277	47
1555278	47
1555279	47
1555280	47
1555281	47
1555282	47
1555283	47
1555284	47
1555285	47
1555286	47
1555287	47
1555288	47
1555289	47
1555290	47
1555291	47
1555292	47
1555293	47
1555294	47
1555295	47
1555296	47
1555297	47
1555298	47
1555299	47
1555300	47
1555301	47
1555302	47
1555303	47
1555304	47
1555305	47
1555306	47
1555307	47
1555308	47
1555309	47
1555310	47
1555311	47
1555312	47
1555313	47
1555314	47
1555315	47
1555316	47
1555317	47
1555318	47
1555319	47
1555320	47
1555321	47
1555322	47
1555323	47
1555324	47
1555325	47
1555326	47
1555327	47
1555328	47
1555329	47
1555330	47
1555331	47
1555332	47
1555333	47
1555334	47
1555335	47
1555336	47
1555337	47
1555338	47
1555339	47
1555340	47
1555341	47
1555342	47
1555343	47
1555344	47
1555345	47
1555346	47
1555347	47
1555348	47
1555349	47
1555350	47
1555351	47
1555352	47
1555353	47
1555354	47
1555355	47
1555356	47
1555357	47
1555358	47
1555359	47
1555360	47
1555361	47
1644809	47
1644810	47
1644811	47
1644812	47
1644813	47
1644814	47
1644815	47
1644816	47
1644817	47
1644818	47
1644819	47
1644820	47
26336	46
26339	46
26345	46
146896	46
146902	46
146904	46
146905	46
305048	46
305051	46
305052	46
305053	46
305055	46
305056	46
305057	46
305060	46
305061	46
305062	46
305070	46
305077	46
305078	46
305081	46
305083	46
305084	46
305086	46
305088	46
305094	46
305095	46
305098	46
305099	46
305102	46
305104	46
305109	46
570607	46
853644	46
853648	46
853651	46
853652	46
853655	46
853656	46
853657	46
853658	46
853661	46
853662	46
853665	46
853666	46
853667	46
853668	46
853672	46
853673	46
853675	46
853677	46
853682	46
853684	46
853691	46
853694	46
853695	46
853701	46
853703	46
853704	46
853709	46
853711	46
853712	46
853714	46
853718	46
853721	46
853723	46
853724	46
853728	46
853729	46
853730	46
853731	46
853733	46
853741	46
853745	46
853747	46
853749	46
853750	46
853754	46
853755	46
853756	46
853760	46
853765	46
853770	46
853772	46
853773	46
853777	46
853781	46
853783	46
853788	46
853791	46
853792	46
853801	46
853802	46
853826	46
853829	46
853830	46
853833	46
853840	46
853845	46
853846	46
853849	46
853856	46
853857	46
853860	46
853861	46
1590283	46
1590286	46
1590290	46
1590291	46
1590295	46
1590296	46
1590299	46
1590303	46
56806	14
56811	14
208092	13
208094	13
12845	24
12847	25
12848	25
12849	24
12850	24
12852	25
12853	24
12855	25
12856	24
12857	24
12859	25
63075	25
113517	25
113518	25
113519	25
113520	25
113521	25
113523	25
113524	25
113525	25
113526	25
113527	25
113528	25
113529	25
113530	25
113531	24
113532	25
113533	25
113534	25
113535	25
113536	25
113537	25
113538	25
113539	25
113541	24
113542	25
113543	25
113544	25
113545	25
113546	25
113547	24
113548	25
113549	25
213244	25
213245	25
330046	24
330047	25
330048	24
330051	25
330054	24
330056	24
330058	24
330060	25
330063	24
574823	24
574824	25
574825	25
574826	24
606447	25
928942	24
928943	24
928945	24
928948	24
928949	25
928950	25
928951	25
928954	24
928955	24
928957	24
928958	24
928959	24
928962	25
928966	25
928969	25
928972	24
928973	25
928976	24
928977	25
928980	25
928981	24
928982	25
928985	24
928986	25
928987	24
928988	24
928989	25
928991	25
928993	25
928994	25
928995	24
928996	25
928997	25
928999	24
929000	25
929002	24
929005	24
929008	24
929012	24
929013	24
929014	24
929016	25
929019	24
929020	24
1596786	24
1596788	24
1596791	25
59785	45
59786	45
59787	45
324094	45
324095	45
324096	45
324099	45
324100	45
324101	45
324102	45
324105	45
324108	45
324109	45
324110	45
324114	45
324115	45
324116	45
324119	45
324120	45
324124	45
324125	45
324126	45
324129	45
324130	45
324131	45
324132	45
324133	45
324134	45
324135	45
324136	45
324137	45
324139	45
324140	45
324141	45
324143	45
551861	45
574146	45
574148	45
574149	45
574150	45
574151	45
911921	45
911924	45
911926	45
911929	45
911932	45
911934	45
911935	45
911936	45
911938	45
911939	45
911942	45
911943	45
911944	45
911946	45
911948	45
911950	45
911951	45
911953	45
911954	45
911955	45
911956	45
911958	45
911959	45
911961	45
911962	45
911963	45
911964	45
911967	45
911970	45
911971	45
911973	45
911975	45
911976	45
911977	45
911980	45
911982	45
911983	45
911987	45
911989	45
911990	45
911994	45
911996	45
911999	45
912000	45
912002	45
912003	45
912004	45
912006	45
912008	45
912009	45
912010	45
912011	45
912012	45
912015	45
912016	45
912020	45
912021	45
912022	45
912023	45
912026	45
912027	45
912029	45
912030	45
912031	45
912033	45
912035	45
912037	45
912038	45
912041	45
912042	45
912043	45
912045	45
912048	45
912049	45
912050	45
912056	45
912057	45
912061	45
912063	45
912065	45
912066	45
912068	45
912069	45
912071	45
912076	45
912077	45
912079	45
912080	45
912081	45
912082	45
912083	45
912084	45
912085	45
912086	45
912088	45
912089	45
912091	45
912093	45
912094	45
912097	45
912101	45
912102	45
912103	45
912104	45
912105	45
912107	45
912110	45
912111	45
912114	45
912115	45
912116	45
912117	45
912119	45
912120	45
912121	45
912124	45
912125	45
912127	45
912129	45
912131	45
912132	45
912133	45
912135	45
912136	45
912137	45
1595501	45
1595502	45
1595503	45
1595504	45
1595507	45
1595509	45
1595510	45
1595511	45
1595513	45
1595515	45
47431	26
47432	26
47433	26
47434	26
47435	26
47436	26
47437	26
47438	26
47439	26
47440	26
47441	26
47442	26
80284	26
193175	26
193176	26
193177	26
193178	26
193179	26
193180	26
193181	26
193182	26
193183	26
193184	26
193185	26
193186	26
193187	26
193188	26
193189	26
193190	26
193191	26
193192	26
193193	26
193194	26
193195	26
193196	26
193197	26
193198	26
193199	26
219829	26
460394	26
460395	26
460396	26
460397	26
460398	26
460399	26
460400	26
460401	26
460402	26
460403	26
460404	26
460405	26
460406	26
460407	26
460408	26
460409	26
460410	26
460411	26
460412	26
460413	26
460414	26
554285	26
593285	26
593286	26
593287	26
1313836	26
1313837	26
1313838	26
1313839	26
1313840	26
1313841	26
1313842	26
1313843	26
1313844	26
1313845	26
1313846	26
1313847	26
1313848	26
1313849	26
1313850	26
1313851	26
1313852	26
1313853	26
1313854	26
1313855	26
1313856	26
1313857	26
1313858	26
1313859	26
1313860	26
1313861	26
1313862	26
1313863	26
1313864	26
1313865	26
1313866	26
1313867	26
1313868	26
1313869	26
1313870	26
1313871	26
1313872	26
1313873	26
1313874	26
1313875	26
1313876	26
1313877	26
1313878	26
1313879	26
1313880	26
1313881	26
1313882	26
1313883	26
1313884	26
1313885	26
1313886	26
1313887	26
1313888	26
1313889	26
1313890	26
1313891	26
1313892	26
1313893	26
1313894	26
1313895	26
1313896	26
1313897	26
1313898	26
1313899	26
1313900	26
1313901	26
1313902	26
1313903	26
1313904	26
1313905	26
1313906	26
1313907	26
1313908	26
1313909	26
1313910	26
1313911	26
1313912	26
1313913	26
1313914	26
1313915	26
1313916	26
1313917	26
1313918	26
1313919	26
1313920	26
1313921	26
1313922	26
1313923	26
1626615	26
1626616	26
1626617	26
1626618	26
1626619	26
1626620	26
1626621	26
1626622	26
1626623	26
1626624	26
1626625	26
17739	52
17748	52
17757	52
17758	52
17761	52
17775	52
17776	52
17777	52
17795	52
17796	52
17797	52
17798	52
17799	52
17811	52
60674	52
60677	52
69470	52
69471	52
69472	52
69473	52
69489	52
69490	52
69494	52
69495	52
69498	52
69501	52
69502	52
124781	52
124782	52
124797	52
124802	52
124803	52
124819	52
124830	52
124834	52
124840	52
124850	52
124868	52
124869	52
124876	52
124880	52
124881	52
124882	52
124883	52
124884	52
214064	52
214065	52
214080	52
214086	52
214087	52
214088	52
214093	52
524802	52
524804	52
524805	52
524811	52
524819	52
524830	52
524831	52
524836	52
524838	52
524845	52
524856	52
524857	52
524859	52
524863	52
524866	52
524878	52
524879	52
524897	52
524914	52
524920	52
524925	52
524933	52
524934	52
524940	52
524959	52
524978	52
524987	52
524988	52
602931	52
602936	52
602939	52
602942	52
1502711	52
1502713	52
1502719	52
1502721	52
1502723	52
1502730	52
1502734	52
1502736	52
1502743	52
1502755	52
1502758	52
1502759	52
1502765	52
1502775	52
1502784	52
1502787	52
1502790	52
1502792	52
1502794	52
1502795	52
1502807	52
1502817	52
1502819	52
1502823	52
1502829	52
1502830	52
1502834	52
1502842	52
1502845	52
1502869	52
1502877	52
1502882	52
1502887	52
1502893	52
1502896	52
1502898	52
1502899	52
1502900	52
1502903	52
1502905	52
1502910	52
1502921	52
1502932	52
1502933	52
1502936	52
1502942	52
1502945	52
1502946	52
1502950	52
1502955	52
1502963	52
1502968	52
1502971	52
1502972	52
1502976	52
1502985	52
1502987	52
1502991	52
1502992	52
1503000	52
1503003	52
1503005	52
1503006	52
1503018	52
1503019	52
1503026	52
1503029	52
1503030	52
1503033	52
1503042	52
1503045	52
1503047	52
1503048	52
1503051	52
1503052	52
1503059	52
1503074	52
1503076	52
1503077	52
1503086	52
1503093	52
1503096	52
1503097	52
1503105	52
1503112	52
1503131	52
1503133	52
1503136	52
1503139	52
1503143	52
1640989	52
1640990	52
1640991	52
1640993	52
1640995	52
1640997	52
1641002	52
1641004	52
479076	30
479082	30
479093	30
479094	30
479097	30
479099	30
479100	30
479107	30
479109	30
479115	30
479116	30
554750	30
554752	30
596060	30
1368872	30
1368874	30
1368877	30
1368881	30
1368888	30
1368897	30
1368899	30
1368907	30
1368913	30
1368914	30
1368918	30
1368919	30
1368925	30
1368926	30
1368934	30
1368935	30
1368941	30
1368949	30
1368955	30
1368962	30
1368966	30
1368970	30
1368971	30
1368983	30
1368991	30
1368993	30
1368994	30
1368998	30
1369002	30
1369003	30
1369004	30
1369006	30
1369012	30
1369013	30
1630742	30
208469	9
388567	9
388568	9
388569	9
388570	9
388571	9
388572	9
388573	9
388574	9
388575	9
388576	9
388577	9
388578	9
388579	9
388580	9
388581	9
388582	9
388583	9
388584	9
388585	9
388586	9
388587	9
388588	9
388589	9
388590	9
388591	9
388592	9
388593	9
388594	9
388595	9
388596	9
388597	9
388598	9
388599	9
553079	9
582751	9
1101888	9
1101889	9
1101890	9
1101891	9
1101892	9
1101893	9
1101894	9
1101895	9
1101896	9
1101897	9
1101898	9
1101899	9
1101900	9
1101901	9
1101902	9
1101903	9
1101904	9
1101905	9
1101906	9
1101907	9
1101908	9
1101909	9
1101910	9
1101911	9
1101912	9
1101913	9
1101914	9
1101915	9
1101916	9
1101917	9
1101918	9
1101919	9
1101920	9
1101921	9
1101922	9
1101923	9
1101924	9
1101925	9
1101926	9
1101927	9
1101928	9
1101929	9
1101930	9
1101931	9
1101932	9
1101933	9
1101934	9
1101935	9
1101936	9
1101937	9
1101938	9
1101939	9
1101940	9
1101941	9
1101942	9
1101943	9
1101944	9
1101945	9
1101946	9
1101947	9
1101948	9
1101949	9
1101950	9
1101951	9
1101952	9
1101953	9
1101954	9
1101955	9
1101956	9
1101957	9
1101958	9
1101959	9
1101960	9
1101961	9
1101962	9
1101963	9
1101964	9
1101965	9
1101966	9
1101967	9
1101968	9
1101969	9
1101970	9
1101971	9
1101972	9
1101973	9
1101974	9
1101975	9
1101976	9
1101977	9
1101978	9
1101979	9
1101980	9
1101981	9
1101982	9
1101983	9
1101984	9
1101985	9
1610431	9
1610432	9
1610433	9
1610434	9
1610435	9
1610436	9
1610437	9
373276	57
373277	57
373279	57
373281	57
373286	57
373289	57
373295	57
373300	57
373304	57
373305	57
373310	57
373319	57
373321	57
373323	57
552835	57
1057070	57
1057071	57
1057073	57
1057075	57
1057078	57
1057079	57
1057080	57
1057086	57
1057090	57
1057091	57
1057092	57
1057098	57
1057100	57
1057103	57
1057105	57
1057107	57
1057109	57
1057110	57
1057116	57
1057117	57
1057125	57
1057137	57
1057142	57
1057147	57
1057151	57
1057154	57
1057162	57
1057163	57
1057182	57
1057184	57
1057189	57
1057190	57
1057193	57
1057198	57
1057200	57
1057201	57
1057202	57
1057205	57
1057215	57
1057216	57
1057217	57
1057218	57
1057221	57
1057225	57
1057228	57
1057229	57
1057231	57
1057234	57
1057235	57
1057236	57
1057237	57
1057238	57
1057241	57
1057245	57
1057246	57
1057259	57
1057260	57
1057261	57
1057262	57
1057271	57
1057275	57
1057282	57
1057283	57
1057284	57
1057285	57
1057286	57
1057288	57
1057289	57
1057290	57
1057294	57
1057295	57
1057297	57
1057301	57
1606815	57
1606816	57
1606820	57
1606821	57
1606824	57
1606825	57
1606826	57
1606828	57
1606832	57
1606835	57
1606837	57
1606838	57
1606839	57
52562	55
62949	55
80936	55
80937	55
80938	55
80939	55
80940	55
80944	55
80945	55
80947	55
80949	55
80951	55
201723	55
201728	55
201729	55
201730	55
201731	55
201745	55
201754	55
201759	55
201766	55
201768	55
201778	55
220333	55
220334	55
220339	55
220340	55
220341	55
460331	55
460336	55
460339	55
460344	55
460347	55
460349	55
593237	55
593241	55
593243	55
593245	55
593246	55
593249	55
593251	55
593252	55
593260	55
593263	55
593271	55
593274	55
593278	55
1313386	55
1313387	55
1313389	55
1313392	55
1313398	55
1313403	55
1313406	55
1313413	55
1313418	55
1313423	55
1313437	55
1313450	55
1313454	55
1313455	55
1313456	55
1313460	55
1313469	55
1313474	55
1313480	55
1313484	55
1313485	55
1313503	55
1313504	55
1313510	55
1313521	55
1313531	55
1313533	55
1313545	55
1313546	55
1313548	55
1313558	55
1313563	55
1313579	55
1313584	55
1313590	55
1313592	55
1313596	55
1313606	55
1313607	55
1313615	55
1313616	55
1313627	55
1313631	55
1313639	55
1313643	55
1313646	55
1313653	55
1313655	55
1313665	55
1626555	55
1626556	55
1626562	55
1626566	55
1626568	55
1626571	55
1626574	55
1626577	55
1626582	55
1626585	55
1626586	55
1626588	55
1626594	55
460171	10
460176	10
460179	10
460181	10
460182	10
460183	10
460186	10
460187	10
460193	10
460202	10
460208	10
460209	10
460216	10
460219	10
460222	10
460223	10
460224	10
460226	10
460228	10
460229	10
460235	10
460238	10
460240	10
460243	10
460245	10
460247	10
460255	10
460257	10
460260	10
460262	10
460266	10
460269	10
460270	10
460273	10
460274	10
460275	10
554280	10
593201	10
593203	10
593204	10
593207	10
593208	10
593215	10
593217	10
593220	10
593225	10
593226	10
1312796	10
1312802	10
1312809	10
1312817	10
1312823	10
1312826	10
1312827	10
1312830	10
1312832	10
1312834	10
1312837	10
1312842	10
1312845	10
1312847	10
1312856	10
1312857	10
1312860	10
1312868	10
1312870	10
1312880	10
1312881	10
1312882	10
1312884	10
1312886	10
1312891	10
1312892	10
1312897	10
1312899	10
1312904	10
1312913	10
1312914	10
1312916	10
1312932	10
1312933	10
1312934	10
1312935	10
1312939	10
1312947	10
1312950	10
1312952	10
1312956	10
1312959	10
1312965	10
1312968	10
1312973	10
1312976	10
1312980	10
1312982	10
1312983	10
1312995	10
1313002	10
1313016	10
1313022	10
1313024	10
1313026	10
1313027	10
1313032	10
1313044	10
1313045	10
1313046	10
1313053	10
1313059	10
1313061	10
1313062	10
1313066	10
1313071	10
1313074	10
1313083	10
1313085	10
1313090	10
1313091	10
1313092	10
1313093	10
1313098	10
1313105	10
1313108	10
1313111	10
1313118	10
1313119	10
1313120	10
1313135	10
1313140	10
1313141	10
1313142	10
1313143	10
1313153	10
1313157	10
1313160	10
1313171	10
1313172	10
1313181	10
1313185	10
1313194	10
1313198	10
1313200	10
1313205	10
1313211	10
1313214	10
1313216	10
1313217	10
1313221	10
1313222	10
1313230	10
1313231	10
1313239	10
1313240	10
1313241	10
1313243	10
1313250	10
1313253	10
1626530	10
1626540	10
1626544	10
467028	36
467029	36
467030	36
467031	36
467032	36
467033	36
467034	36
467035	36
467036	36
467037	36
467038	36
467039	36
467040	36
467041	36
467042	36
554539	36
554540	36
594212	36
594213	36
1333488	36
1333489	36
1333490	36
1333492	36
1333493	36
1333495	36
1333496	36
1333497	36
1333498	36
1333499	36
1333500	36
1333501	36
1333502	36
1333503	36
1333504	36
1333505	36
1333507	36
1333508	36
1333509	36
1333510	36
1333511	36
1333512	36
1333513	36
1333514	36
1333515	36
1333517	36
1333518	36
1333519	36
1333520	36
1333521	36
1333522	36
1333523	36
1333524	36
1333525	36
1333526	36
1333527	36
1333528	36
1628067	36
1628068	36
1628069	36
1628070	36
1628071	36
1628072	36
41893	53
41895	53
41901	53
61806	53
183322	53
183323	53
183324	53
183325	53
183326	53
183327	53
183329	53
183330	53
183333	53
183334	53
183337	53
183340	53
183342	53
523769	53
523774	53
523776	53
523778	53
523779	53
523780	53
523781	53
523786	53
523787	53
523788	53
523792	53
523793	53
523796	53
523799	53
523801	53
523803	53
523806	53
523809	53
523816	53
602798	53
602800	53
602801	53
602802	53
602805	53
1499526	53
1499527	53
1499533	53
1499534	53
1499540	53
1499553	53
1499556	53
1499557	53
1499559	53
1499576	53
1499578	53
1499580	53
1499590	53
1499598	53
1499599	53
1499600	53
1499601	53
1499610	53
1499613	53
1499617	53
1499619	53
1499628	53
1499637	53
1499640	53
1499647	53
1499649	53
1499654	53
1499655	53
1499658	53
1499659	53
1640713	53
294394	51
294408	51
294411	51
823661	51
823673	51
823679	51
823684	51
823692	51
823693	51
823694	51
823696	51
823699	51
823700	51
823703	51
823705	51
823707	51
823713	51
1588013	51
55847	28
55848	28
55850	28
206659	28
206660	28
206661	28
373636	28
373643	28
373646	28
373647	28
373651	28
373653	28
373671	28
373672	28
373674	28
373679	28
373681	28
373687	28
373688	28
373690	28
373693	28
373696	28
373700	28
373703	28
373704	28
373708	28
373709	28
373716	28
373721	28
373722	28
373741	28
373742	28
373745	28
373748	28
373749	28
373752	28
373761	28
373765	28
373774	28
373777	28
373778	28
373781	28
373789	28
373794	28
373795	28
373796	28
552841	28
580624	28
580627	28
580628	28
580630	28
580633	28
580635	28
580642	28
580643	28
580646	28
580651	28
580652	28
580654	28
580655	28
580657	28
580659	28
580660	28
580661	28
580662	28
580664	28
580665	28
1058231	28
1058232	28
1058233	28
1058234	28
1058236	28
1058238	28
1058240	28
1058243	28
1058245	28
1058246	28
1058247	28
1058248	28
1058249	28
1058252	28
1058253	28
1058254	28
1058258	28
1058260	28
1058263	28
1058271	28
1058276	28
1058281	28
1058288	28
1058290	28
1058295	28
1058296	28
1058297	28
1058302	28
1058304	28
1058312	28
1058313	28
1058321	28
1058322	28
1058323	28
1058327	28
1058328	28
1058330	28
1058331	28
1058335	28
1058338	28
1058340	28
1058345	28
1058347	28
1058350	28
1058351	28
1058352	28
1058353	28
1058355	28
1058358	28
1058359	28
1058363	28
1058364	28
1058369	28
1058371	28
1058376	28
1058377	28
1058379	28
1058380	28
1058389	28
1058397	28
1058398	28
1058399	28
1058401	28
1058404	28
1058405	28
1058407	28
1058408	28
1058411	28
1058414	28
1058415	28
1058417	28
1058420	28
1058422	28
1058424	28
1058426	28
1058431	28
1058441	28
1058445	28
1058449	28
1058458	28
1058459	28
1058460	28
1058467	28
1058469	28
1058471	28
1058472	28
1058473	28
1058474	28
1058475	28
1058481	28
1058482	28
1058483	28
1058486	28
1058490	28
1058491	28
1058492	28
1058495	28
1058498	28
1058502	28
1058503	28
1058505	28
1058506	28
1058508	28
1058510	28
1058512	28
1058515	28
1058520	28
1058523	28
1058526	28
1058528	28
1058537	28
1058539	28
1058541	28
1058544	28
1058545	28
1058546	28
1058547	28
1058551	28
1058556	28
1058557	28
1058560	28
1058565	28
1058566	28
1058572	28
1058574	28
1058577	28
1058582	28
1058585	28
1058595	28
1058598	28
1058601	28
1058606	28
1058607	28
1058608	28
1058613	28
1058616	28
1058618	28
1058619	28
1058621	28
1058627	28
1058628	28
1058631	28
1058641	28
1058648	28
1606905	28
1606907	28
1606910	28
1606912	28
1606914	28
1606916	28
1606921	28
1606922	28
1606923	28
1606924	28
1606927	28
1606931	28
1606932	28
1606933	28
1606938	28
1606939	28
1606942	28
1606943	28
1606944	28
1606947	28
1606948	28
1606952	28
1606953	28
1606957	28
1606960	28
1606961	28
1606962	28
1606963	28
1606964	28
1606966	28
1606968	28
58226	5
531016	5
531021	5
531023	5
531026	5
531027	5
531030	5
603857	5
603858	5
1520004	5
1520006	5
1520008	5
1520017	5
1520019	5
1520020	5
1520021	5
1520022	5
1520024	5
1520027	5
1520028	5
1520029	5
1520030	5
1520032	5
1520036	5
1520037	5
1520043	5
1642226	5
1642227	5
20575	20
20580	21
20581	20
20585	21
20586	21
20588	21
20590	21
20591	21
20596	20
20599	21
20606	20
20607	20
20609	20
20610	20
20613	20
70840	20
132122	21
132125	20
132129	20
132130	20
132133	20
132134	20
132137	20
132141	20
132143	21
132147	20
132153	20
132156	20
132160	20
132163	20
132164	20
132165	20
132166	20
132181	20
132185	21
132187	20
132188	20
132189	20
132197	21
132198	21
132199	21
132200	20
132201	20
132204	20
132205	20
132210	21
132211	20
132212	20
132213	20
132215	21
215004	21
215006	20
215008	21
466389	21
466396	21
466401	20
466402	20
466403	20
466404	20
466405	20
466406	21
466407	20
466409	20
466412	20
466414	20
466417	20
466418	20
466419	20
466420	21
466421	21
594123	20
1331616	20
1331621	20
1331625	21
1331631	20
1331633	20
1331634	20
1331636	21
1331643	20
1331646	20
1331647	20
1331652	21
1331655	20
1331659	21
1331667	20
1331679	20
1331692	21
389862	4
389863	4
389864	4
389865	4
389866	4
389867	4
389868	4
389869	4
389870	4
389871	4
389872	4
389873	4
389874	4
389875	4
389876	4
389877	4
389878	4
389879	4
389880	4
389881	4
389882	4
389883	4
389884	4
389885	4
389886	4
389887	4
389888	4
389889	4
389890	4
389891	4
389892	4
389893	4
389894	4
583225	4
1106086	4
1106087	4
1106090	4
1106091	4
1106092	4
1106093	4
1106094	4
1106095	4
1106096	4
1106098	4
1106100	4
1106101	4
1106102	4
1106103	4
1106105	4
1106106	4
1106107	4
1106108	4
1106109	4
1106110	4
1106111	4
1106112	4
1106113	4
1106114	4
1106115	4
1106116	4
1106117	4
1106118	4
1106120	4
1106121	4
1106122	4
1106123	4
1106124	4
1106125	4
1106126	4
1106127	4
1106128	4
1106129	4
1106131	4
1106132	4
1106133	4
1106134	4
1106135	4
1106136	4
1106137	4
1106138	4
1106139	4
1106140	4
1106141	4
1106142	4
1106143	4
1106144	4
1106146	4
1106147	4
1106148	4
1106149	4
1106150	4
1106151	4
1106153	4
1610923	4
1610924	4
1610925	4
1610926	4
1610927	4
58558	49
532552	49
532553	49
532554	49
532555	49
532556	49
532557	49
532558	49
532559	49
532560	49
532561	49
532562	49
532563	49
532564	49
532565	49
532566	49
532567	49
532568	49
532569	49
532570	49
532571	49
532572	49
532573	49
604016	49
604017	49
604018	49
1524529	49
1524530	49
1524531	49
1524532	49
1524533	49
1524534	49
1524535	49
1524536	49
1524537	49
1524538	49
1524539	49
1524540	49
1524541	49
1524542	49
1524543	49
1524544	49
1524545	49
1524546	49
1524547	49
1524548	49
1524549	49
1524550	49
1524551	49
1524552	49
1524553	49
1524554	49
1524555	49
1524556	49
1524557	49
1524558	49
1524559	49
1524560	49
1524561	49
1524562	49
1524563	49
1524564	49
1524565	49
1524566	49
1524567	49
1524568	49
1524569	49
1524570	49
1524571	49
1524572	49
1524573	49
1524574	49
1524575	49
1524576	49
1524577	49
1524578	49
1524579	49
1524580	49
1524581	49
1524582	49
1524583	49
1642583	49
1642584	49
1642585	49
1642586	49
1642587	49
30779	18
30785	18
30787	18
30791	18
30796	18
30800	18
30801	18
30813	18
30825	18
30829	18
30833	18
30840	18
30843	18
30851	18
30852	18
30860	18
62740	18
63296	18
76071	18
156742	18
156743	18
156744	18
156745	18
156746	18
156747	18
156761	18
156762	18
156763	18
156764	18
156765	18
156767	18
156776	18
156783	18
156788	18
156789	18
156790	18
156791	18
156792	18
156793	18
156811	18
156817	18
156822	18
156827	18
156835	18
156838	18
156849	18
156855	18
156858	18
156860	18
156865	18
156873	18
156876	18
156880	18
156882	18
156885	18
156889	18
156896	18
156919	18
156920	18
156935	18
156936	18
156946	18
156947	18
156948	18
156956	18
156960	18
156971	18
156972	18
156973	18
217519	18
284939	18
284946	18
284950	18
284957	18
284958	18
284962	18
284968	18
284976	18
284980	18
284982	18
284983	18
284995	18
284999	18
550992	18
567672	18
567673	18
796710	18
796721	18
796722	18
796724	18
796730	18
796748	18
796761	18
796781	18
796791	18
796792	18
796801	18
796818	18
796829	18
796834	18
796845	18
796847	18
796848	18
796857	18
796861	18
796863	18
796869	18
796882	18
796883	18
796884	18
796893	18
796896	18
796903	18
796905	18
796918	18
796926	18
796930	18
796936	18
796941	18
796943	18
796955	18
796970	18
796978	18
796982	18
796992	18
796994	18
797008	18
797010	18
797017	18
797021	18
1586090	18
1586097	18
1586099	18
1586105	18
26233	22
26235	22
26236	22
26243	22
26247	22
26248	22
26249	22
26253	22
26254	22
26260	22
26261	22
26263	22
26270	22
61109	22
74303	22
74304	22
74305	22
74306	22
146660	22
146661	22
146662	22
146665	22
146666	22
146667	22
146668	22
146669	22
146670	22
146671	22
146672	22
146673	22
146679	22
146685	22
146686	22
146691	22
146692	22
146699	22
146701	22
146702	22
146703	22
146705	22
146707	22
146709	22
146710	22
146711	22
146713	22
146721	22
146723	22
146724	22
146731	22
146732	22
146733	22
216531	22
216532	22
216535	22
216536	22
401035	22
401039	22
401045	22
401047	22
401048	22
401049	22
401057	22
401058	22
401065	22
401066	22
401068	22
401075	22
401077	22
401078	22
401081	22
401082	22
401087	22
401088	22
401089	22
584506	22
584507	22
584508	22
1140212	22
1140215	22
1140217	22
1140219	22
1140220	22
1140224	22
1140229	22
1140230	22
1140234	22
1140235	22
1140239	22
1140246	22
1140247	22
1140249	22
1140251	22
1140252	22
1140254	22
1140256	22
1140265	22
1140266	22
1140267	22
1140276	22
1140279	22
1140281	22
1140287	22
1140293	22
1140294	22
1140296	22
1140299	22
1140304	22
1140306	22
1140311	22
1140312	22
1140315	22
1140330	22
1140343	22
1140351	22
1140352	22
1140355	22
1613450	22
81544	38
207659	38
368941	39
368942	39
368943	39
368944	39
368945	38
368946	39
368947	38
368948	38
368949	39
368950	39
368951	39
368952	39
368953	39
368954	39
368955	39
368956	39
368957	39
368958	39
368959	39
368960	39
368961	38
368962	38
368963	39
368964	39
368965	38
368966	39
368967	38
368968	38
368969	38
368970	39
368971	39
368973	39
368974	39
368975	38
368976	39
368977	39
368978	39
368979	38
368980	39
552759	39
580071	39
580072	38
1044024	39
1044025	39
1044026	39
1044027	39
1044028	39
1044029	39
1044030	39
1044031	38
1044032	39
1044033	39
1044034	39
1044035	39
1044036	39
1044037	39
1044038	39
1044039	39
1044040	39
1044041	39
1044042	38
1044043	39
1044044	38
1044046	39
1044047	38
1044048	39
1044049	39
1044050	38
1044051	39
1044053	39
1044054	39
1044055	39
1044056	39
1044057	39
1044058	39
1044059	38
1044061	39
1044062	38
1044063	39
1044064	39
1044065	39
1044066	39
1044067	39
1044068	39
1044069	39
1044070	39
1044071	39
1044072	39
1044073	39
1044074	39
1044075	39
1044076	39
1044077	39
1044078	39
1044079	38
1044080	39
1044081	39
1044082	39
1044083	39
1044084	39
1044085	38
1044086	39
1044087	39
1044088	39
1044089	39
1044090	39
1044091	39
1044092	39
1044093	39
1044094	38
1044095	39
1044096	38
1044097	38
1044098	39
1044099	39
1044100	39
1044101	39
1044102	39
1044103	39
1044104	39
1044105	39
1044106	39
1044107	39
1044108	39
1044109	39
1044110	39
1044111	38
1044112	38
1044113	39
1044114	38
1044115	38
1044116	39
1044117	38
1044118	39
1044119	39
1044120	39
1044121	39
1044122	39
1044123	39
1044124	38
1044125	38
1044126	39
1044127	39
1044128	39
1044129	39
1044130	39
1044131	38
1044133	39
1605830	39
1605831	39
1605832	39
1605833	39
1605834	39
1605835	39
1605836	39
200071	7
231755	7
231757	7
231764	7
231766	7
231770	7
231772	7
231777	7
231781	7
231785	7
231786	7
231789	7
231793	7
231795	7
231797	7
231801	7
231803	7
231805	7
231806	7
231807	7
231808	7
231811	7
231812	7
231813	7
231818	7
231825	7
231829	7
231830	7
231831	7
231832	7
231833	7
231837	7
231841	7
231842	7
231845	7
231847	7
231851	7
231852	7
231855	7
231857	7
231858	7
231859	7
550067	7
550069	7
561048	7
561054	7
561056	7
561057	7
561058	7
561060	7
639835	7
639837	7
639838	7
639842	7
639843	7
639845	7
639846	7
639849	7
639851	7
639852	7
639853	7
639857	7
639859	7
639860	7
639861	7
639862	7
639866	7
639867	7
639870	7
639871	7
639872	7
639873	7
639874	7
639878	7
639882	7
639883	7
639884	7
639892	7
639893	7
639895	7
639899	7
639904	7
639906	7
639910	7
639914	7
639915	7
639917	7
639925	7
639926	7
639927	7
639929	7
639930	7
639938	7
639940	7
639941	7
639944	7
639946	7
639951	7
639953	7
639954	7
639956	7
639957	7
639960	7
639961	7
639962	7
639963	7
639964	7
639967	7
639970	7
639975	7
639976	7
639978	7
639989	7
639992	7
639995	7
639997	7
639998	7
639999	7
640000	7
640007	7
640008	7
640011	7
640012	7
640020	7
640023	7
640025	7
640026	7
640028	7
640030	7
640033	7
640034	7
640035	7
640036	7
640038	7
640040	7
640042	7
640044	7
640048	7
640050	7
640052	7
640053	7
640056	7
640061	7
640063	7
640065	7
640069	7
640074	7
640076	7
640077	7
640078	7
640082	7
640083	7
640084	7
640086	7
640089	7
640097	7
640099	7
640102	7
640105	7
640107	7
640108	7
640109	7
640115	7
640117	7
640120	7
640121	7
640122	7
640126	7
640127	7
640131	7
640134	7
640137	7
640138	7
640143	7
640145	7
640147	7
640148	7
640151	7
640152	7
640153	7
640154	7
640160	7
640161	7
640164	7
640166	7
640167	7
640168	7
640169	7
640171	7
640174	7
640177	7
1574381	7
1574386	7
1574387	7
1574388	7
1574391	7
1574392	7
1574395	7
1574398	7
1574400	7
1574401	7
1574404	7
1574405	7
1574407	7
1574409	7
1574410	7
1574411	7
1574413	7
56308	34
56310	34
56311	34
56312	34
56313	34
56316	34
207444	34
207445	34
207446	34
473101	34
473102	34
473104	34
473107	34
473108	34
473112	34
473113	34
473114	34
473115	34
473119	34
473123	34
473124	34
473125	34
473126	34
473127	34
473128	34
473129	34
473130	34
473132	34
473133	34
473134	34
473135	34
473137	34
473140	34
473141	34
473143	34
473144	34
473145	34
473147	34
473149	34
473150	34
473151	34
473153	34
473154	34
473156	34
473160	34
473162	34
473165	34
473166	34
473167	34
473168	34
473170	34
473172	34
473174	34
473175	34
473176	34
473177	34
473179	34
473180	34
473181	34
473185	34
473187	34
473195	34
473198	34
473199	34
473201	34
473202	34
473205	34
473207	34
473208	34
473216	34
473217	34
473218	34
473220	34
473222	34
473223	34
473224	34
473225	34
473226	34
473230	34
473231	34
473233	34
473234	34
473239	34
473240	34
554659	34
554660	34
554661	34
554662	34
557634	34
595378	34
595379	34
595382	34
595384	34
595385	34
595386	34
595387	34
595388	34
595391	34
595392	34
1351264	34
1351267	34
1351268	34
1351269	34
1351271	34
1351272	34
1351274	34
1351275	34
1351277	34
1351278	34
1351279	34
1351280	34
1351285	34
1351286	34
1351288	34
1351289	34
1351292	34
1351294	34
1351295	34
1351301	34
1351303	34
1351304	34
1351305	34
1351307	34
1351310	34
1351311	34
1351312	34
1351314	34
1351317	34
1351318	34
1351321	34
1351322	34
1351323	34
1351325	34
1351327	34
1351330	34
1351331	34
1351333	34
1351334	34
1351337	34
1351338	34
1351340	34
1351342	34
1351343	34
1351344	34
1351346	34
1351347	34
1351348	34
1351351	34
1351354	34
1351357	34
1351361	34
1351362	34
1351363	34
1351364	34
1351365	34
1351366	34
1351367	34
1351368	34
1351369	34
1351371	34
1351372	34
1351378	34
1351379	34
1351380	34
1351381	34
1351382	34
1351384	34
1351385	34
1351386	34
1351388	34
1351389	34
1351391	34
1351394	34
1351395	34
1351396	34
1351402	34
1351405	34
1351406	34
1351407	34
1351408	34
1351410	34
1351412	34
1351414	34
1351417	34
1351419	34
1351420	34
1351424	34
1351425	34
1351429	34
1351433	34
1351435	34
1351436	34
1351438	34
1351441	34
1351443	34
1351444	34
1351446	34
1351447	34
1351449	34
1351450	34
1351454	34
1351459	34
1351466	34
1351467	34
1351468	34
1351469	34
1351474	34
1351480	34
1351483	34
1351485	34
1351486	34
1351488	34
1351490	34
1351491	34
1351493	34
1351494	34
1351495	34
1351498	34
1351500	34
1351501	34
1351502	34
1351504	34
1351506	34
1351509	34
1351511	34
1351513	34
1351514	34
1351515	34
1351516	34
1351518	34
1351519	34
1351522	34
1351523	34
1351527	34
1351528	34
1351529	34
1351530	34
1351532	34
1351534	34
1351538	34
1351540	34
1351541	34
1351542	34
1351545	34
1351546	34
1351547	34
1351548	34
1351549	34
1351550	34
1351552	34
1351554	34
1351555	34
1351556	34
1351558	34
1351559	34
1351560	34
1351563	34
1351565	34
1351566	34
1351567	34
1351569	34
1351571	34
1351572	34
1351574	34
1351577	34
1351579	34
1351581	34
1351583	34
1351587	34
1351588	34
1351590	34
1351596	34
1351597	34
1351599	34
1351600	34
1351601	34
1351606	34
1351608	34
1351609	34
1351612	34
1351613	34
1351614	34
1351615	34
1351616	34
1351618	34
1351619	34
1351623	34
1351624	34
1351625	34
1351627	34
1351628	34
1351629	34
1351630	34
1351633	34
1351634	34
1351637	34
1351638	34
1351639	34
1351640	34
1351642	34
1351643	34
1351645	34
1351647	34
1351650	34
1351652	34
1351654	34
1351656	34
1351657	34
1351661	34
1351662	34
1351663	34
1351666	34
1351668	34
1351669	34
1351671	34
1351673	34
1351674	34
1351677	34
1351679	34
1351682	34
1351684	34
1351685	34
1351690	34
1351693	34
1351694	34
1351696	34
1351697	34
1351699	34
1351700	34
1351701	34
1351704	34
1351713	34
1351715	34
1351719	34
1351723	34
1351724	34
1351726	34
1351729	34
1351730	34
1351731	34
1351732	34
1351733	34
1351735	34
1351736	34
1351738	34
1351740	34
1351746	34
1351748	34
1351752	34
1351754	34
1351755	34
1351757	34
1351760	34
1351765	34
1351768	34
1351769	34
1351771	34
1351773	34
1351775	34
1351782	34
1351783	34
1351784	34
1351786	34
1351787	34
1351796	34
1351800	34
1629463	34
1629464	34
1629465	34
1629466	34
1629469	34
1629472	34
1629473	34
1629477	34
1629479	34
1629480	34
1629483	34
81592	50
332062	50
332063	50
332064	50
332065	50
332066	50
332067	50
332068	50
332069	50
332070	50
332071	50
332072	50
332073	50
332074	50
332075	50
332076	50
332077	50
332078	50
332079	50
332080	50
332081	50
332082	50
332083	50
556859	50
575064	50
575065	50
575066	50
575067	50
575068	50
575069	50
575070	50
575071	50
575072	50
575073	50
575074	50
575075	50
575076	50
934734	50
934735	50
934736	50
934737	50
934738	50
934739	50
934740	50
934741	50
934742	50
934743	50
934744	50
934745	50
934746	50
934747	50
934748	50
934749	50
934750	50
934751	50
934752	50
934753	50
934754	50
934755	50
934756	50
934757	50
934758	50
934759	50
934760	50
934761	50
934762	50
934763	50
934764	50
934765	50
934766	50
934767	50
934768	50
934769	50
934770	50
934771	50
934772	50
934773	50
934774	50
934775	50
934776	50
934777	50
934778	50
934779	50
934780	50
934781	50
934782	50
934783	50
934784	50
934785	50
934786	50
934787	50
934788	50
934789	50
934790	50
934791	50
934792	50
934793	50
934794	50
934795	50
934796	50
934797	50
934798	50
934799	50
934800	50
934801	50
934802	50
1597223	50
1597224	50
1597225	50
1597226	50
1597227	50
1597228	50
1597229	50
1597230	50
1597231	50
1597232	50
1597233	50
1597234	50
51523	19
51524	19
51525	19
51526	19
51527	19
51528	19
51529	19
51530	19
51531	19
51532	19
51533	19
51534	19
51535	19
51536	19
51537	19
51538	19
51539	19
80726	19
80727	19
80728	19
80729	19
80730	19
80731	19
80732	19
80733	19
80734	19
80735	19
80736	19
80737	19
80738	19
80739	19
80740	19
80741	19
80742	19
80743	19
80744	19
80745	19
80746	19
80747	19
80748	19
80749	19
80750	19
80751	19
80752	19
80753	19
80754	19
80755	19
80756	19
80757	19
80758	19
80759	19
80760	19
80761	19
80762	19
80763	19
80764	19
80765	19
80766	19
80767	19
80768	19
80769	19
80770	19
80771	19
80772	19
80773	19
80774	19
80775	19
82687	19
200079	19
200080	19
200081	19
200082	19
200083	19
200084	19
200085	19
200086	19
200087	19
200088	19
200089	19
200090	19
200091	19
200092	19
200093	19
200094	19
200095	19
200096	19
200097	19
200098	19
200099	19
200100	19
200101	19
200102	19
200103	19
200104	19
200105	19
200106	19
200107	19
200108	19
200109	19
200110	19
200111	19
200112	19
200113	19
200114	19
200115	19
200116	19
200117	19
200118	19
200119	19
200120	19
200121	19
200122	19
200123	19
200124	19
200125	19
200126	19
200127	19
200128	19
200129	19
200130	19
200131	19
200132	19
200133	19
200134	19
200135	19
200136	19
200137	19
200138	19
200139	19
200140	19
200141	19
200142	19
200143	19
200144	19
200145	19
200146	19
200147	19
200148	19
200149	19
200150	19
200151	19
200152	19
200153	19
200154	19
200155	19
200156	19
200158	19
200159	19
220195	19
220196	19
220197	19
220198	19
411615	19
411617	19
411618	19
411619	19
411620	19
411621	19
411622	19
411623	19
411624	19
411625	19
411626	19
411627	19
411628	19
411630	19
411631	19
411632	19
411633	19
411636	19
411637	19
411638	19
411640	19
411641	19
411642	19
411643	19
411646	19
411647	19
411648	19
553471	19
553472	19
557269	19
587021	19
587022	19
587024	19
587025	19
587026	19
587028	19
587029	19
587030	19
1171256	19
1171257	19
1171258	19
1171259	19
1171260	19
1171262	19
1171263	19
1171265	19
1171266	19
1171267	19
1171268	19
1171269	19
1171270	19
1171271	19
1171272	19
1171273	19
1171274	19
1171275	19
1171276	19
1171278	19
1171279	19
1171280	19
1171281	19
1171282	19
1171283	19
1171284	19
1171285	19
1171286	19
1171287	19
1171288	19
1171289	19
1171291	19
1171292	19
1171293	19
1171295	19
1171296	19
1171297	19
1171298	19
1171299	19
1171300	19
1171301	19
1171302	19
1171303	19
1171304	19
1171305	19
1171307	19
1171308	19
1171309	19
1171310	19
1171311	19
1171312	19
1171313	19
1171314	19
1171315	19
1171316	19
1171317	19
1171318	19
1171320	19
1171321	19
1171322	19
1171323	19
1171324	19
1171325	19
1171326	19
1171327	19
1171328	19
1171329	19
1171330	19
1171331	19
1171332	19
1171333	19
1171334	19
1171335	19
1171336	19
1171337	19
1171338	19
1171339	19
1171340	19
1171342	19
1171343	19
1171344	19
1171345	19
1171346	19
1171347	19
1171348	19
1171349	19
1171350	19
1171351	19
1171352	19
1171353	19
1171354	19
1171355	19
1171356	19
1171357	19
1171358	19
1171359	19
1171360	19
1171361	19
1171362	19
1171363	19
1171364	19
1171365	19
1171366	19
1171367	19
1171368	19
1171369	19
1171370	19
1171371	19
1171372	19
1171373	19
1171374	19
1171375	19
1171376	19
1171377	19
1171378	19
1171379	19
1171380	19
1171381	19
1171382	19
1171385	19
1171386	19
1171387	19
1171388	19
1171389	19
1171390	19
1171391	19
1171392	19
1171393	19
1171394	19
1171395	19
1171396	19
1171397	19
1171398	19
1171399	19
1171400	19
1171401	19
1171402	19
1171403	19
1171404	19
1171405	19
1171406	19
1171407	19
1171408	19
1171409	19
1171410	19
1171411	19
1171412	19
1171413	19
1171414	19
1171415	19
1171416	19
1171418	19
1171419	19
1171420	19
1171421	19
1171422	19
1171423	19
1171424	19
1171426	19
1171427	19
1171428	19
1171429	19
1171430	19
1171431	19
1171432	19
1171433	19
1171434	19
1171435	19
1171436	19
1171437	19
1171438	19
1171439	19
1171440	19
1171441	19
1171442	19
1171443	19
1171444	19
1171445	19
1171446	19
1171447	19
1171448	19
1171449	19
1171450	19
1171451	19
1171452	19
1171453	19
1171454	19
1171455	19
1171456	19
1616004	19
1616005	19
1616006	19
1616007	19
1616008	19
1616009	19
1616010	19
1616011	19
1616013	19
1616014	19
1616015	19
1616016	19
1616017	19
1616018	19
266685	54
266686	54
266688	54
266689	54
266692	54
266696	54
266697	54
266700	54
266702	54
266704	54
266708	54
266709	54
266710	54
266711	54
266712	54
266716	54
266718	54
266722	54
266724	54
266725	54
266727	54
266731	54
266734	54
266737	54
266739	54
266740	54
266747	54
266748	54
266750	54
565031	54
565033	54
565034	54
565036	54
565038	54
565039	54
565040	54
565041	54
565043	54
565044	54
565045	54
565050	54
565051	54
565052	54
565053	54
565055	54
565057	54
565059	54
565061	54
565062	54
565063	54
565064	54
565065	54
565068	54
743108	54
743111	54
743112	54
743120	54
743121	54
743122	54
743123	54
743127	54
743136	54
743138	54
743142	54
743147	54
743150	54
743153	54
743154	54
743157	54
743165	54
743166	54
743167	54
743173	54
743174	54
743179	54
743180	54
743183	54
743184	54
743185	54
743191	54
743192	54
743194	54
743204	54
743212	54
743216	54
743219	54
743220	54
743225	54
743227	54
743230	54
743233	54
743237	54
743243	54
743247	54
743248	54
743251	54
743253	54
743259	54
743261	54
743264	54
743265	54
743266	54
743273	54
743275	54
743277	54
743283	54
743287	54
743288	54
743290	54
743294	54
743296	54
743299	54
743300	54
743301	54
743305	54
743308	54
743310	54
743314	54
743315	54
743317	54
743319	54
743323	54
743324	54
743325	54
743328	54
743331	54
743335	54
743336	54
743338	54
743339	54
743346	54
743347	54
743351	54
743354	54
743356	54
743357	54
743358	54
743361	54
743362	54
743363	54
743379	54
743382	54
743386	54
743392	54
1582034	54
1582040	54
1582042	54
1582053	54
1582057	54
1582061	54
1582063	54
1582067	54
1582068	54
1582071	54
1582073	54
280607	37
280609	37
280611	37
280613	37
280617	37
280618	37
280622	37
280625	37
280626	37
280630	37
280638	37
280642	37
280645	37
280647	37
280650	37
280654	37
550894	37
550896	37
558288	37
567151	37
567154	37
567156	37
567157	37
606300	37
784257	37
784265	37
784268	37
784270	37
784279	37
784280	37
784283	37
784291	37
784295	37
784302	37
784304	37
784306	37
784307	37
784312	37
784320	37
784321	37
784322	37
784323	37
784327	37
784330	37
784331	37
784332	37
784336	37
784337	37
784338	37
784341	37
784346	37
784348	37
784354	37
784356	37
784359	37
784360	37
784363	37
784365	37
784367	37
784376	37
784381	37
784386	37
784388	37
784389	37
784392	37
784396	37
784398	37
784399	37
784400	37
784403	37
784404	37
784412	37
784416	37
784417	37
1585213	37
1585222	37
1585225	37
1585227	37
524203	41
524204	41
524205	41
524206	41
524207	41
524209	41
524210	41
524217	41
524218	41
524220	41
524223	41
524228	41
524230	41
524231	41
524236	41
524239	41
524242	41
524244	41
524245	41
524247	41
524250	41
524253	41
524258	41
524259	41
555839	41
555840	41
602850	41
602851	41
602856	41
602857	41
1500817	41
1500822	41
1500827	41
1500828	41
1500831	41
1500832	41
1500833	41
1500838	41
1500839	41
1500843	41
1500846	41
1500855	41
1500857	41
1500858	41
1500866	41
1500867	41
1500869	41
1500874	41
1500876	41
1500877	41
1500879	41
1500881	41
1500884	41
1500891	41
1500892	41
1500896	41
1500898	41
1500899	41
1500906	41
1500907	41
1500913	41
1500917	41
1500920	41
1500921	41
1500922	41
1500925	41
1500930	41
1500931	41
1500932	41
1500933	41
1500934	41
1500942	41
1500943	41
1500945	41
1500953	41
1500970	41
1500975	41
1500981	41
1500989	41
1500996	41
1500997	41
1500999	41
1501004	41
1501007	41
1501015	41
1501017	41
1501020	41
1501021	41
1501022	41
1501026	41
1501029	41
1501030	41
1501033	41
1501041	41
1501043	41
1501045	41
1501049	41
32501	11
32503	11
32504	11
32506	11
32507	11
32508	11
32509	11
32511	11
61414	11
82412	11
160548	11
160556	11
160565	11
160567	11
160571	11
160578	11
160579	11
160580	11
220997	11
220998	11
220999	11
499545	11
499547	11
499554	11
499560	11
499562	11
499565	11
499568	11
598870	11
1428268	11
1428269	11
1428274	11
1428276	11
1428289	11
1428290	11
1428293	11
1428294	11
1428303	11
1428305	11
1428310	11
1428311	11
1428312	11
1428315	11
1428316	11
1428320	11
1428323	11
1635394	11
1635395	11
40358	1
40362	1
40372	1
40384	1
180198	1
180202	1
180203	1
180207	1
180208	1
180210	1
180212	1
180214	1
180215	1
180216	1
180217	1
180218	1
180232	1
180240	1
180266	1
355669	1
355685	1
355690	1
1004694	1
1004704	1
1004719	1
1004743	1
1004755	1
1004758	1
1004817	1
1004819	1
1004821	1
1004829	1
1004840	1
1004847	1
1004853	1
1004867	1
1004883	1
1004890	1
1004899	1
1602821	1
1602827	1
17621	35
17622	35
17623	35
17624	35
17625	35
17626	35
17627	35
69446	35
124634	35
124635	35
124636	35
124637	35
124638	35
124639	35
124640	35
345001	35
345002	35
345003	35
345004	35
345005	35
345006	35
345007	35
345008	35
345009	35
345010	35
345011	35
345012	35
345013	35
345014	35
345015	35
345016	35
345017	35
345018	35
345019	35
345020	35
345021	35
345022	35
345023	35
345024	35
345025	35
345026	35
345027	35
345028	35
345029	35
345030	35
345031	35
345032	35
345033	35
345034	35
345035	35
345036	35
345037	35
345038	35
345039	35
345040	35
345041	35
345042	35
345043	35
345044	35
345045	35
345046	35
345047	35
345048	35
345049	35
345050	35
345051	35
345052	35
345053	35
345054	35
345055	35
345056	35
345057	35
345058	35
345059	35
345060	35
345061	35
345062	35
345063	35
577021	35
577022	35
577023	35
577024	35
577025	35
577026	35
577027	35
973566	35
973567	35
973568	35
973569	35
973570	35
973571	35
973572	35
973573	35
973574	35
973575	35
973576	35
973577	35
973578	35
973579	35
973580	35
973581	35
973582	35
973583	35
973584	35
973585	35
973586	35
973587	35
973588	35
973589	35
973590	35
973591	35
973592	35
973593	35
973594	35
973595	35
973596	35
973597	35
973598	35
973599	35
973600	35
973601	35
973602	35
973603	35
973604	35
973605	35
973606	35
973607	35
973608	35
973609	35
973610	35
973611	35
973612	35
973613	35
973614	35
973615	35
973616	35
973617	35
973618	35
973619	35
973620	35
973621	35
973622	35
973623	35
973624	35
973625	35
973626	35
973627	35
973628	35
973629	35
973630	35
973631	35
973632	35
973633	35
973634	35
973635	35
973636	35
973637	35
973638	35
973639	35
973640	35
973641	35
973642	35
973643	35
973644	35
973645	35
973646	35
973647	35
973648	35
973649	35
973650	35
973651	35
973652	35
973653	35
973654	35
973655	35
973656	35
973657	35
973658	35
973659	35
973660	35
973661	35
973662	35
973663	35
973664	35
973665	35
973666	35
973667	35
973668	35
973669	35
973670	35
973671	35
973672	35
973673	35
973674	35
973675	35
973676	35
973677	35
973678	35
973679	35
973680	35
973681	35
973682	35
973683	35
973684	35
973685	35
973686	35
973687	35
973688	35
973689	35
973690	35
973691	35
973692	35
973693	35
973694	35
973695	35
973696	35
973697	35
973698	35
973699	35
973700	35
973701	35
973702	35
973703	35
973704	35
973705	35
973706	35
973707	35
973708	35
973709	35
973710	35
1600510	35
1600511	35
1600512	35
1600513	35
1600514	35
1600515	35
1600516	35
1600517	35
1600518	35
264208	27
264209	27
264210	27
264211	27
264212	27
264213	27
264214	27
264215	27
264216	27
264217	27
264218	27
264219	27
264220	27
264221	27
264222	27
264223	27
264224	27
264225	27
264226	27
264227	27
264228	27
264229	27
264230	27
264231	27
264232	27
264233	27
264234	27
264235	27
264236	27
264237	27
264238	27
264239	27
264240	27
264241	27
264242	27
264243	27
264244	27
264245	27
264246	27
264247	27
264248	27
264249	27
264250	27
264251	27
264252	27
264253	27
264254	27
264255	27
264256	27
549665	27
550596	27
550597	27
550598	27
550599	27
550600	27
550601	27
558225	27
558226	27
564718	27
564719	27
564720	27
564721	27
564722	27
564723	27
564724	27
564725	27
564726	27
564727	27
564728	27
564729	27
564730	27
564731	27
564732	27
564733	27
564734	27
564735	27
564736	27
564737	27
564738	27
564739	27
564740	27
564741	27
564742	27
564743	27
564744	27
564745	27
564746	27
564747	27
564748	27
564749	27
564750	27
564751	27
564752	27
564753	27
564754	27
564755	27
564756	27
564757	27
564758	27
564759	27
564760	27
564761	27
564762	27
564763	27
564764	27
564765	27
564766	27
564767	27
564768	27
564769	27
564770	27
564771	27
564772	27
564773	27
564774	27
564775	27
564776	27
564777	27
564778	27
564779	27
564780	27
564781	27
564782	27
564783	27
564784	27
564785	27
564786	27
564787	27
564788	27
564789	27
736053	27
736054	27
736055	27
736056	27
736057	27
736058	27
736059	27
736060	27
736061	27
736062	27
736063	27
736064	27
736065	27
736066	27
736067	27
736068	27
736069	27
736070	27
736071	27
736072	27
736073	27
736074	27
736075	27
736076	27
736077	27
736078	27
736079	27
736080	27
736081	27
736082	27
736083	27
736084	27
736085	27
736086	27
736087	27
736088	27
736089	27
736090	27
736091	27
736092	27
736093	27
736094	27
736095	27
736096	27
736097	27
736098	27
736099	27
736100	27
736101	27
736102	27
736103	27
736104	27
736105	27
736106	27
736107	27
736108	27
736109	27
736110	27
736111	27
736112	27
736113	27
736114	27
736115	27
736116	27
736117	27
736118	27
736119	27
736120	27
736121	27
736122	27
736123	27
736124	27
736125	27
736126	27
736127	27
736128	27
736129	27
736130	27
736131	27
736132	27
736133	27
736134	27
736135	27
736136	27
736137	27
736138	27
736139	27
736140	27
736141	27
736142	27
736143	27
736144	27
736145	27
736146	27
736147	27
736148	27
736149	27
736150	27
736151	27
736152	27
736153	27
736154	27
736155	27
736156	27
736157	27
736158	27
736159	27
736160	27
736161	27
736162	27
736163	27
736164	27
736165	27
736166	27
736167	27
736168	27
736169	27
1581556	27
1581557	27
1581558	27
1581559	27
1581560	27
1581561	27
1581562	27
1581563	27
1581564	27
1581565	27
1581566	27
1581567	27
1581568	27
1581569	27
1581570	27
1581571	27
1581572	27
1581573	27
1581574	27
1581575	27
277915	48
277918	48
277920	48
277921	48
277922	48
277925	48
277926	48
277928	48
277930	48
277933	48
277934	48
277936	48
277939	48
277941	48
277942	48
277944	48
277945	48
277947	48
277948	48
277951	48
277954	48
277958	48
277961	48
277964	48
277965	48
277966	48
277969	48
277970	48
277972	48
277976	48
277978	48
277979	48
277987	48
277988	48
277993	48
278000	48
278003	48
278011	48
278016	48
278020	48
278025	48
278026	48
278027	48
278028	48
278030	48
550816	48
556504	48
566428	48
566440	48
566460	48
566468	48
566475	48
566491	48
566509	48
566515	48
566524	48
566555	48
566565	48
566570	48
566622	48
566638	48
566644	48
566672	48
566673	48
566679	48
566681	48
566708	48
566709	48
566712	48
566719	48
566725	48
566738	48
775552	48
775562	48
775563	48
775566	48
775569	48
775576	48
775581	48
775583	48
775584	48
775588	48
775592	48
775598	48
775600	48
775605	48
775606	48
775608	48
775613	48
775615	48
775618	48
775622	48
775623	48
775633	48
775635	48
775639	48
775643	48
775659	48
775662	48
775664	48
775665	48
775666	48
775668	48
775672	48
775674	48
775678	48
775679	48
775680	48
775683	48
775684	48
775687	48
775692	48
775694	48
775698	48
775703	48
775707	48
775712	48
775713	48
775717	48
775719	48
775722	48
775724	48
775727	48
775730	48
775731	48
775732	48
775734	48
775737	48
775738	48
775740	48
775741	48
775745	48
775747	48
775751	48
775752	48
775754	48
775758	48
775759	48
775764	48
775767	48
775771	48
775774	48
775779	48
775781	48
775783	48
775784	48
775788	48
775789	48
775793	48
775799	48
775800	48
775802	48
775804	48
775806	48
775807	48
775808	48
775809	48
775811	48
775812	48
775817	48
775821	48
775822	48
775823	48
775829	48
775832	48
775833	48
775839	48
775848	48
775849	48
775852	48
775858	48
775861	48
775863	48
775866	48
775867	48
775869	48
1584483	48
1584485	48
1584497	48
36328	44
36333	44
36336	44
36341	44
169215	44
169216	44
169218	44
169219	44
169220	44
409851	44
409860	44
409861	44
409864	44
409878	44
409879	44
409883	44
409897	44
409906	44
409913	44
409917	44
409926	44
409942	44
409944	44
409945	44
586831	44
586833	44
586843	44
1165865	44
1165872	44
1165875	44
1165877	44
1165899	44
1165914	44
1165948	44
1165950	44
1165954	44
1165959	44
1165961	44
1165979	44
1165986	44
1165989	44
1165991	44
1166000	44
1166004	44
1166012	44
1166013	44
1166029	44
1166034	44
1166083	44
1166088	44
1166090	44
1166099	44
1166102	44
1166103	44
1166107	44
1166110	44
1166115	44
1166116	44
1166121	44
1166131	44
1166145	44
1166158	44
1166161	44
1166182	44
1166189	44
1166196	44
1166197	44
1166204	44
1166206	44
1166215	44
1615611	44
1615616	44
1615629	44
372002	42
372004	42
372005	42
372008	42
372009	42
372010	42
372011	42
372016	42
372018	42
372019	42
552810	42
580399	42
580403	42
580406	42
580411	42
1053100	42
1053103	42
1053113	42
1053116	42
1053126	42
1053135	42
1053138	42
1053139	42
1053140	42
1053142	42
1053146	42
1053147	42
1053149	42
1053155	42
1053156	42
1053157	42
1053159	42
1053166	42
1053175	42
1053186	42
1053187	42
1053189	42
1053193	42
1053194	42
1053204	42
1053211	42
1053215	42
1053216	42
1053218	42
1053220	42
1053222	42
1053223	42
1053227	42
1053231	42
1053234	42
1053235	42
1053236	42
1053243	42
1053252	42
1053253	42
1053256	42
1053265	42
1053267	42
1606493	42
1606497	42
1606498	42
1606499	42
1606504	42
81377	23
268018	23
268019	23
268026	23
268032	23
268034	23
268037	23
268047	23
268048	23
268056	23
268061	23
268064	23
565217	23
565219	23
565220	23
747343	23
747348	23
747350	23
747351	23
747353	23
747357	23
747358	23
747364	23
747369	23
747370	23
747378	23
747379	23
747381	23
747391	23
747392	23
747402	23
747407	23
747409	23
747410	23
747418	23
747421	23
747423	23
747424	23
747430	23
747438	23
747439	23
747440	23
747441	23
1582388	23
59299	2
59301	2
59303	2
431592	2
431593	2
431595	2
431596	2
431598	2
431599	2
431608	2
431610	2
431611	2
431612	2
431614	2
431616	2
431617	2
431620	2
431621	2
431634	2
431636	2
431637	2
431639	2
431640	2
431641	2
431644	2
431655	2
431657	2
431660	2
431662	2
431664	2
431666	2
431669	2
431670	2
431673	2
431674	2
431675	2
431678	2
431679	2
431680	2
431686	2
431687	2
431694	2
431695	2
431699	2
431700	2
431701	2
431702	2
431706	2
431707	2
431719	2
431720	2
558838	2
589336	2
589337	2
589338	2
589340	2
589341	2
589345	2
1228391	2
1228395	2
1228396	2
1228397	2
1228398	2
1228399	2
1228401	2
1228403	2
1228407	2
1228408	2
1228413	2
1228419	2
1228420	2
1228422	2
1228426	2
1228427	2
1228428	2
1228432	2
1228433	2
1228434	2
1228435	2
1228436	2
1228437	2
1228440	2
1228441	2
1228451	2
1228454	2
1228455	2
1228458	2
1228461	2
1228462	2
1228464	2
1228466	2
1228470	2
1228472	2
1228473	2
1228475	2
1228478	2
1228479	2
1228480	2
1228482	2
1228495	2
1228496	2
1228498	2
1228499	2
1228501	2
1228502	2
1228503	2
1228504	2
1228506	2
1228512	2
1228513	2
1228515	2
1228519	2
1228522	2
1228524	2
1228525	2
1228528	2
1228531	2
1228535	2
1228536	2
1228537	2
1228539	2
1228542	2
1228547	2
1228550	2
1228551	2
1228553	2
1228555	2
1228558	2
1228564	2
1228567	2
1228569	2
1228571	2
1228572	2
1228575	2
1228576	2
1228578	2
1228580	2
1228584	2
1228589	2
1228590	2
1228593	2
1228594	2
1228598	2
1228602	2
1228604	2
1228606	2
1228607	2
1228608	2
1228612	2
1228613	2
1228615	2
1228618	2
1228619	2
1228627	2
1228628	2
1228629	2
1228631	2
1620176	2
33613	6
33616	6
33618	6
33621	6
33627	6
33638	6
33640	6
33641	6
33642	6
61452	6
61453	6
163068	6
163069	6
163071	6
163072	6
163080	6
163081	6
163082	6
163084	6
163086	6
163094	6
163095	6
163096	6
163102	6
163105	6
163106	6
163114	6
163116	6
340201	6
340202	6
340203	6
340204	6
340205	6
340206	6
340207	6
340208	6
340210	6
340212	6
340213	6
340214	6
340216	6
340223	6
340224	6
340225	6
340228	6
340229	6
340233	6
340236	6
340237	6
340239	6
340241	6
552190	6
576432	6
576433	6
576434	6
576435	6
576436	6
959252	6
959254	6
959257	6
959258	6
959259	6
959260	6
959262	6
959265	6
959266	6
959267	6
959269	6
959270	6
959272	6
959273	6
959276	6
959277	6
959278	6
959279	6
959280	6
959282	6
959286	6
959287	6
959288	6
959289	6
959290	6
959291	6
959294	6
959297	6
959298	6
959301	6
959304	6
959305	6
959308	6
959309	6
959311	6
959312	6
959313	6
959315	6
959316	6
959317	6
959318	6
959319	6
959320	6
959321	6
959324	6
959328	6
959330	6
959333	6
959336	6
959338	6
959344	6
959345	6
959346	6
959349	6
959353	6
959354	6
959366	6
959371	6
959373	6
959376	6
959377	6
959379	6
959380	6
959381	6
959387	6
959389	6
959390	6
959391	6
959393	6
959394	6
959396	6
959398	6
959401	6
959402	6
959404	6
959405	6
959406	6
959407	6
959408	6
959412	6
959416	6
959422	6
959424	6
1599357	6
1599359	6
1599362	6
1599364	6
1599368	6
1599369	6
59556	60
59557	60
209801	60
436692	59
436694	60
436696	61
436697	59
436698	60
436700	60
436702	60
436703	60
436706	61
436707	60
436708	60
436709	61
436711	60
436715	61
436716	61
436719	60
436720	60
436721	61
436723	60
436724	60
436726	60
436727	61
436729	61
436732	60
436736	60
436737	60
436738	61
436740	60
436743	60
436745	60
553836	61
589979	60
589981	60
589984	60
589985	60
1243709	60
1243710	60
1243712	60
1243714	60
1243716	60
1243718	61
1243719	61
1243721	61
1243722	60
1243723	60
1243724	60
1243726	60
1243727	59
1243730	60
1243731	61
1243732	60
1243733	60
1243734	60
1243735	59
1243737	60
1243739	60
1243740	60
1243741	60
1243742	61
1243743	60
1243744	60
1243747	61
1243748	59
1243749	61
1243750	60
1243751	60
1243755	60
1243756	60
1243757	60
1243758	59
1243759	61
1243761	60
1243762	61
1243763	60
1243764	61
1243765	60
1243766	60
1243767	60
1243768	60
1243769	60
1243770	60
1243771	61
1243774	60
1243776	60
1243778	59
1243779	60
1243780	59
1243781	60
1243782	61
1243784	61
1243786	60
1243788	60
1243789	60
1243790	61
1243792	60
1243795	60
1243796	60
1243797	60
1243800	60
1243801	60
1243802	59
1243803	61
1243804	60
1243805	60
1243806	60
1243808	60
1243809	60
1243810	60
1243811	60
1243813	60
1243814	61
1243816	60
1243817	60
1243822	60
1243823	60
1243824	60
1243825	60
1243826	60
1243827	61
1243828	60
1243831	60
1243832	60
1243833	61
1243834	60
1243835	59
1243836	60
1243840	60
1243841	60
1243842	59
1243843	61
1243844	60
1243846	60
1243848	61
1243850	60
1243854	60
1243859	61
1243861	61
1243862	60
1243863	60
1243865	60
1243866	61
1243867	60
1621379	60
1621380	61
293910	8
293913	8
293914	8
293917	8
293918	8
293921	8
293922	8
293924	8
293925	8
293930	8
293931	8
293932	8
293933	8
293935	8
293937	8
293938	8
293939	8
293940	8
293941	8
293944	8
293945	8
293946	8
293948	8
293949	8
293950	8
293958	8
293959	8
293963	8
293965	8
293966	8
293967	8
293968	8
293969	8
293972	8
293973	8
293978	8
293979	8
293980	8
293982	8
568698	8
568699	8
568700	8
568701	8
568704	8
822196	8
822199	8
822200	8
822201	8
822202	8
822203	8
822204	8
822205	8
822206	8
822209	8
822210	8
822212	8
822214	8
822215	8
822216	8
822217	8
822218	8
822219	8
822220	8
822221	8
822224	8
822225	8
822226	8
822228	8
822231	8
822232	8
822233	8
822236	8
822238	8
822244	8
822249	8
822251	8
822253	8
822255	8
822258	8
822264	8
822265	8
822266	8
822267	8
822268	8
822269	8
822270	8
822272	8
822275	8
822276	8
822278	8
822280	8
822281	8
822284	8
822285	8
822286	8
822289	8
822292	8
822294	8
822297	8
822299	8
822302	8
822303	8
822305	8
822306	8
822308	8
822309	8
822312	8
822314	8
822315	8
822316	8
822318	8
822320	8
822323	8
822328	8
822331	8
822332	8
822336	8
822344	8
822347	8
822349	8
822351	8
822353	8
822356	8
822358	8
822359	8
822360	8
822366	8
822367	8
822369	8
822372	8
822375	8
822380	8
822383	8
822386	8
822391	8
822392	8
822393	8
822394	8
822398	8
822399	8
822401	8
822402	8
822403	8
822407	8
822408	8
822412	8
822416	8
822417	8
822419	8
822421	8
1587902	8
1587905	8
1587909	8
1587915	8
1587921	8
1587923	8
498420	32
498421	32
498422	32
498423	32
498424	32
498425	32
498426	32
498427	32
498428	32
498429	32
498430	32
498431	32
498432	32
498433	32
498434	32
498435	32
498436	32
498437	32
498438	32
498439	32
498440	32
498441	32
498442	32
498443	32
498444	32
498445	32
498446	32
498447	32
498448	32
498449	32
498450	32
498451	32
498452	32
498453	32
498454	32
498455	32
498456	32
498457	32
498458	32
498459	32
498460	32
498461	32
498462	32
498463	32
498464	32
555167	32
598617	32
598618	32
598620	32
598621	32
598622	32
598623	32
598624	32
598625	32
598626	32
598627	32
598628	32
1424547	32
1424548	32
1424549	32
1424550	32
1424551	32
1424552	32
1424553	32
1424554	32
1424556	32
1424557	32
1424558	32
1424559	32
1424560	32
1424561	32
1424562	32
1424563	32
1424564	32
1424565	32
1424566	32
1424567	32
1424568	32
1424569	32
1424570	32
1424571	32
1424572	32
1424573	32
1424574	32
1424575	32
1424576	32
1424577	32
1424578	32
1424579	32
1424580	32
1424581	32
1424582	32
1424583	32
1424584	32
1424585	32
1424586	32
1424587	32
1424588	32
1424589	32
1424590	32
1424591	32
1424592	32
1424593	32
1424594	32
1424595	32
1424596	32
1424598	32
1424599	32
1424600	32
1424601	32
1424602	32
1424603	32
1424604	32
1424605	32
1424606	32
1424607	32
1424608	32
1424610	32
1424611	32
1424612	32
1424613	32
1424614	32
1424615	32
1424616	32
1424617	32
1424618	32
1424619	32
1424621	32
1424622	32
1424623	32
1424624	32
1424625	32
1424626	32
1424627	32
1424628	32
1424629	32
1424630	32
1424631	32
1424632	32
1424633	32
1424634	32
1424635	32
1424636	32
1424637	32
1424638	32
1424639	32
1424640	32
1424641	32
1424642	32
1424643	32
1424644	32
1424645	32
1424647	32
1424649	32
1424650	32
1424651	32
1424652	32
1424654	32
1424655	32
1424656	32
1424657	32
1424658	32
1424659	32
1424660	32
1424661	32
1424663	32
1424664	32
1424665	32
1424666	32
1424667	32
1424668	32
1424669	32
1424670	32
1424671	32
1424672	32
1424673	32
1634984	32
1634985	32
1634987	32
1634988	32
1634989	32
1634990	32
1634991	32
1634992	32
1634993	32
1634994	32
1634995	32
1634996	32
1634997	32
1634998	32
1634999	32
1635000	32
59575	31
59576	31
59577	31
59578	31
59579	31
59580	31
209807	31
316808	31
316809	31
316810	31
316811	31
316812	31
316813	31
316814	31
316815	31
316816	31
316817	31
316818	31
316819	31
316820	31
316821	31
316822	31
316823	31
316824	31
316825	31
316826	31
316827	31
316828	31
316829	31
316830	31
316831	31
316832	31
316833	31
316834	31
316835	31
316836	31
316837	31
316838	31
316839	31
316840	31
316841	31
316842	31
316843	31
316844	31
316845	31
316846	31
316847	31
316848	31
316849	31
316850	31
316851	31
316852	31
316853	31
316854	31
316855	31
316856	31
316858	31
316859	31
316860	31
316861	31
316862	31
316863	31
316865	31
316866	31
316867	31
316868	31
316869	31
316870	31
316871	31
316872	31
316873	31
316874	31
316875	31
316876	31
572824	31
572825	31
572826	31
572827	31
572828	31
572829	31
572830	31
572831	31
572832	31
889347	31
889348	31
889349	31
889350	31
889351	31
889352	31
889353	31
889354	31
889355	31
889356	31
889357	31
889358	31
889359	31
889360	31
889361	31
889362	31
889363	31
889364	31
889365	31
889366	31
889367	31
889368	31
889369	31
889370	31
889371	31
889372	31
889373	31
889374	31
889375	31
889376	31
889377	31
889378	31
889379	31
889380	31
889381	31
889382	31
889383	31
889385	31
889386	31
889387	31
889388	31
889389	31
889390	31
889391	31
889392	31
889393	31
889394	31
889395	31
889396	31
889397	31
889398	31
889399	31
889400	31
889401	31
889402	31
889404	31
889405	31
889406	31
889407	31
889408	31
889410	31
889411	31
889412	31
889413	31
889414	31
889415	31
889416	31
889418	31
889420	31
889421	31
889422	31
889424	31
889425	31
889427	31
889428	31
889429	31
889430	31
889431	31
889432	31
889433	31
889434	31
889436	31
889437	31
889440	31
889441	31
889442	31
889443	31
889444	31
889445	31
889446	31
889447	31
889448	31
889449	31
889450	31
889452	31
889453	31
889454	31
889455	31
889456	31
889457	31
889458	31
889459	31
889461	31
889462	31
889463	31
889464	31
889465	31
889466	31
889467	31
889468	31
889469	31
889470	31
889471	31
889472	31
889473	31
889474	31
889475	31
889476	31
889477	31
889478	31
889480	31
889481	31
889482	31
889483	31
889484	31
889485	31
889486	31
889487	31
889488	31
889489	31
889490	31
889491	31
889493	31
889494	31
889495	31
889497	31
889498	31
889499	31
889500	31
889501	31
889503	31
889504	31
889505	31
1593372	31
1593373	31
1593374	31
1593375	31
1593376	31
1593377	31
1593378	31
1593379	31
1593380	31
1593381	31
1593382	31
330139	33
330140	33
330141	33
330142	33
330143	33
330144	33
330145	33
330146	33
330147	33
330148	33
330149	33
330150	33
330151	33
330152	33
330153	33
330154	33
330155	33
330156	33
330157	33
330158	33
330159	33
330160	33
330161	33
330162	33
330163	33
330164	33
330165	33
330166	33
330167	33
330168	33
330169	33
330170	33
330171	33
330172	33
330173	33
330174	33
330175	33
330177	33
330178	33
330179	33
330180	33
330181	33
330182	33
330183	33
330184	33
330185	33
330186	33
330187	33
551967	33
574829	33
574831	33
574832	33
574833	33
574834	33
929239	33
929240	33
929241	33
929242	33
929243	33
929244	33
929245	33
929246	33
929247	33
929248	33
929249	33
929250	33
929252	33
929253	33
929254	33
929255	33
929256	33
929257	33
929258	33
929259	33
929261	33
929262	33
929263	33
929264	33
929265	33
929267	33
929268	33
929269	33
929270	33
929271	33
929272	33
929273	33
929274	33
929275	33
929276	33
929277	33
929278	33
929279	33
929280	33
929281	33
929282	33
929284	33
929285	33
929286	33
929287	33
929289	33
929290	33
929291	33
929292	33
929293	33
929294	33
929295	33
929296	33
929297	33
929298	33
929299	33
929300	33
929301	33
929302	33
929303	33
929304	33
929305	33
929306	33
929307	33
929308	33
929309	33
929310	33
929311	33
929312	33
929313	33
929314	33
929316	33
929317	33
929318	33
929319	33
929320	33
929321	33
929322	33
929323	33
929324	33
929325	33
929326	33
929327	33
929328	33
929329	33
929330	33
929331	33
929332	33
929333	33
929334	33
929335	33
929336	33
929337	33
929338	33
929339	33
929340	33
929341	33
929342	33
929343	33
929344	33
929345	33
929346	33
929347	33
929348	33
929349	33
929350	33
929351	33
929352	33
929353	33
929354	33
929355	33
929356	33
929357	33
929358	33
929359	33
929360	33
929361	33
929363	33
929364	33
929365	33
929366	33
929367	33
929369	33
929370	33
929371	33
929372	33
929373	33
929374	33
929375	33
929376	33
929377	33
929378	33
929380	33
1596810	33
1596811	33
1596812	33
1596813	33
1596814	33
1596815	33
1596816	33
1596817	33
1596818	33
1596819	33
59355	40
307420	40
307421	40
307422	40
307423	40
307424	40
307425	40
307426	40
307427	40
307428	40
307429	40
307430	40
307431	40
307432	40
307433	40
307434	40
307435	40
307436	40
307437	40
307438	40
307439	40
307440	40
307441	40
307442	40
307443	40
307444	40
307445	40
307446	40
307447	40
307448	40
307449	40
307450	40
307451	40
307452	40
307453	40
307454	40
307455	40
307456	40
307457	40
307458	40
307459	40
307460	40
307461	40
307462	40
307463	40
551458	40
551459	40
551460	40
570837	40
570838	40
570839	40
570840	40
570841	40
570842	40
570843	40
859934	40
859935	40
859936	40
859937	40
859938	40
859939	40
859940	40
859941	40
859942	40
859943	40
859944	40
859945	40
859946	40
859947	40
859948	40
859949	40
859950	40
859951	40
859952	40
859953	40
859954	40
859955	40
859956	40
859957	40
859958	40
859959	40
859960	40
859961	40
859962	40
859963	40
859964	40
859965	40
859966	40
859967	40
859968	40
859969	40
859970	40
859971	40
859972	40
859973	40
859974	40
859975	40
859976	40
859977	40
859978	40
859979	40
859980	40
859981	40
859982	40
859983	40
859984	40
859985	40
859986	40
859987	40
859988	40
859989	40
859990	40
859991	40
859992	40
859993	40
859994	40
859995	40
859996	40
859997	40
859998	40
859999	40
860000	40
860001	40
860002	40
860003	40
860004	40
860005	40
860006	40
860007	40
860008	40
860009	40
860010	40
860011	40
860012	40
860013	40
860014	40
860015	40
860016	40
860017	40
860018	40
860019	40
860020	40
860021	40
860022	40
860023	40
860024	40
860025	40
860026	40
860027	40
860028	40
860029	40
860030	40
860031	40
860032	40
860033	40
860034	40
860035	40
860036	40
860037	40
860038	40
860039	40
860040	40
860041	40
860042	40
860043	40
860044	40
860045	40
860046	40
860047	40
860048	40
860049	40
860050	40
860051	40
860052	40
860053	40
860054	40
860055	40
860056	40
860057	40
860058	40
860059	40
860060	40
860061	40
860062	40
860063	40
860064	40
860065	40
860066	40
860067	40
860068	40
860069	40
860070	40
860071	40
860072	40
860073	40
860074	40
860075	40
860076	40
860077	40
860078	40
860079	40
860080	40
860081	40
860082	40
860083	40
860084	40
860085	40
860086	40
860087	40
860088	40
860089	40
860090	40
860091	40
860092	40
860093	40
860094	40
860095	40
860096	40
1590728	40
1590729	40
1590730	40
1590731	40
1590732	40
1590733	40
1590734	40
1590735	40
1590736	40
1590737	40
1590738	40
1590739	40
1590740	40
1590741	40
459084	29
459085	29
459086	29
459093	29
459094	29
459095	29
459102	29
459103	29
459105	29
459107	29
459115	29
459116	29
459120	29
459124	29
459126	29
459128	29
459129	29
459130	29
459135	29
459137	29
459138	29
459139	29
459144	29
459155	29
459156	29
459159	29
459164	29
459165	29
459166	29
459167	29
459169	29
459172	29
459173	29
459174	29
459175	29
459177	29
459178	29
459180	29
459181	29
459182	29
459184	29
459188	29
459191	29
459196	29
459198	29
459201	29
459202	29
459203	29
459205	29
554253	29
554257	29
557451	29
593070	29
593071	29
593075	29
593079	29
593083	29
593087	29
1309443	29
1309445	29
1309449	29
1309451	29
1309452	29
1309454	29
1309455	29
1309458	29
1309460	29
1309461	29
1309463	29
1309465	29
1309466	29
1309468	29
1309469	29
1309473	29
1309475	29
1309476	29
1309477	29
1309478	29
1309479	29
1309480	29
1309485	29
1309487	29
1309489	29
1309490	29
1309492	29
1309494	29
1309495	29
1309497	29
1309498	29
1309505	29
1309507	29
1309512	29
1309519	29
1309526	29
1309527	29
1309529	29
1309530	29
1309533	29
1309534	29
1309536	29
1309537	29
1309538	29
1309541	29
1309543	29
1309544	29
1309545	29
1309549	29
1309552	29
1309556	29
1309559	29
1309561	29
1309563	29
1309564	29
1309566	29
1309568	29
1309576	29
1309579	29
1309580	29
1309582	29
1309583	29
1309584	29
1309586	29
1309590	29
1309591	29
1309592	29
1309596	29
1309598	29
1309600	29
1309601	29
1309603	29
1309604	29
1309605	29
1309607	29
1309608	29
1309611	29
1309612	29
1309616	29
1309623	29
1309627	29
1309629	29
1309631	29
1309632	29
1309633	29
1309636	29
1309637	29
1309639	29
1309640	29
1309641	29
1309642	29
1309647	29
1309648	29
1309649	29
1309656	29
1309659	29
1309664	29
1309668	29
1309669	29
1309670	29
1309671	29
1309673	29
1309674	29
1309675	29
1309676	29
1309678	29
1309682	29
1309683	29
1309686	29
1309694	29
1309696	29
1309697	29
1309703	29
1309704	29
1309705	29
1309712	29
1309713	29
1309719	29
1309720	29
1309722	29
1309724	29
1309728	29
1309730	29
1309731	29
1309736	29
1309737	29
1309738	29
1309739	29
1309742	29
1309745	29
1309750	29
1309752	29
1309754	29
1309757	29
1309760	29
1309764	29
1309765	29
1309766	29
1309769	29
1309770	29
1309771	29
1309772	29
1309779	29
1309780	29
1309782	29
1309783	29
1309784	29
1309785	29
1309787	29
1309790	29
1309791	29
1309792	29
1309796	29
1309797	29
1309804	29
1309805	29
1309807	29
1309808	29
1309811	29
1309813	29
1309814	29
1309815	29
1309821	29
1309822	29
1309824	29
1309827	29
1309831	29
1309834	29
1309839	29
1309841	29
1309843	29
1309844	29
1309846	29
1309847	29
1309850	29
1309851	29
1309852	29
1309860	29
1309861	29
1309862	29
1309863	29
1309871	29
1309875	29
1309876	29
1309878	29
1309883	29
1309885	29
1309888	29
1309889	29
1309897	29
1309898	29
1309899	29
1309901	29
1309902	29
1309904	29
1309911	29
1309913	29
1309914	29
1309915	29
1309917	29
1309918	29
1309919	29
1309920	29
1309921	29
1309922	29
1309923	29
1309928	29
1309929	29
1309932	29
1626201	29
1626205	29
1626208	29
1626210	29
1626221	29
1626222	29
1626223	29
1626226	29
1626229	29
1626230	29
1626236	29
1626237	29
1626239	29
1626242	29
1626243	29
1626245	29
1626249	29
1626250	29
1626260	29
1626263	29
1626264	29
1626268	29
53260	58
81071	58
202900	58
353505	58
353515	58
578100	58
578103	58
578104	58
578106	58
997994	58
998006	58
998021	58
998025	58
998027	58
998030	58
998031	58
998048	58
998057	58
998058	58
998060	58
998064	58
998082	58
998094	58
998110	58
998113	58
998118	58
998125	58
1602374	58
1602383	58
48104	15
48105	15
48108	15
62022	15
194486	15
194487	15
194488	15
194489	15
194490	15
194491	15
194492	15
194493	15
194494	15
194495	15
194496	15
194497	15
194498	15
194499	15
194500	15
194501	15
194502	15
194503	15
194504	15
194505	15
194506	15
194507	15
194508	15
194509	15
194510	15
194511	15
194512	15
194513	15
194514	15
194515	15
194516	15
219907	15
234364	15
234365	15
234371	15
234373	15
234375	15
234378	15
234379	15
234380	15
234385	15
234388	15
234390	15
234392	15
234393	15
234394	15
234395	15
234396	15
558158	15
561292	15
561295	15
561296	15
561299	15
561300	15
647367	15
647368	15
647369	15
647370	15
647371	15
647372	15
647375	15
647376	15
647378	15
647385	15
647389	15
647390	15
647391	15
647392	15
647393	15
647396	15
647397	15
647399	15
647401	15
647404	15
647407	15
647409	15
647412	15
647413	15
647414	15
647417	15
647421	15
647422	15
647423	15
647426	15
647428	15
647429	15
647432	15
647433	15
647435	15
647437	15
647438	15
647439	15
647441	15
647447	15
647448	15
647453	15
647456	15
647458	15
647461	15
647462	15
647465	15
647467	15
647469	15
647471	15
647473	15
647475	15
647476	15
647480	15
647482	15
1574947	15
1574949	15
59645	17
59646	17
447861	17
447862	17
447863	17
447864	17
447865	17
447866	17
447867	17
447868	17
447869	17
447870	17
447871	17
447872	17
447873	17
447874	17
447875	17
447876	17
447877	17
447878	17
447879	17
447880	17
447881	17
447882	17
447883	17
447884	17
447885	17
447886	17
447887	17
447888	17
447889	17
447890	17
447891	17
447892	17
447893	17
447894	17
447895	17
447896	17
447897	17
447898	17
447899	17
447900	17
447901	17
447902	17
554014	17
554015	17
554016	17
554017	17
554018	17
591122	17
591123	17
591124	17
591125	17
591126	17
1277017	17
1277018	17
1277019	17
1277020	17
1277021	17
1277022	17
1277023	17
1277024	17
1277025	17
1277026	17
1277027	17
1277028	17
1277029	17
1277030	17
1277031	17
1277032	17
1277033	17
1277034	17
1277035	17
1277036	17
1277037	17
1277038	17
1277039	17
1277040	17
1277041	17
1277042	17
1277043	17
1277044	17
1277045	17
1277046	17
1277047	17
1277048	17
1277049	17
1277050	17
1277051	17
1277052	17
1277053	17
1277054	17
1277055	17
1277056	17
1277057	17
1277058	17
1277059	17
1277060	17
1277061	17
1277062	17
1277063	17
1277064	17
1277065	17
1277066	17
1277067	17
1277068	17
1277069	17
1277070	17
1277071	17
1277072	17
1277073	17
1277074	17
1277075	17
1277076	17
1277077	17
1277078	17
1277079	17
1277080	17
1277081	17
1277082	17
1277083	17
1277084	17
1277085	17
1277086	17
1277087	17
1277088	17
1277089	17
1277090	17
1277091	17
1277092	17
1277093	17
1277094	17
1277095	17
1277096	17
1277097	17
1277098	17
1277099	17
1277100	17
1277101	17
1277102	17
1277103	17
1277104	17
1277105	17
1277106	17
1277107	17
1277108	17
1277109	17
1277110	17
1277111	17
1277112	17
1277113	17
1277114	17
1277115	17
1277116	17
1277117	17
1277118	17
1277119	17
1277120	17
1277121	17
1277122	17
1277123	17
1277124	17
1277125	17
1277126	17
1277127	17
1277128	17
1277129	17
1277130	17
1277131	17
1277132	17
1277133	17
1277134	17
1277135	17
1277136	17
1277137	17
1277138	17
1277139	17
1277140	17
1277141	17
1277142	17
1277143	17
1277144	17
1277145	17
1277146	17
1277147	17
1277148	17
1277149	17
1277150	17
1623863	17
1623864	17
1623865	17
1623866	17
1623867	17
1623868	17
1623869	17
1623870	17
1623871	17
1623872	17
315264	3
315266	3
315270	3
315272	3
315279	3
315283	3
315284	3
315286	3
551681	3
572673	3
572676	3
572680	3
884693	3
884696	3
884698	3
884699	3
884700	3
884702	3
884705	3
884714	3
884716	3
884724	3
884728	3
884730	3
884733	3
884734	3
884748	3
884750	3
884752	3
884753	3
884754	3
884755	3
884757	3
884761	3
884764	3
884765	3
884766	3
884768	3
884769	3
884770	3
884771	3
884772	3
884773	3
884774	3
884780	3
884781	3
884782	3
884784	3
884785	3
884789	3
884796	3
884799	3
884803	3
1593082	3
1593086	3
281964	12
281967	12
281968	12
281969	12
281970	12
281972	12
281973	12
281974	12
281975	12
281980	12
281981	12
281982	12
281987	12
281989	12
281990	12
281994	12
281996	12
281997	12
281999	12
282000	12
282001	12
282002	12
282005	12
282009	12
282010	12
282011	12
282013	12
282016	12
282017	12
282021	12
282022	12
282024	12
282029	12
282030	12
282031	12
282032	12
282034	12
282035	12
282039	12
282041	12
282042	12
282043	12
567371	12
567374	12
567376	12
567377	12
788494	12
788495	12
788496	12
788497	12
788500	12
788501	12
788502	12
788503	12
788505	12
788506	12
788507	12
788508	12
788509	12
788511	12
788516	12
788518	12
788519	12
788520	12
788523	12
788524	12
788525	12
788527	12
788530	12
788531	12
788534	12
788535	12
788537	12
788541	12
788545	12
788547	12
788548	12
788553	12
788557	12
788558	12
788559	12
788560	12
788561	12
788562	12
788563	12
788564	12
788565	12
788566	12
788567	12
788570	12
788571	12
788572	12
788573	12
788575	12
788577	12
788578	12
788581	12
788582	12
788584	12
788585	12
788586	12
788588	12
788593	12
788597	12
788600	12
788601	12
788602	12
788603	12
788604	12
788607	12
788608	12
788611	12
788613	12
788615	12
788617	12
788618	12
788619	12
788621	12
788622	12
788623	12
788626	12
788630	12
788632	12
788635	12
788636	12
788637	12
788638	12
788642	12
788644	12
788648	12
788649	12
788654	12
788655	12
788656	12
788659	12
788660	12
788661	12
788664	12
788665	12
788666	12
788667	12
788669	12
788670	12
788671	12
788673	12
788676	12
1585540	12
1585541	12
1585547	12
1585548	12
33610	56
61451	56
76373	56
76374	56
76375	56
76376	56
76377	56
76378	56
76379	56
76380	56
163065	56
163066	56
163067	56
382667	56
382668	56
382669	56
382670	56
382671	56
382672	56
382673	56
382674	56
382675	56
382676	56
382677	56
382678	56
382679	56
382680	56
382681	56
382682	56
382683	56
382684	56
382685	56
382686	56
382687	56
382688	56
382689	56
382690	56
382691	56
382692	56
382693	56
382694	56
552962	56
552963	56
552964	56
552965	56
552966	56
552967	56
557107	56
557108	56
557109	56
557110	56
557111	56
558742	56
581666	56
581667	56
581668	56
581669	56
581670	56
581671	56
581672	56
581673	56
581674	56
581675	56
581676	56
581677	56
581678	56
581679	56
581680	56
581681	56
581682	56
581683	56
581684	56
581685	56
581686	56
581687	56
581688	56
581689	56
581690	56
581691	56
581692	56
581693	56
581694	56
581695	56
581696	56
581697	56
581698	56
581699	56
581700	56
581701	56
581702	56
581703	56
581704	56
581705	56
581706	56
581707	56
581708	56
581709	56
581710	56
581711	56
581712	56
581713	56
581714	56
581715	56
581716	56
581717	56
581718	56
581719	56
581720	56
581721	56
581722	56
581723	56
581724	56
581725	56
581726	56
581727	56
581728	56
581729	56
581730	56
581731	56
581732	56
581733	56
581734	56
581735	56
581736	56
581737	56
581738	56
581739	56
581740	56
581741	56
581742	56
581743	56
581744	56
581745	56
581746	56
581747	56
581748	56
581749	56
581750	56
581751	56
581752	56
581753	56
581754	56
581755	56
581756	56
581757	56
581758	56
581759	56
581760	56
581761	56
581762	56
581763	56
581764	56
606726	56
606727	56
1084332	56
1084333	56
1084334	56
1084335	56
1084336	56
1084337	56
1084338	56
1084339	56
1084340	56
1084341	56
1084342	56
1084343	56
1084344	56
1084345	56
1084346	56
1084347	56
1084348	56
1084349	56
1084350	56
1084351	56
1084352	56
1084353	56
1084354	56
1084355	56
1084356	56
1084357	56
1084358	56
1084359	56
1084360	56
1084361	56
1084362	56
1084363	56
1084364	56
1084365	56
1084366	56
1084367	56
1084368	56
1084369	56
1084370	56
1084371	56
1084372	56
1084373	56
1084374	56
1084375	56
1084376	56
1084377	56
1084378	56
1084379	56
1084380	56
1084381	56
1084382	56
1084383	56
1084384	56
1084385	56
1084386	56
1084387	56
1084388	56
1084389	56
1084390	56
1084391	56
1084392	56
1084393	56
1084394	56
1084395	56
1084396	56
1084397	56
1084398	56
1084399	56
1084400	56
1084401	56
1084402	56
1084403	56
1084404	56
1084405	56
1084406	56
1084407	56
1084408	56
1084409	56
1084410	56
1084411	56
1084412	56
1084413	56
1084414	56
1084415	56
1084416	56
1084417	56
1084418	56
1084419	56
1084420	56
1084421	56
1084422	56
1084423	56
1084424	56
1608942	56
1608943	56
1608944	56
1608945	56
1608946	56
1608947	56
1608948	56
