id_protein	id_mlo	id_rol	id_dataset	id_proteinmlo
2	3.0	3	1	2
9	3.0	1	1	14
12	4.0	2	3	21
16	2.0	1	1	25
17	2.0	1	1	26
18	3.0	1	1	27
18	4.0	2	2	28
18	4.0	2	3	29
18	3.0	2	2	30
18	4.0	1	1	31
19	3.0	3	1	32
19	4.0	3	1	33
20	3.0	1	1	34
23	3.0	1	1	37
25	1.0	2	2	39
25	1.0	1	1	40
31	4.0	2	2	46
32	14.0	2	3	47
33	5.0	1	1	48
34	3.0	1	1	49
37	1.0	1	1	55
41	5.0	1	1	59
41	2.0	1	1	60
42		3	2	61
43	1.0	1	1	62
43	3.0	1	1	63
43	1.0	2	2	64
45	4.0	2	2	66
45	4.0	1	1	67
45	2.0	1	1	68
46	2.0	1	1	69
47	4.0	2	3	70
47	4.0	3	1	71
48	2.0	1	1	72
50	2.0	1	1	75
51	2.0	1	1	76
52	1.0	1	1	77
54		3	2	79
55	6.0	2	3	80
55	18.0	1	1	81
57	2.0	1	1	83
59	3.0	1	1	85
60	2.0	1	1	86
61		3	2	87
62	2.0	1	1	88
64		3	2	95
64	2.0	1	1	96
66	12.0	1	1	100
66	4.0	2	2	101
69	2.0	1	1	110
71	3.0	3	1	112
72		3	2	113
72	1.0	1	1	114
74	5.0	1	1	116
76	2.0	1	1	118
78	2.0	1	1	120
81	2.0	1	1	126
82	5.0	1	1	127
83	2.0	1	1	128
86	1.0	1	1	134
86	1.0	2	2	135
86	1.0	2	3	136
87	4.0	1	1	137
87	1.0	1	1	138
87	11.0	1	1	139
87	1.0	2	2	140
87	4.0	2	2	141
87	1.0	2	3	142
88	2.0	4	1	143
88	50.0	2	4	144
88	10.0	4	1	145
88	1.0	4	1	146
88	4.0	4	1	147
88	3.0	4	1	148
88	21.0	4	5	149
88	1.0	2	2	150
88	3.0	2	4	151
88	4.0	2	2	152
88	3.0	2	2	153
89	4.0	1	1	154
91		3	2	156
92	1.0	1	1	157
94		3	2	161
94	1.0	1	1	162
96		3	2	166
97		3	2	167
98	2.0	1	1	168
98		3	2	169
99	3.0	3	1	170
103	3.0	3	1	175
104	2.0	1	1	176
105		3	2	177
108	5.0	1	1	180
108	2.0	1	1	181
109	3.0	1	1	182
109	2.0	1	1	183
110	2.0	1	1	184
112	1.0	1	1	186
112	2.0	1	1	187
114	3.0	2	4	189
115	3.0	1	1	190
116	4.0	1	1	191
116	3.0	1	1	192
120	8.0	3	1	199
120	11.0	3	1	200
120	3.0	3	1	201
120	1.0	2	3	202
120		3	2	203
121		3	2	204
121	5.0	1	1	205
122	2.0	1	1	206
123	2.0	1	1	207
124	1.0	2	2	208
124	1.0	1	1	209
126	3.0	2	2	211
126	3.0	1	1	212
126	4.0	1	1	213
127	1.0	1	1	214
128	2.0	1	1	215
133		3	2	221
134		3	2	222
134	2.0	1	1	223
136	3.0	3	1	226
136	2.0	3	1	227
138	5.0	1	1	229
140		3	2	231
140	2.0	1	1	232
142		3	2	234
142	2.0	1	1	235
143	10.0	1	1	236
143	8.0	1	1	237
143		3	2	238
143	5.0	1	1	239
144		3	2	240
144	2.0	3	1	241
144	3.0	3	1	242
145	2.0	1	1	243
147	10.0	4	1	245
147	1.0	4	1	246
147		2	4	247
147	1.0	2	2	248
147	3.0	4	1	249
147	3.0	2	2	250
147	4.0	2	2	251
148	6.0	4	1	252
148	10.0	4	1	253
148	1.0	4	1	254
148	2.0	4	1	255
148	5.0	4	1	256
148	7.0	4	1	257
148	11.0	4	1	258
148	1.0	2	2	259
149	3.0	3	1	260
149	2.0	3	1	261
150	2.0	1	1	262
151	5.0	1	1	263
152	2.0	1	1	264
153		3	2	265
156	6.0	2	3	268
157	1.0	2	3	269
158		3	2	270
160	5.0	1	1	274
161		3	2	275
161	3.0	1	1	276
161	3.0	2	2	277
163	5.0	1	1	280
166	12.0	1	1	283
167	5.0	1	1	284
170	1.0	1	1	291
170	3.0	1	1	292
170	1.0	2	2	293
170	5.0	1	1	294
173	1.0	1	1	301
173	1.0	2	2	302
174		2	4	303
174	8.0	4	1	304
175	1.0	1	1	305
177	1.0	1	1	307
182	2.0	1	1	319
184	2.0	1	1	327
185	1.0	1	1	328
186		3	2	329
187	3.0	3	1	330
188	3.0	3	1	331
188	2.0	3	1	332
189		3	2	333
191	3.0	1	1	335
191	1.0	1	1	336
192	7.0	1	1	337
194	5.0	1	1	339
200	3.0	1	1	349
201	2.0	1	1	350
202	2.0	1	1	351
204	1.0	1	1	355
204	1.0	2	2	356
205	7.0	1	1	357
205	2.0	1	1	358
206	3.0	3	1	359
208	5.0	1	1	362
209	3.0	1	1	363
209	6.0	2	3	364
209	5.0	1	1	365
209	6.0	1	1	366
212	2.0	1	1	369
213	1.0	2	4	370
216	1.0	1	1	376
216		3	2	377
216	1.0	2	2	378
217	1.0	2	2	379
217		3	2	380
217	1.0	1	1	381
218	1.0	1	1	382
218	2.0	1	1	383
221	8.0	1	1	387
221	3.0	1	1	388
225	2.0	1	1	393
227	3.0	2	2	395
227	3.0	1	1	396
227	5.0	1	1	397
228	4.0	2	2	398
233	3.0	3	1	407
233	5.0	3	1	408
234	9.0	2	4	409
234	4.0	2	2	410
234	13.0	2	2	411
234	1.0	2	2	412
234	1.0	1	1	413
234	4.0	1	1	414
234	3.0	1	1	415
235	1.0	1	1	416
235	1.0	2	2	417
235		3	2	418
238	2.0	1	1	421
239	3.0	1	1	422
239	3.0	2	2	423
241	8.0	1	1	428
242	9.0	1	1	429
242	9.0	2	2	430
244	2.0	1	1	432
245	2.0	1	1	433
246	3.0	3	1	434
248		3	2	436
249	2.0	1	1	437
250	3.0	3	1	438
251	26.0	2	4	439
251	47.0	4	5	440
251	46.0	4	5	441
251		2	4	442
251	10.0	4	1	443
252		3	2	444
252	5.0	1	1	445
255	5.0	1	1	448
255	2.0	1	1	449
256	1.0	1	1	450
257	2.0	1	1	451
258	1.0	2	2	452
258	1.0	1	1	453
260	18.0	1	1	459
260	34.0	2	4	460
262	2.0	1	1	467
265	2.0	1	1	471
265	13.0	2	2	472
267	8.0	3	1	475
267	4.0	3	1	476
270	31.0	4	5	488
270	55.0	4	5	489
270	6.0	2	4	490
270	10.0	4	1	491
270	23.0	4	5	492
271	2.0	1	1	493
274	3.0	1	1	498
274	2.0	1	1	499
277		3	2	503
277	1.0	2	3	504
278	1.0	1	1	505
280		3	2	507
281		3	2	508
282	1.0	1	1	509
282	3.0	1	1	510
284	1.0	1	1	512
285	2.0	1	1	513
289	5.0	1	1	519
290	4.0	2	2	520
290	4.0	1	1	521
290	1.0	1	1	522
290	1.0	2	2	523
293	1.0	1	1	527
293	2.0	1	1	528
294	1.0	2	2	529
294	1.0	1	1	530
295	1.0	1	1	531
295	1.0	2	2	532
298		3	2	536
299	5.0	1	1	537
300	2.0	1	1	538
301	14.0	2	3	539
302		3	2	540
302	2.0	1	1	541
303	3.0	1	1	542
303	2.0	1	1	543
303	4.0	1	1	544
303	3.0	2	2	545
304	5.0	1	1	546
305	5.0	1	1	547
306	9.0	2	4	548
307	2.0	1	1	549
309	26.0	4	5	551
309		2	4	552
309	8.0	4	1	553
309	41.0	4	5	554
309	26.0	2	4	555
309	10.0	4	1	556
309	44.0	4	5	557
310	3.0	1	1	558
311	1.0	2	2	559
311	13.0	2	2	560
311	4.0	1	1	561
311	3.0	2	2	562
311	3.0	1	1	563
311	1.0	1	1	564
311	4.0	2	2	565
311	2.0	1	1	566
315	2.0	1	1	575
315	1.0	1	1	576
316	2.0	1	1	577
320	5.0	1	1	581
320	3.0	1	1	582
320	2.0	1	1	583
324	3.0	3	1	589
326	4.0	1	1	591
326	4.0	2	2	592
329	2.0	1	1	596
330	1.0	3	1	597
330	3.0	2	3	598
330	1.0	2	2	599
330	3.0	3	1	600
331	8.0	3	1	601
331	3.0	3	1	602
331	1.0	2	2	603
331	11.0	2	4	604
331	1.0	3	1	605
331	1.0	2	4	606
332	1.0	1	1	607
332	1.0	2	2	608
332	3.0	1	1	609
333	2.0	1	1	610
337	58.0	4	5	616
337	10.0	4	1	617
337	22.0	2	4	618
337	36.0	4	5	619
337	23.0	4	5	620
339	3.0	1	1	623
340	7.0	2	3	624
340	5.0	1	1	625
341	1.0	2	3	626
342	2.0	1	1	627
343	2.0	1	1	628
344	2.0	1	1	629
345	2.0	1	1	630
346	5.0	1	1	631
346	2.0	1	1	632
347	2.0	1	1	633
347	1.0	1	1	634
348	12.0	1	1	635
350	2.0	1	1	637
352	1.0	2	3	642
352		3	2	643
354	5.0	1	1	648
355	1.0	1	1	649
355	2.0	1	1	650
356	2.0	1	1	651
357	4.0	1	1	652
357		3	2	653
357	4.0	2	2	654
357	3.0	1	1	655
358	9.0	2	4	656
359	4.0	1	1	657
359	3.0	1	1	658
359	4.0	2	2	659
360	2.0	1	1	660
361		3	2	661
362	2.0	1	1	662
365	5.0	1	1	668
366	2.0	1	1	669
370		3	2	679
371		3	2	680
372		3	2	681
373	2.0	1	1	682
374		3	2	683
375	1.0	1	1	684
377	10.0	3	1	690
377	3.0	3	1	691
378	2.0	1	1	692
380	1.0	1	1	696
380	2.0	1	1	697
382	2.0	1	1	699
382	5.0	1	1	700
383	3.0	2	2	701
383	3.0	1	1	702
384	1.0	1	1	703
385	12.0	1	1	704
385	1.0	1	1	705
387	2.0	1	1	707
388	1.0	1	1	708
388	2.0	1	1	709
390	5.0	1	1	713
391	2.0	1	1	714
394	18.0	1	1	720
395	1.0	2	2	721
395	3.0	1	1	722
395	1.0	1	1	723
396	4.0	2	2	724
396	6.0	1	1	725
396	4.0	1	1	726
397	3.0	2	2	727
397	4.0	3	1	728
397	3.0	3	1	729
400	2.0	3	1	733
400	3.0	3	1	734
403	2.0	1	1	737
404	3.0	1	1	738
404	4.0	1	1	739
405	5.0	1	1	740
407	12.0	1	1	743
408	1.0	1	1	744
408	1.0	2	2	745
408	6.0	1	1	746
409	5.0	1	1	747
411		3	2	752
412	1.0	1	1	753
412	1.0	2	2	754
413	1.0	1	1	755
414	2.0	1	1	756
415		3	2	757
417	2.0	1	1	759
418	43.0	2	4	760
421	3.0	3	1	766
421	3.0	2	2	767
423	2.0	1	1	770
424		3	2	771
425		3	2	772
426	3.0	1	1	773
426	3.0	2	2	774
428	2.0	1	1	776
429	2.0	1	1	777
431		3	2	779
432		3	2	780
432	7.0	2	3	781
432	6.0	2	4	782
433	10.0	4	1	783
433	7.0	4	1	784
433	7.0	2	3	785
433	6.0	2	4	786
434	6.0	1	1	787
434	1.0	1	1	788
440	1.0	1	1	798
442	2.0	1	1	800
446	2.0	1	1	808
447	6.0	3	1	809
447	2.0	3	1	810
448	2.0	1	1	811
450	2.0	1	1	813
453		3	2	817
454	1.0	2	2	818
454	3.0	3	1	819
454	1.0	3	1	820
455	5.0	1	1	821
457		3	2	823
458	2.0	1	1	824
461	1.0	1	1	827
462		3	2	828
463	1.0	1	1	829
465	2.0	1	1	832
468	2.0	1	1	835
469	2.0	1	1	836
469	4.0	1	1	837
469	4.0	2	2	838
470	2.0	1	1	839
471	2.0	1	1	840
472	2.0	1	1	841
473	7.0	3	1	842
474	2.0	1	1	843
475	2.0	1	1	844
476	11.0	2	3	845
477	2.0	1	1	846
478	2.0	1	1	847
479	28.0	1	1	848
481	2.0	1	1	850
485	2.0	1	1	854
486	5.0	1	1	855
487	1.0	1	1	856
487	1.0	2	2	857
488	5.0	1	1	858
490		3	2	860
490	2.0	1	1	861
492	2.0	1	1	863
494	2.0	1	1	865
495	2.0	1	1	866
498		3	2	870
498	2.0	1	1	871
500	2.0	1	1	874
501	2.0	1	1	875
502	2.0	1	1	876
503	3.0	1	1	877
503	3.0	2	2	878
505		3	2	880
506	1.0	2	2	881
506	1.0	1	1	882
507	3.0	3	1	883
507	5.0	3	1	884
509		3	2	887
513	2.0	1	1	896
513	3.0	1	1	897
514	1.0	2	2	898
514	3.0	2	2	899
514	1.0	1	1	900
514	3.0	1	1	901
514	11.0	2	4	902
514	1.0	2	4	903
517	2.0	1	1	907
518	1.0	2	2	908
518	11.0	1	1	909
518	1.0	1	1	910
519	5.0	1	1	911
519	49.0	2	4	912
521	3.0	3	1	916
524	5.0	1	1	920
527	5.0	1	1	925
528	2.0	1	1	926
534	3.0	1	1	935
536	2.0	3	1	940
536	3.0	3	1	941
537	3.0	1	1	942
539	5.0	1	1	944
540	2.0	1	1	945
542	8.0	1	1	947
544	2.0	1	1	949
546	5.0	1	1	951
548	2.0	1	1	953
550	3.0	2	2	955
550	3.0	3	1	956
550	4.0	3	1	957
554	2.0	1	1	961
555	1.0	1	1	962
556	1.0	1	1	963
557	2.0	1	1	964
557	3.0	1	1	965
558		3	2	966
558	3.0	1	1	967
559	5.0	1	1	968
560	1.0	1	1	969
562	2.0	1	1	971
562	1.0	1	1	972
562	1.0	2	2	973
563	1.0	1	1	974
564	1.0	1	1	975
566	3.0	2	4	978
566	3.0	1	1	979
567	1.0	1	1	980
568	1.0	1	1	981
569	5.0	1	1	982
570	1.0	1	1	983
570	2.0	1	1	984
570	1.0	2	2	985
571	10.0	4	1	986
572		3	2	987
573	2.0	1	1	988
573	1.0	1	1	989
573		3	2	990
574	2.0	1	1	991
575	1.0	1	1	992
575	1.0	2	2	993
576		3	2	994
577	2.0	1	1	995
578	2.0	1	1	996
579	3.0	1	1	997
580	7.0	1	1	998
581	2.0	1	1	999
583	9.0	1	1	1001
584		3	2	1002
584	1.0	2	3	1003
585	2.0	1	1	1004
586	2.0	3	1	1005
586	3.0	3	1	1006
587	6.0	3	1	1007
588	3.0	3	1	1008
589	2.0	1	1	1009
592	3.0	3	1	1014
593	3.0	1	1	1015
594	2.0	1	1	1016
594	5.0	1	1	1017
595	4.0	3	1	1018
595	3.0	3	1	1019
596	3.0	1	1	1020
596	8.0	1	1	1021
596	1.0	1	1	1022
596	1.0	2	2	1023
596	6.0	2	3	1024
597	4.0	2	2	1025
597	4.0	1	1	1026
598	3.0	3	1	1027
598	2.0	3	1	1028
599	2.0	1	1	1029
600	2.0	1	1	1030
601	2.0	1	1	1031
602	2.0	1	1	1032
603	3.0	3	1	1033
604	2.0	1	1	1034
605	4.0	2	2	1035
605	4.0	1	1	1036
606	4.0	1	1	1037
606	4.0	2	2	1038
607	2.0	1	1	1039
608	10.0	3	1	1040
608	23.0	4	5	1041
608	54.0	4	5	1042
608	36.0	4	5	1043
609	3.0	1	1	1044
610	4.0	2	2	1045
611		3	2	1046
612	2.0	3	1	1047
612	3.0	3	1	1048
612	1.0	3	1	1049
613	3.0	1	1	1050
613	3.0	2	2	1051
614	2.0	1	1	1052
614	3.0	1	1	1053
615	7.0	1	1	1054
616	1.0	1	1	1055
617	1.0	1	1	1056
618	2.0	1	1	1057
618	1.0	1	1	1058
621	5.0	1	1	1064
623	10.0	4	1	1066
623	9.0	4	1	1067
623	7.0	2	4	1068
623	7.0	4	1	1069
623	1.0	2	4	1070
623	5.0	4	1	1071
624	1.0	3	1	1072
624	4.0	3	1	1073
624	4.0	2	2	1074
624	3.0	3	1	1075
624	2.0	3	1	1076
624	3.0	2	4	1077
625	2.0	1	1	1078
626	1.0	1	1	1079
626	2.0	1	1	1080
627	5.0	1	1	1081
627	2.0	1	1	1082
629	2.0	1	1	1084
630	2.0	1	1	1085
631	4.0	3	1	1086
631	1.0	3	1	1087
631	3.0	3	1	1088
632	5.0	4	1	1089
632	10.0	4	1	1090
632	39.0	4	5	1091
633	4.0	2	2	1092
633	4.0	1	1	1093
634	2.0	1	1	1094
635	2.0	1	1	1095
635	1.0	1	1	1096
638		3	2	1103
638	2.0	1	1	1104
640	2.0	1	1	1109
641	3.0	2	2	1110
641	3.0	1	1	1111
641	2.0	1	1	1112
642		3	2	1113
646	8.0	1	1	1125
647	2.0	1	1	1126
649	3.0	1	1	1129
650	5.0	1	1	1130
650	2.0	1	1	1131
651	1.0	1	1	1132
652	1.0	1	1	1133
653		3	2	1134
654	5.0	1	1	1135
654		3	2	1136
655	10.0	4	1	1137
655	2.0	4	1	1138
655	3.0	2	4	1139
655	5.0	4	1	1140
655	1.0	4	1	1141
656	1.0	1	1	1142
656	2.0	1	1	1143
657	5.0	1	1	1144
660	4.0	2	2	1154
660	3.0	1	1	1155
660	1.0	1	1	1156
660	4.0	1	1	1157
661	4.0	3	1	1158
661	4.0	2	3	1159
661	3.0	2	2	1160
661		3	2	1161
661	3.0	3	1	1162
661	8.0	3	1	1163
663	1.0	1	1	1166
663	2.0	1	1	1167
664	5.0	4	1	1168
664	10.0	4	1	1169
664		3	2	1170
664	3.0	2	2	1171
664	1.0	4	1	1172
664	3.0	4	1	1173
664	86.0	4	5	1174
664	1.0	2	4	1175
664		2	4	1176
664	1.0	4	5	1177
664	1.0	2	2	1178
665	2.0	1	1	1179
665	3.0	1	1	1180
667	2.0	1	1	1182
668	7.0	2	2	1183
668	7.0	1	1	1184
669	2.0	1	1	1185
672	3.0	1	1	1191
672	1.0	1	1	1192
672	3.0	2	2	1193
674	1.0	1	1	1196
676	2.0	1	1	1200
677	1.0	1	1	1201
677	1.0	2	2	1202
678	3.0	3	1	1203
679	3.0	3	1	1204
679	2.0	3	1	1205
679	8.0	3	1	1206
679	1.0	3	1	1207
680	2.0	1	1	1208
680	4.0	2	2	1209
682	4.0	1	1	1214
682	3.0	1	1	1215
682	4.0	2	2	1216
682	1.0	1	1	1217
682	1.0	2	2	1218
685	3.0	1	1	1223
685	2.0	1	1	1224
686	2.0	1	1	1225
688		3	2	1229
689	2.0	1	1	1230
689	3.0	1	1	1231
690		3	2	1232
691	2.0	1	1	1233
692		3	2	1234
692	2.0	1	1	1235
694	2.0	1	1	1240
695	2.0	1	1	1241
697	2.0	1	1	1243
697	1.0	1	1	1244
698	1.0	1	1	1245
699		3	2	1246
702	2.0	1	1	1254
703	1.0	1	1	1255
703	1.0	2	2	1256
703	2.0	1	1	1257
704	4.0	2	2	1258
704	1.0	2	2	1259
704	1.0	1	1	1260
705	1.0	1	1	1261
706	5.0	1	1	1262
706	2.0	1	1	1263
707	2.0	1	1	1264
708	4.0	3	1	1265
708	3.0	3	1	1266
708	1.0	2	2	1267
708	1.0	3	1	1268
708	2.0	3	1	1269
709		3	2	1270
710	5.0	1	1	1271
711	1.0	1	1	1272
712	1.0	1	1	1273
712	4.0	1	1	1274
712	6.0	1	1	1275
712	1.0	2	2	1276
713	2.0	1	1	1277
718	1.0	1	1	1286
718	2.0	1	1	1287
720	1.0	1	1	1291
721	2.0	1	1	1292
722	1.0	1	1	1293
723		3	2	1294
724	2.0	1	1	1295
725	2.0	1	1	1296
728	2.0	1	1	1300
729		3	2	1301
729	1.0	1	1	1302
730	1.0	1	1	1303
730	2.0	1	1	1304
731	2.0	4	1	1305
731	21.0	4	5	1306
731		2	4	1307
731	3.0	2	4	1308
731	9.0	2	4	1309
731	10.0	4	1	1310
731	6.0	4	1	1311
731	1.0	4	1	1312
731	9.0	4	1	1313
731	15.0	4	1	1314
731	3.0	4	1	1315
731	3.0	2	2	1316
731	8.0	4	1	1317
731	1.0	2	2	1318
731	13.0	2	2	1319
731	13.0	2	4	1320
734	2.0	1	1	1326
734	3.0	1	1	1327
734	5.0	1	1	1328
734	1.0	2	2	1329
734	1.0	1	1	1330
736	2.0	1	1	1332
739	1.0	1	1	1336
739	4.0	2	2	1337
746	13.0	2	2	1348
746	4.0	2	2	1349
746	3.0	2	4	1350
746	3.0	3	1	1351
746	6.0	3	1	1352
747	4.0	2	2	1353
747	1.0	1	1	1354
747	5.0	1	1	1355
747	2.0	1	1	1356
747	13.0	2	2	1357
748		3	2	1358
751	2.0	3	1	1361
751	3.0	3	1	1362
753	1.0	1	1	1364
753	3.0	1	1	1365
755		2	4	1368
758	7.0	1	1	1373
759	10.0	4	1	1374
759	7.0	4	1	1375
760		3	2	1376
761	1.0	1	1	1377
761	4.0	2	2	1378
761	1.0	2	2	1379
763	2.0	1	1	1381
763	1.0	1	1	1382
764	2.0	1	1	1383
767	85.0	4	5	1386
767	3.0	4	1	1387
767	45.0	4	1	1388
767	5.0	4	1	1389
767	10.0	4	1	1390
767	87.0	4	5	1391
767	2.0	4	1	1392
767	75.0	2	4	1393
768	2.0	1	1	1394
769		3	2	1395
770		3	2	1396
770	1.0	1	1	1397
771	1.0	1	1	1398
771	3.0	1	1	1399
771	1.0	2	2	1400
771	3.0	2	2	1401
771	2.0	1	1	1402
772	3.0	3	1	1403
773	2.0	1	1	1404
775	1.0	2	2	1406
775	4.0	2	2	1407
775	2.0	3	1	1408
775	1.0	3	1	1409
775	7.0	3	1	1410
775	3.0	3	1	1411
776	5.0	1	1	1412
776	2.0	1	1	1413
778	2.0	1	1	1421
779	2.0	1	1	1422
779	5.0	1	1	1423
780	2.0	1	1	1424
780	1.0	1	1	1425
781	2.0	1	1	1426
782	2.0	1	1	1427
783	2.0	1	1	1428
784	2.0	1	1	1429
786	2.0	1	1	1431
787	2.0	1	1	1432
790	6.0	1	1	1435
790	1.0	1	1	1436
790	5.0	1	1	1437
791	1.0	1	1	1438
791		3	2	1439
791	1.0	2	2	1440
791	1.0	2	4	1441
792		3	2	1442
792	1.0	2	4	1443
792	4.0	2	2	1444
792	5.0	1	1	1445
792	4.0	1	1	1446
792	1.0	2	2	1447
792	1.0	1	1	1448
793	2.0	1	1	1449
795	2.0	1	1	1452
796	3.0	1	1	1453
796	2.0	1	1	1454
796	1.0	1	1	1455
797	2.0	1	1	1456
799		3	2	1458
802	3.0	1	1	1469
802	1.0	1	1	1470
802	1.0	2	2	1471
803	4.0	3	1	1472
803	3.0	3	1	1473
804	2.0	1	1	1474
804	4.0	2	2	1475
805	1.0	1	1	1476
805	2.0	1	1	1477
807	1.0	1	1	1482
808		3	2	1483
808	1.0	2	2	1484
808	1.0	1	1	1485
808	14.0	2	3	1486
809	4.0	2	2	1487
809	4.0	1	1	1488
810	2.0	1	1	1489
810		3	2	1490
811		3	2	1491
812	2.0	1	1	1492
813	4.0	2	2	1493
814	2.0	1	1	1494
815		3	2	1495
815	3.0	1	1	1496
817	4.0	2	2	1501
817	1.0	2	2	1502
817	4.0	1	1	1503
817	1.0	1	1	1504
819	2.0	1	1	1506
820	4.0	3	1	1507
822	9.0	1	1	1509
822	9.0	2	2	1510
823	29.0	3	1	1511
825	2.0	1	1	1513
826	2.0	1	1	1514
827	1.0	3	1	1515
827	2.0	3	1	1516
827	3.0	3	1	1517
827	1.0	2	2	1518
828	1.0	1	1	1519
829		3	2	1520
831	2.0	1	1	1522
832	1.0	1	1	1523
834	1.0	1	1	1526
835	2.0	1	1	1527
835	1.0	1	1	1528
837	2.0	1	1	1531
839	2.0	1	1	1533
840	4.0	3	1	1534
841		3	2	1535
842	2.0	1	1	1536
845	1.0	1	1	1539
845	2.0	1	1	1540
846		3	2	1541
846	2.0	1	1	1542
846	1.0	1	1	1543
850	1.0	1	1	1549
851	2.0	1	1	1550
852	25.0	1	1	1551
854	2.0	1	1	1558
855	2.0	1	1	1559
855	1.0	1	1	1560
856	2.0	1	1	1561
857	2.0	1	1	1562
858	3.0	3	1	1563
859	5.0	1	1	1564
860	2.0	1	1	1565
863		3	2	1569
864		3	2	1570
865	2.0	1	1	1571
866	8.0	1	1	1572
868	10.0	4	1	1575
868	91.0	4	5	1576
868		2	4	1577
868	92.0	4	5	1578
871	2.0	1	1	1585
871	3.0	1	1	1586
873	9.0	1	1	1589
873	9.0	2	2	1590
875	2.0	1	1	1596
876	2.0	1	1	1597
877		3	2	1598
877	1.0	1	1	1599
878		3	2	1600
880	44.0	4	5	1603
880	41.0	4	5	1604
880		2	4	1605
880	26.0	2	4	1606
880	10.0	4	1	1607
880	26.0	4	5	1608
881	1.0	2	3	1609
885	2.0	1	1	1615
886		3	2	1616
887		3	2	1617
888	2.0	1	1	1618
891	8.0	1	1	1625
892	2.0	1	1	1626
892	1.0	1	1	1627
892	6.0	1	1	1628
894		3	2	1632
894	2.0	1	1	1633
894	3.0	1	1	1634
895	1.0	1	1	1635
895	1.0	2	4	1636
895	1.0	2	2	1637
895	11.0	1	1	1638
896	1.0	1	1	1639
899	61.0	4	5	1642
899	24.0	2	4	1643
899	10.0	4	1	1644
899	2.0	4	1	1645
899	53.0	4	5	1646
900	8.0	3	1	1647
901	1.0	1	1	1648
901	2.0	1	1	1649
904		3	2	1652
905	1.0	1	1	1653
907	2.0	1	1	1658
908	95.0	4	5	1659
908		2	4	1660
908	71.0	4	5	1661
908	10.0	4	1	1662
909		3	2	1663
913	1.0	2	2	1671
913	1.0	1	1	1672
914	1.0	2	2	1673
914	1.0	1	1	1674
916	2.0	1	1	1678
916	5.0	1	1	1679
918	6.0	3	1	1681
918	6.0	2	4	1682
919	3.0	2	2	1683
919	3.0	1	1	1684
922	8.0	1	1	1690
923	1.0	1	1	1691
924	5.0	1	1	1692
924	7.0	1	1	1693
924	1.0	2	2	1694
924	1.0	1	1	1695
925	2.0	1	1	1696
928	1.0	1	1	1700
928	3.0	1	1	1701
928		3	2	1702
928	13.0	2	2	1703
928	4.0	2	2	1704
928	1.0	2	2	1705
929	2.0	1	1	1706
931	1.0	1	1	1709
931	2.0	1	1	1710
933	1.0	2	2	1713
933	3.0	3	1	1714
933	1.0	3	1	1715
933	2.0	3	1	1716
934	6.0	2	3	1717
936		3	2	1723
937	2.0	1	1	1724
937	1.0	1	1	1725
939	2.0	1	1	1729
939	3.0	2	2	1730
939	3.0	1	1	1731
940	3.0	3	1	1732
940	25.0	3	1	1733
940	4.0	3	1	1734
941	5.0	1	1	1735
945	1.0	1	1	1739
945	2.0	1	1	1740
947	2.0	1	1	1742
949	2.0	1	1	1744
950	1.0	1	1	1745
950	1.0	2	2	1746
950	4.0	2	2	1747
950	8.0	1	1	1748
950	4.0	1	1	1749
952	2.0	1	1	1751
956		3	2	1755
956	5.0	1	1	1756
958	2.0	1	1	1758
960	2.0	1	1	1760
961	2.0	3	1	1761
961	10.0	3	1	1762
962	1.0	2	3	1763
963	2.0	1	1	1764
964	2.0	1	1	1765
965		3	2	1766
965	2.0	1	1	1767
966		3	2	1768
968	1.0	1	1	1772
969		3	2	1773
970	1.0	1	1	1774
972	5.0	1	1	1776
975	3.0	2	2	1789
975	3.0	1	1	1790
977	1.0	1	1	1792
977	3.0	1	1	1793
977	2.0	1	1	1794
979		3	2	1796
980	1.0	1	1	1797
981	8.0	1	1	1798
982	1.0	1	1	1799
983		3	2	1800
984	3.0	2	4	1801
984	1.0	2	2	1802
984	4.0	4	1	1803
984	1.0	4	1	1804
984	6.0	4	1	1805
984	10.0	4	1	1806
984	13.0	2	2	1807
984	4.0	2	2	1808
984		2	4	1809
984	30.0	4	5	1810
984	21.0	4	5	1811
984	3.0	4	1	1812
984	13.0	2	4	1813
984	3.0	2	2	1814
985	5.0	1	1	1815
987	2.0	1	1	1818
988	2.0	1	1	1819
991	2.0	1	1	1831
991	1.0	1	1	1832
991	5.0	1	1	1833
992	1.0	2	2	1834
992	2.0	1	1	1835
992	1.0	1	1	1836
994	12.0	1	1	1838
997		3	2	1847
998		3	2	1848
998	2.0	1	1	1849
1000	2.0	1	1	1851
1001	7.0	2	4	1852
1001	7.0	3	1	1853
1001		3	2	1854
1003	2.0	1	1	1857
1004	2.0	1	1	1858
1008	1.0	1	1	1864
1008	2.0	1	1	1865
1010		3	2	1867
1011	54.0	4	5	1868
1011	23.0	4	5	1869
1011	36.0	4	5	1870
1012		3	2	1871
1013	1.0	1	1	1872
1014	1.0	1	1	1873
1016	2.0	1	1	1875
1017	2.0	1	1	1876
1018	96.0	4	5	1877
1018	65.0	4	5	1878
1018	8.0	4	1	1879
1018	73.0	4	5	1880
1018	1.0	4	1	1881
1018		2	4	1882
1018	10.0	4	1	1883
1018	22.0	2	4	1884
1020	5.0	1	1	1889
1020	2.0	1	1	1890
1023	4.0	2	2	1895
1023	4.0	1	1	1896
1025	1.0	2	4	1900
1025	6.0	2	4	1901
1027	2.0	1	1	1906
1028	3.0	1	1	1907
1028	2.0	1	1	1908
1028	1.0	1	1	1909
1029	6.0	2	2	1910
1029	6.0	1	1	1911
1031	2.0	1	1	1914
1032	3.0	2	4	1915
1032	1.0	3	1	1916
1032	4.0	3	1	1917
1032	4.0	2	3	1918
1032	3.0	2	2	1919
1032	4.0	2	2	1920
1032	2.0	3	1	1921
1032		3	2	1922
1032	3.0	3	1	1923
1033	3.0	1	1	1924
1033	2.0	1	1	1925
1034	1.0	2	2	1926
1034	1.0	1	1	1927
1035	6.0	4	5	1928
1035	6.0	1	1	1929
1035	1.0	1	1	1930
1035	1.0	2	2	1931
1035	4.0	2	2	1932
1035		3	2	1933
1036	2.0	1	1	1934
1036	1.0	1	1	1935
1036	1.0	2	2	1936
1036	4.0	2	2	1937
1038	3.0	1	1	1939
1038	3.0	2	2	1940
1041	8.0	4	1	1944
1041	3.0	4	1	1945
1041	1.0	4	1	1946
1041	6.0	4	1	1947
1041	3.0	2	2	1948
1041	1.0	2	2	1949
1041	4.0	2	2	1950
1041	10.0	4	1	1951
1042	1.0	1	1	1952
1043	1.0	1	1	1953
1045	3.0	2	4	1957
1045	4.0	2	3	1958
1048	2.0	1	1	1961
1050	8.0	3	1	1965
1050	2.0	3	1	1966
1050		3	2	1967
1050	5.0	3	1	1968
1051		3	2	1969
1052	3.0	3	1	1970
1052	4.0	2	2	1971
1052	4.0	3	1	1972
1052	1.0	2	2	1973
1052	1.0	3	1	1974
1054	3.0	1	1	1977
1054	1.0	2	2	1978
1054		3	2	1979
1054	1.0	1	1	1980
1056	1.0	1	1	1982
1056	2.0	1	1	1983
1057	1.0	1	1	1984
1057	3.0	1	1	1985
1058	8.0	1	1	1986
1058		3	2	1987
1059	3.0	2	2	1988
1059	2.0	1	1	1989
1059	3.0	1	1	1990
1059	5.0	1	1	1991
1060		3	2	1992
1063	7.0	1	1	1995
1065	2.0	1	1	1997
1067	2.0	1	1	1999
1068	1.0	1	1	2000
1069	5.0	1	1	2001
1069		3	2	2002
1069	2.0	1	1	2003
1072		3	2	2006
1075	1.0	1	1	2010
1075	1.0	2	2	2011
1076	4.0	3	1	2012
1077	5.0	1	1	2013
1078	2.0	1	1	2014
1079		3	2	2015
1080		3	2	2016
1083	1.0	2	3	2019
1084		3	2	2020
1085	2.0	1	1	2021
1085	1.0	1	1	2022
1086	4.0	2	2	2023
1086	4.0	1	1	2024
1086	1.0	1	1	2025
1088	7.0	2	2	2029
1088		3	2	2030
1088	7.0	4	1	2031
1088	5.0	4	1	2032
1088	7.0	4	5	2033
1088	7.0	2	4	2034
1089		3	2	2035
1090	2.0	1	1	2036
1090	1.0	1	1	2037
1093	1.0	1	1	2040
1094	5.0	1	1	2041
1095	2.0	1	1	2042
1096	2.0	1	1	2043
1098	2.0	1	1	2046
1100	2.0	1	1	2049
1103	2.0	1	1	2054
1103	5.0	1	1	2055
1104	3.0	2	2	2056
1104	2.0	1	1	2057
1104	3.0	1	1	2058
1104	1.0	1	1	2059
1105	3.0	3	1	2060
1105	2.0	3	1	2061
1105		3	2	2062
1106	3.0	1	1	2063
1106		3	2	2064
1107	5.0	1	1	2065
1112		3	2	2073
1113		3	2	2074
1113	1.0	1	1	2075
1115	1.0	1	1	2079
1116	3.0	3	1	2080
1117	2.0	1	1	2081
1118	2.0	1	1	2082
1121	1.0	1	1	2085
1123	1.0	1	1	2088
1124	3.0	3	4	2089
1124		2	4	2090
1124	10.0	4	1	2091
1124	21.0	4	5	2092
1124	4.0	4	1	2093
1124	3.0	4	1	2094
1124	8.0	4	1	2095
1124	3.0	2	2	2096
1125	4.0	3	1	2097
1125	3.0	3	1	2098
1127	2.0	1	1	2102
1127	1.0	1	1	2103
1128	2.0	1	1	2104
1130	9.0	2	4	2112
1130		2	4	2113
1130	1.0	4	1	2114
1130	10.0	4	1	2115
1130	3.0	2	2	2116
1130	3.0	4	1	2117
1130	1.0	2	2	2118
1135	2.0	1	1	2127
1136		3	2	2128
1139	2.0	1	1	2132
1139		3	2	2133
1140	3.0	1	1	2134
1144	1.0	1	1	2139
1145	2.0	1	1	2140
1145	1.0	2	2	2141
1145	1.0	1	1	2142
1146	7.0	2	3	2143
1147	2.0	1	1	2144
1149		3	2	2149
1151	5.0	1	1	2151
1151		3	2	2152
1152	3.0	1	1	2153
1152	1.0	1	1	2154
1152	1.0	2	2	2155
1153	1.0	2	2	2156
1153	5.0	1	1	2157
1153	3.0	1	1	2158
1153	1.0	1	1	2159
1154	1.0	1	1	2160
1154	4.0	2	2	2161
1154	3.0	1	1	2162
1154	4.0	1	1	2163
1154	1.0	2	2	2164
1155	1.0	1	1	2165
1157	1.0	1	1	2169
1157	2.0	1	1	2170
1158	2.0	1	1	2171
1158	3.0	1	1	2172
1158	1.0	1	1	2173
1159	5.0	1	1	2174
1160	2.0	1	1	2175
1162	3.0	1	1	2178
1163	2.0	1	1	2179
1164	5.0	1	1	2180
1164	2.0	1	1	2181
1167	2.0	1	1	2185
1169	1.0	2	2	2189
1169	1.0	1	1	2190
1170	1.0	2	2	2191
1170	1.0	1	1	2192
1170	4.0	2	2	2193
1173	4.0	3	1	2201
1174	4.0	3	1	2202
1174	2.0	3	1	2203
1175		3	2	2204
1176	2.0	1	1	2205
1176	1.0	1	1	2206
1176	1.0	2	2	2207
1177	4.0	1	1	2208
1177	4.0	2	2	2209
1177	2.0	1	1	2210
1178	3.0	2	2	2211
1178	3.0	1	1	2212
1179	2.0	1	1	2213
1180	3.0	1	1	2214
1180	2.0	1	1	2215
1180	3.0	2	2	2216
1181	2.0	1	1	2217
1182	2.0	1	1	2218
1183	9.0	2	4	2219
1183	3.0	2	4	2220
1183	4.0	2	4	2221
1183		2	4	2222
1183	21.0	4	5	2223
1183	1.0	4	1	2224
1183	9.0	4	1	2225
1183	3.0	2	2	2226
1183	4.0	4	1	2227
1183	6.0	4	1	2228
1183	10.0	4	1	2229
1183	30.0	4	5	2230
1183	20.0	4	1	2231
1183	1.0	2	2	2232
1183	3.0	4	1	2233
1183	8.0	4	1	2234
1183	19.0	4	1	2235
1185	2.0	1	1	2238
1187		3	2	2240
1188		3	2	2241
1191	5.0	1	1	2244
1192	2.0	1	1	2245
1192	5.0	1	1	2246
1192		3	2	2247
1194	2.0	1	1	2250
1195	2.0	1	1	2251
1195	4.0	2	2	2252
1195	1.0	2	2	2253
1195	1.0	1	1	2254
1196	2.0	1	1	2255
1196	1.0	1	1	2256
1197	2.0	1	1	2257
1197	5.0	1	1	2258
1197	1.0	1	1	2259
1197	1.0	2	2	2260
1197		3	2	2261
1197	1.0	2	3	2262
1198		3	2	2263
1199		3	2	2264
1200		3	2	2265
1200	6.0	3	1	2266
1200	4.0	3	1	2267
1200	3.0	3	1	2268
1202		3	2	2270
1203	1.0	1	1	2271
1203	2.0	1	1	2272
1204	2.0	1	1	2273
1205		3	2	2274
1206	3.0	3	1	2275
1206	1.0	2	2	2276
1206	1.0	3	1	2277
1207		3	2	2278
1208		3	2	2279
1210	2.0	1	1	2283
1212	7.0	3	1	2293
1212	5.0	3	1	2294
1214	2.0	1	1	2304
1215	1.0	1	1	2305
1215	5.0	1	1	2306
1215	3.0	1	1	2307
1215	2.0	1	1	2308
1215	1.0	2	2	2309
1215	4.0	2	2	2310
1216	1.0	1	1	2311
1216	6.0	2	3	2312
1216	3.0	2	2	2313
1216	4.0	2	2	2314
1216	1.0	2	2	2315
1216	4.0	1	1	2316
1216	3.0	1	1	2317
1217	5.0	1	1	2318
1218	1.0	2	2	2319
1218	1.0	1	1	2320
1218	3.0	1	1	2321
1218	2.0	1	1	2322
1220	1.0	1	1	2328
1222		3	2	2333
1223	2.0	1	1	2334
1223	5.0	1	1	2335
1225	1.0	1	1	2337
1228	3.0	2	4	2343
1230	1.0	1	1	2346
1231	6.0	3	1	2347
1231	5.0	3	1	2348
1232	2.0	1	1	2349
1233	2.0	1	1	2350
1233	1.0	1	1	2351
1233	1.0	2	2	2352
1236	2.0	1	1	2358
1237	5.0	1	1	2359
1238	3.0	1	1	2360
1238	1.0	1	1	2361
1238	1.0	2	2	2362
1241	2.0	1	1	2365
1242	1.0	2	3	2366
1243	3.0	1	1	2367
1244		3	2	2368
1246	1.0	1	1	2371
1247	2.0	1	1	2372
1249	2.0	1	1	2374
1252	3.0	1	1	2379
1252	2.0	1	1	2380
1253	5.0	1	1	2381
1254	2.0	1	1	2382
1255	2.0	1	1	2383
1256	2.0	1	1	2384
1257	1.0	2	2	2385
1257	1.0	2	3	2386
1257	1.0	1	1	2387
1258	1.0	1	1	2388
1259	5.0	1	1	2389
1260	3.0	3	1	2390
1260	8.0	3	1	2391
1260	16.0	3	1	2392
1261		3	2	2393
1262	5.0	1	1	2394
1263	2.0	1	1	2395
1264	1.0	1	1	2396
1264	2.0	1	1	2397
1264	1.0	2	2	2398
1266		3	2	2400
1268	3.0	1	1	2402
1268	3.0	2	2	2403
1268	4.0	2	2	2404
1268	4.0	1	1	2405
1269	1.0	1	1	2406
1269	1.0	2	2	2407
1271	2.0	1	1	2410
1272	1.0	2	2	2411
1272	1.0	1	1	2412
1272	2.0	1	1	2413
1273		2	4	2414
1273	2.0	1	1	2415
1273	5.0	1	1	2416
1273	3.0	1	1	2417
1274	2.0	1	1	2418
1275	2.0	1	1	2419
1275	7.0	1	1	2420
1276	5.0	1	1	2421
1277	3.0	3	1	2422
1278	2.0	1	1	2423
1279	31.0	4	5	2424
1279	4.0	2	2	2425
1279	3.0	3	1	2426
1279	4.0	3	1	2427
1279		2	4	2428
1280	1.0	1	1	2429
1280	2.0	1	1	2430
1280	3.0	2	2	2431
1280	3.0	1	1	2432
1282	3.0	1	1	2434
1284	5.0	3	1	2438
1284	29.0	3	1	2439
1284	3.0	3	1	2440
1287	1.0	1	1	2446
1293	1.0	1	1	2463
1293	1.0	2	2	2464
1293	3.0	1	1	2465
1293	1.0	2	4	2466
1294		3	2	2467
1295	3.0	1	1	2468
1295	3.0	2	2	2469
1295	2.0	1	1	2470
1296	3.0	2	2	2471
1296	3.0	1	1	2472
1296	1.0	1	1	2473
1296	1.0	2	2	2474
1297	1.0	2	2	2475
1297		3	2	2476
1297	1.0	1	1	2477
1298	1.0	2	2	2478
1298	7.0	2	4	2479
1298	7.0	1	1	2480
1298	1.0	1	1	2481
1299	2.0	1	1	2482
1299	3.0	1	1	2483
1299	3.0	2	2	2484
1300	2.0	1	1	2485
1301	8.0	3	1	2486
1303	1.0	2	2	2489
1303	3.0	4	1	2490
1303	1.0	4	1	2491
1303	10.0	4	1	2492
1303	4.0	4	1	2493
1304	1.0	2	2	2494
1304	1.0	1	1	2495
1308	1.0	2	3	2506
1308	1.0	2	2	2507
1309	2.0	3	1	2508
1309	3.0	3	1	2509
1309	5.0	3	1	2510
1311	2.0	1	1	2512
1313		3	2	2514
1315	3.0	1	1	2516
1315	2.0	1	1	2517
1316	4.0	3	1	2518
1317	1.0	1	1	2519
1319	1.0	1	1	2522
1319		3	2	2523
1320	2.0	1	1	2524
1323	4.0	1	1	2529
1323	3.0	1	1	2530
1324	2.0	1	1	2531
1324	1.0	1	1	2532
1325	2.0	1	1	2533
1326	3.0	3	1	2534
1327	2.0	1	1	2535
1328	2.0	1	1	2536
1329	9.0	2	4	2537
1330	2.0	1	1	2538
1331		3	2	2539
1333	2.0	1	1	2543
1333	1.0	1	1	2544
1335		3	2	2550
1335	1.0	1	1	2551
1335	1.0	2	2	2552
1335	5.0	1	1	2553
1335	2.0	1	1	2554
1336	1.0	1	1	2555
1336	2.0	1	1	2556
1340	2.0	1	1	2561
1341		3	2	2562
1342	2.0	1	1	2563
1342	11.0	1	1	2564
1345	1.0	1	1	2567
1345	2.0	1	1	2568
1345	3.0	1	1	2569
1345	1.0	2	2	2570
1346	2.0	1	1	2571
1347	2.0	1	1	2572
1348	2.0	1	1	2573
1350	5.0	1	1	2576
1352		3	2	2580
1353	2.0	1	1	2581
1354	2.0	1	1	2582
1355	2.0	1	1	2583
1357	5.0	1	1	2585
1357	2.0	1	1	2586
1358	17.0	3	1	2587
1358	18.0	3	1	2588
1358	5.0	3	1	2589
1358	17.0	2	4	2590
1359	1.0	2	3	2591
1362	1.0	2	2	2594
1362	1.0	1	1	2595
1363	3.0	2	2	2596
1363	3.0	1	1	2597
1366	6.0	2	2	2603
1366	6.0	1	1	2604
1368	3.0	3	1	2606
1369	5.0	1	1	2607
1370	1.0	1	1	2608
1371		2	4	2609
1371	10.0	4	1	2610
1371	3.0	4	1	2611
1371		3	2	2612
1372	4.0	3	1	2613
1372	14.0	2	3	2614
1372	16.0	3	1	2615
1374	5.0	1	1	2617
1375	5.0	1	1	2618
1375	2.0	1	1	2619
1376	5.0	1	1	2620
1378		3	2	2624
1379		3	2	2625
1380	29.0	3	1	2626
1381	5.0	1	1	2627
1381	1.0	1	1	2628
1382	1.0	2	2	2629
1382	1.0	1	1	2630
1383		3	2	2631
1383	3.0	1	1	2632
1384		3	2	2633
1385	2.0	1	1	2634
1386	1.0	1	1	2635
1386	2.0	1	1	2636
1388	5.0	1	1	2638
1389	2.0	1	1	2639
1389	5.0	1	1	2640
1390	2.0	1	1	2641
1391		3	2	2642
1393	1.0	1	1	2644
1393	1.0	2	2	2645
1395	3.0	1	1	2647
1396	2.0	1	1	2648
1396	5.0	1	1	2649
1400	1.0	1	1	2663
1400	1.0	2	2	2664
1400	2.0	1	1	2665
1401	1.0	1	1	2666
1401	2.0	1	1	2667
1403	2.0	1	1	2671
1404	3.0	2	2	2672
1404	3.0	1	1	2673
1404	2.0	1	1	2674
1404	5.0	1	1	2675
1405	3.0	2	2	2676
1405	4.0	1	1	2677
1405	3.0	1	1	2678
1406	3.0	2	2	2679
1406	3.0	1	1	2680
1406	4.0	2	2	2681
1406	4.0	1	1	2682
1406	2.0	1	1	2683
1408	2.0	1	1	2685
1408	1.0	1	1	2686
1410		3	2	2689
1411	2.0	1	1	2690
1411		3	2	2691
1412		3	2	2692
1414	9.0	2	4	2696
1414	6.0	2	4	2697
1414	1.0	1	1	2698
1415	1.0	1	1	2699
1415	7.0	2	4	2700
1415	6.0	2	4	2701
1415	9.0	2	4	2702
1416	1.0	1	1	2703
1417		3	2	2704
1418	4.0	3	1	2705
1419	5.0	1	1	2706
1420	2.0	1	1	2707
1420	3.0	1	1	2708
1420	3.0	2	2	2709
1421	1.0	1	1	2710
1421	2.0	1	1	2711
1422	1.0	1	1	2712
1422	2.0	1	1	2713
1422	1.0	2	2	2714
1424	8.0	1	1	2716
1424	3.0	2	2	2717
1424	3.0	1	1	2718
1425	3.0	3	1	2719
1425	4.0	3	1	2720
1426	2.0	3	1	2721
1426	4.0	3	1	2722
1427	3.0	1	1	2723
1428		3	2	2724
1429	6.0	2	3	2725
1431	1.0	1	1	2727
1432	1.0	2	3	2728
1432	5.0	1	1	2729
1433		3	2	2730
1436	1.0	1	1	2740
1436	1.0	2	2	2741
1436	2.0	1	1	2742
1436	3.0	2	2	2743
1436	4.0	2	2	2744
1436	4.0	1	1	2745
1436	3.0	1	1	2746
1441		3	2	2758
1444	3.0	2	2	2768
1444	3.0	1	1	2769
1445	5.0	1	1	2770
1445	16.0	1	1	2771
1446	6.0	1	1	2772
1446	6.0	2	2	2773
1448	1.0	2	2	2775
1448	1.0	1	1	2776
1449	6.0	2	3	2777
1450	2.0	1	1	2778
1450	1.0	1	1	2779
1453	14.0	2	4	2782
1453		2	4	2783
1453	90.0	4	5	2784
1453	83.0	4	5	2785
1453	10.0	4	1	2786
1453	14.0	4	1	2787
1453	3.0	4	1	2788
1454	2.0	1	1	2789
1456	5.0	1	1	2791
1457		3	2	2792
1459	1.0	1	1	2794
1459	2.0	1	1	2795
1461	2.0	1	1	2798
1461	1.0	1	1	2799
1463	2.0	1	1	2801
1463	1.0	1	1	2802
1464	4.0	3	1	2803
1464	3.0	3	1	2804
1465	5.0	1	1	2805
1465		3	2	2806
1467	1.0	1	1	2809
1469	5.0	1	1	2811
1469		3	2	2812
1470	5.0	1	1	2813
1472	3.0	2	2	2816
1472	2.0	1	1	2817
1472	3.0	1	1	2818
1475	7.0	2	4	2822
1475	1.0	3	1	2823
1475	1.0	2	2	2824
1475	7.0	3	1	2825
1476	1.0	1	1	2826
1476	2.0	1	1	2827
1477	7.0	1	1	2828
1478	5.0	1	1	2829
1481	2.0	1	1	2833
1482	3.0	1	1	2834
1482	1.0	1	1	2835
1482	2.0	1	1	2836
1484	3.0	3	1	2838
1484		3	2	2839
1490	2.0	1	1	2851
1491	1.0	1	1	2852
1491		3	2	2853
1492		3	2	2854
1493		3	2	2855
1494	3.0	1	1	2856
1498	2.0	1	1	2860
1500	1.0	1	1	2862
1502	1.0	3	1	2867
1502	3.0	2	4	2868
1502	2.0	3	1	2869
1502	3.0	3	1	2870
1504	2.0	1	1	2872
1505	2.0	1	1	2873
1507	2.0	1	1	2876
1508	2.0	1	1	2877
1511	1.0	1	1	2881
1512	1.0	2	3	2882
1512	1.0	2	2	2883
1512	3.0	1	1	2884
1512	1.0	1	1	2885
1513	2.0	1	1	2886
1514	5.0	1	1	2887
1514	2.0	1	1	2888
1515	3.0	3	1	2889
1519	4.0	2	2	2896
1519	3.0	2	2	2897
1519	10.0	4	1	2898
1519		2	4	2899
1519	3.0	4	1	2900
1520	7.0	4	1	2901
1520	10.0	4	1	2902
1523	1.0	1	1	2907
1523	1.0	2	4	2908
1523	1.0	2	2	2909
1524	3.0	1	1	2910
1524	2.0	1	1	2911
1524	1.0	1	1	2912
1524	3.0	2	2	2913
1525		3	2	2914
1528		3	2	2919
1531		3	2	2922
1532	19.0	3	1	2923
1534	3.0	1	1	2925
1535	14.0	2	3	2926
1544	1.0	1	1	2937
1546	4.0	1	1	2940
1547	2.0	1	1	2941
1548	2.0	1	1	2942
1550	1.0	1	1	2946
1551	7.0	2	3	2947
1551	5.0	1	1	2948
1556	1.0	2	2	2957
1556	13.0	2	2	2958
1556	1.0	1	1	2959
1556	2.0	1	1	2960
1556	4.0	2	2	2961
1558	4.0	2	2	2966
1559	2.0	1	1	2967
1560	1.0	1	1	2968
1560	2.0	1	1	2969
1562	2.0	1	1	2971
1564	6.0	2	3	2974
1580	1.0	2	2	3003
1580	4.0	2	2	3004
1580	4.0	1	1	3005
1580	1.0	1	1	3006
1581	5.0	1	1	3007
1581	2.0	1	1	3008
1582	3.0	3	1	3009
1584	1.0	2	2	3011
1584	1.0	1	1	3012
1589	3.0	1	1	3018
1589	2.0	1	1	3019
1591	1.0	2	2	3021
1591	1.0	1	1	3022
1592	4.0	1	1	3023
1592	4.0	2	2	3024
1593	3.0	2	2	3025
1593	3.0	1	1	3026
1594	2.0	1	1	3027
1594	1.0	1	1	3028
1594	1.0	2	2	3029
1599	8.0	1	1	3039
1599	1.0	2	2	3040
1601	6.0	1	1	3042
1601	9.0	2	4	3043
1601	1.0	2	2	3044
1601	15.0	1	1	3045
1601	3.0	1	1	3046
1601	2.0	1	1	3047
1601	1.0	1	1	3048
1602	2.0	1	1	3049
1602	5.0	1	1	3050
1603	1.0	1	1	3051
1603	4.0	2	2	3052
1603	1.0	2	2	3053
1605	1.0	2	2	3059
1605	1.0	2	3	3060
1605	2.0	1	1	3061
1605		3	2	3062
1605	1.0	1	1	3063
1611	5.0	1	1	3077
1611	2.0	1	1	3078
1611	1.0	1	1	3079
1611	1.0	2	2	3080
1613	1.0	2	2	3085
1613	1.0	1	1	3086
1617	11.0	1	1	3101
1617	1.0	1	1	3102
1617	1.0	2	2	3103
1617	11.0	2	2	3104
1633	1.0	2	2	3142
1633	1.0	1	1	3143
1633	4.0	2	2	3144
1633	3.0	1	1	3145
1635	1.0	2	2	3147
1635	4.0	2	2	3148
1637	2.0	3	1	3150
1637	3.0	3	1	3151
1637	1.0	3	1	3152
1641	1.0	2	2	3161
1641	4.0	2	2	3162
1641	1.0	1	1	3163
1642	1.0	1	1	3164
1642	3.0	1	1	3165
1642	1.0	2	2	3166
1642	4.0	2	2	3167
1642	3.0	2	2	3168
1644	1.0	1	1	3172
1644	1.0	2	2	3173
1645	2.0	1	1	3174
1648	3.0	1	1	3179
1654	1.0	3	1	3194
1654	4.0	3	1	3195
1654	3.0	3	1	3196
1654	1.0	2	3	3197
1654	4.0	2	2	3198
1654	1.0	2	2	3199
1654		3	2	3200
1661	2.0	1	1	3228
1662	2.0	1	1	3229
1662	1.0	1	1	3230
1663	2.0	1	1	3231
1663	5.0	1	1	3232
1665	2.0	1	1	3234
1667	11.0	2	2	3236
1667	11.0	1	1	3237
1667	4.0	2	2	3238
1672	2.0	1	1	3254
1676	1.0	1	1	3261
1677	11.0	1	1	3262
1679		3	2	3268
1681	1.0	2	2	3273
1682	3.0	1	1	3274
1686	1.0	1	1	3283
1686	5.0	1	1	3284
1686	3.0	1	1	3285
1686	2.0	1	1	3286
1687	1.0	2	2	3287
1687	2.0	1	1	3288
1687	1.0	1	1	3289
1688	1.0	2	2	3290
1688	2.0	3	1	3291
1688	3.0	3	1	3292
1688	5.0	3	1	3293
1688	1.0	3	1	3294
1688		3	2	3295
1689	1.0	1	1	3296
1690	4.0	1	1	3297
1690	3.0	1	1	3298
1690	4.0	2	2	3299
1691	1.0	2	2	3300
1691	1.0	1	1	3301
1693	2.0	1	1	3304
1694		3	2	3305
1698	1.0	1	1	3314
1698	1.0	2	2	3315
1699	24.0	2	4	3316
1699	2.0	4	1	3317
1699		2	4	3318
1699	2.0	4	5	3319
1699	10.0	4	1	3320
1701	2.0	1	1	3322
1703	1.0	1	1	3325
1703	2.0	1	1	3326
1703	1.0	2	2	3327
1705	1.0	1	1	3329
1705	1.0	2	2	3330
1705		3	2	3331
1706	2.0	1	1	3332
1706	1.0	1	1	3333
1707	3.0	3	1	3334
1708	3.0	3	1	3335
1708	5.0	3	1	3336
1708	1.0	2	2	3337
1708	1.0	3	1	3338
1708		3	2	3339
1708	20.0	3	1	3340
1709	5.0	1	1	3341
1709	2.0	1	1	3342
1710		3	2	3343
1711	1.0	1	1	3344
1713		3	2	3346
1714	2.0	1	1	3347
1715	16.0	1	1	3348
1715	5.0	1	1	3349
1716	3.0	1	1	3350
1725	6.0	1	1	3369
1726	2.0	1	1	3370
1727	2.0	1	1	3371
1731	1.0	2	2	3376
1731	1.0	1	1	3377
1734	5.0	1	1	3385
1735		3	2	3386
1736	9.0	1	1	3387
1736	9.0	2	2	3388
1737	4.0	2	2	3389
1739	3.0	1	1	3397
1740	2.0	1	1	3398
1740	1.0	2	2	3399
1740	1.0	1	1	3400
1741		3	2	3401
1742	2.0	1	1	3402
1743	2.0	1	1	3403
1745	1.0	1	1	3405
1746	2.0	1	1	3406
1746	1.0	1	1	3407
1746		3	2	3408
1747	2.0	1	1	3409
1751		3	2	3415
1754	3.0	1	1	3419
1754	2.0	1	1	3420
1754	3.0	2	2	3421
1754	4.0	2	2	3422
1755	2.0	1	1	3423
1755	1.0	1	1	3424
1757		3	2	3428
1759	3.0	2	2	3430
1759	3.0	1	1	3431
1760	6.0	2	3	3432
1760	37.0	2	3	3433
1760	1.0	1	1	3434
1760	3.0	1	1	3435
1760	4.0	1	1	3436
1760	4.0	2	2	3437
1760	13.0	2	2	3438
1760	1.0	2	2	3439
1761	7.0	2	4	3440
1761		3	2	3441
1761	7.0	1	1	3442
1761	5.0	1	1	3443
1762		3	2	3444
1762	1.0	1	1	3445
1762	6.0	2	3	3446
1762	3.0	1	1	3447
1763	2.0	1	1	3448
1763	4.0	1	1	3449
1763	4.0	2	2	3450
1765	1.0	1	1	3458
1766		2	4	3459
1766	6.0	2	4	3460
1766	6.0	4	1	3461
1766		3	2	3462
1767	7.0	3	1	3463
1768	2.0	1	1	3464
1769	1.0	1	1	3465
1769	4.0	1	1	3466
1769	3.0	1	1	3467
1769	4.0	2	2	3468
1770	2.0	1	1	3469
1772	4.0	3	1	3472
1772	3.0	3	1	3473
1774	4.0	1	1	3476
1774	3.0	1	1	3477
1774	3.0	2	2	3478
1775		3	2	3479
1775	2.0	1	1	3480
1776	1.0	1	1	3481
1776	2.0	1	1	3482
1777	7.0	2	4	3483
1778	3.0	2	4	3484
1778	4.0	2	4	3485
1778	22.0	2	4	3486
1778	52.0	2	4	3487
1778	9.0	2	4	3488
1778		2	4	3489
1778	10.0	4	1	3490
1778	3.0	4	1	3491
1778	6.0	2	4	3492
1778	1.0	4	1	3493
1778	1.0	2	2	3494
1778	5.0	4	1	3495
1778	31.0	4	5	3496
1779	3.0	3	1	3497
1780		3	2	3498
1782	2.0	1	1	3502
1782	5.0	1	1	3503
1783	2.0	1	1	3504
1783	1.0	1	1	3505
1784	4.0	2	2	3506
1784	3.0	1	1	3507
1784	4.0	1	1	3508
1785	2.0	1	1	3509
1786	2.0	1	1	3510
1787	1.0	2	2	3511
1787	1.0	1	1	3512
1788	4.0	2	2	3513
1788	4.0	1	1	3514
1791	2.0	1	1	3518
1792	2.0	1	1	3519
1792	5.0	1	1	3520
1792	1.0	1	1	3521
1792		3	2	3522
1793		3	2	3523
1795	2.0	1	1	3525
1797	4.0	1	1	3529
1797	4.0	2	2	3530
1797	1.0	2	2	3531
1797	1.0	1	1	3532
1798		3	2	3533
1798	2.0	1	1	3534
1798	3.0	2	2	3535
1798	3.0	1	1	3536
1799	1.0	1	1	3537
1799	2.0	1	1	3538
1800	3.0	1	1	3539
1800	2.0	1	1	3540
1801	1.0	1	1	3541
1801	8.0	1	1	3542
1802	2.0	1	1	3543
1802	9.0	1	1	3544
1802	4.0	1	1	3545
1802	4.0	2	2	3546
1802	9.0	2	2	3547
1803	3.0	3	1	3548
1804	6.0	1	1	3549
1805	1.0	1	1	3550
1805	1.0	2	2	3551
1806	28.0	1	1	3552
1807	6.0	2	4	3553
1808	2.0	3	1	3554
1808	3.0	2	4	3555
1808	3.0	2	2	3556
1808	3.0	3	1	3557
1808	4.0	2	2	3558
1809	1.0	1	1	3559
1811		3	2	3562
1811	5.0	1	1	3563
1812	3.0	1	1	3564
1812	3.0	2	2	3565
1813	2.0	1	1	3566
1813	1.0	1	1	3567
1814	1.0	1	1	3568
1814	2.0	1	1	3569
1815		3	2	3570
1818	6.0	2	3	3574
1820	5.0	1	1	3576
1821		3	2	3577
1821	2.0	1	1	3578
1822		3	2	3579
1823	3.0	1	1	3580
1823	5.0	1	1	3581
1823	2.0	1	1	3582
1824	2.0	1	1	3583
1825		3	2	3584
1827	2.0	1	1	3588
1828	1.0	1	1	3589
1828	2.0	1	1	3590
1828	1.0	2	2	3591
1829		3	2	3592
1830		3	2	3593
1830	3.0	1	1	3594
1832	3.0	3	1	3597
1833	1.0	2	2	3598
1833	1.0	1	1	3599
1834	2.0	1	1	3600
1834		3	2	3601
1835	3.0	1	1	3602
1836	1.0	2	2	3603
1836	1.0	1	1	3604
1836	1.0	2	3	3605
1837		3	2	3606
1839		3	2	3608
1840	1.0	1	1	3609
1842	20.0	1	1	3614
1842	7.0	2	4	3615
1842		3	2	3616
1843		2	4	3617
1843	3.0	2	2	3618
1843	30.0	4	5	3619
1843	10.0	4	1	3620
1843	35.0	4	5	3621
1843	8.0	4	1	3622
1843	89.0	4	5	3623
1843	84.0	4	5	3624
1843	3.0	4	1	3625
1843	11.0	2	3	3626
1843	3.0	2	3	3627
1843	21.0	4	5	3628
1843	30.0	2	3	3629
1843	11.0	4	1	3630
1843	27.0	4	1	3631
1843		3	2	3632
1843	4.0	4	1	3633
1846	1.0	2	2	3640
1847		2	3	3641
1847	2.0	1	1	3642
1847	4.0	2	2	3643
1848	2.0	1	1	3644
1849	2.0	1	1	3645
1853	5.0	1	1	3658
1854	47.0	4	5	3659
1854		2	4	3660
1854	46.0	4	5	3661
1854	10.0	4	1	3662
1855		3	2	3663
1856	2.0	1	1	3664
1857	6.0	2	3	3665
1857	3.0	2	2	3666
1857		3	2	3667
1857	1.0	2	2	3668
1857	6.0	1	1	3669
1857	28.0	1	1	3670
1857	1.0	1	1	3671
1857	3.0	1	1	3672
1858	2.0	1	1	3673
1860	2.0	1	1	3677
1861	2.0	1	1	3678
1863	2.0	1	1	3687
1864	3.0	1	1	3688
1865		3	2	3689
1867	4.0	1	1	3691
1867	4.0	2	2	3692
1868	1.0	2	3	3693
1868	2.0	1	1	3694
1869	29.0	1	1	3695
1870	1.0	2	2	3696
1870	1.0	1	1	3697
1871		3	2	3698
1873	2.0	1	1	3700
1873	5.0	1	1	3701
1874		3	2	3702
1874	3.0	1	1	3703
1878	7.0	3	1	3715
1878	3.0	3	1	3716
1879	2.0	1	1	3717
1879	4.0	2	2	3718
1881	3.0	1	1	3720
1882	2.0	1	1	3721
1882	1.0	1	1	3722
1883	4.0	2	2	3723
1883	17.0	3	1	3724
1884	3.0	3	1	3725
1885	4.0	2	2	3726
1886	2.0	1	1	3727
1887	2.0	1	1	3728
1888	14.0	2	3	3729
1888	5.0	1	1	3730
1893	3.0	1	1	3738
1894	5.0	1	1	3739
1895	5.0	1	1	3740
1896	6.0	2	3	3741
1897	1.0	1	1	3742
1897	2.0	1	1	3743
1900		3	2	3749
1901	2.0	1	1	3750
1902	1.0	1	1	3751
1902	1.0	2	2	3752
1904	2.0	1	1	3758
1905	20.0	3	1	3759
1905	23.0	4	5	3760
1905		2	4	3761
1908	5.0	1	1	3777
1908		3	2	3778
1909	3.0	2	2	3779
1909	4.0	2	2	3780
1909	4.0	1	1	3781
1909	3.0	1	1	3782
1910	2.0	1	1	3783
1912	4.0	2	2	3785
1912	2.0	1	1	3786
1913	2.0	1	1	3787
1914	2.0	1	1	3788
1917	2.0	1	1	3793
1919	59.0	2	4	3797
1919	8.0	3	1	3798
1920	3.0	3	1	3799
1921	5.0	1	1	3800
1922	1.0	1	1	3801
1922	2.0	1	1	3802
1923	2.0	1	1	3803
1923		3	2	3804
1926	5.0	1	1	3807
1927	5.0	1	1	3808
1929	3.0	3	1	3810
1929	4.0	3	1	3811
1931	5.0	1	1	3815
1931		3	2	3816
1932	30.0	4	5	3817
1932	21.0	4	5	3818
1932	11.0	2	2	3819
1932	10.0	4	1	3820
1932		2	4	3821
1932	9.0	2	4	3822
1932	19.0	4	1	3823
1932	11.0	4	1	3824
1932	3.0	2	4	3825
1932	9.0	4	1	3826
1932	4.0	4	1	3827
1932	8.0	4	1	3828
1932	3.0	4	1	3829
1934	2.0	1	1	3836
1934	5.0	1	1	3837
1935	3.0	1	1	3838
1935	3.0	2	2	3839
1936	3.0	2	2	3840
1936	3.0	1	1	3841
1941	4.0	2	2	3851
1941	4.0	1	1	3852
1941	1.0	1	1	3853
1941	1.0	2	2	3854
1942	1.0	1	1	3855
1942	2.0	1	1	3856
1945	1.0	2	2	3866
1945	6.0	2	3	3867
1945	4.0	2	2	3868
1945	1.0	1	1	3869
1946	5.0	1	1	3870
1947	1.0	2	2	3871
1947	1.0	1	1	3872
1949	2.0	1	1	3881
1950		3	2	3882
1950	1.0	1	1	3883
1953	5.0	1	1	3894
1953	20.0	1	1	3895
1953	1.0	1	1	3896
1953	1.0	2	2	3897
1954	2.0	1	1	3898
1955	23.0	2	3	3899
1957		3	2	3902
1958	2.0	1	1	3903
1958	5.0	1	1	3904
1959	2.0	1	1	3905
1961		3	2	3907
1962	2.0	1	1	3908
1962	5.0	1	1	3909
1963	5.0	1	1	3910
1965	5.0	1	1	3912
1966	2.0	1	1	3913
1967	2.0	1	1	3914
1969	3.0	2	2	3917
1969	6.0	2	3	3918
1969	6.0	3	1	3919
1969	3.0	3	1	3920
1969	6.0	2	2	3921
1970	1.0	1	1	3922
1970	1.0	2	4	3923
1970	1.0	2	2	3924
1971	4.0	2	2	3925
1971	1.0	2	2	3926
1971	6.0	2	3	3927
1971	1.0	1	1	3928
1972	5.0	1	1	3929
1973	3.0	2	2	3930
1973	3.0	1	1	3931
1975	2.0	1	1	3933
1975	3.0	1	1	3934
1975	5.0	1	1	3935
1976		3	2	3936
1979	10.0	4	1	3940
1979	94.0	4	5	3941
1979		3	2	3942
1979	7.0	2	3	3943
1979		2	4	3944
1979	3.0	3	4	3945
1979	72.0	4	5	3946
1979	3.0	4	1	3947
1979	8.0	4	1	3948
1981	2.0	1	1	3951
1981	1.0	1	1	3952
1982	4.0	3	1	3953
1983	16.0	1	1	3954
1983	3.0	1	1	3955
1983	1.0	1	1	3956
1984		3	2	3957
1985		3	2	3958
1988	1.0	2	2	3964
1988	20.0	3	1	3965
1988	7.0	3	1	3966
1988	6.0	3	1	3967
1988	1.0	3	1	3968
1990	10.0	3	1	3971
1991	20.0	1	1	3972
1991	1.0	2	2	3973
1991	5.0	1	1	3974
1991	1.0	1	1	3975
1992	2.0	1	1	3976
1992	5.0	1	1	3977
1993	2.0	3	1	3978
1993	10.0	3	1	3979
1993	5.0	3	1	3980
1993		3	2	3981
1994	2.0	1	1	3982
1995	2.0	1	1	3983
1995	5.0	1	1	3984
1996	1.0	1	1	3985
1996	1.0	2	2	3986
1997		3	2	3987
2000		3	2	3993
2002	1.0	1	1	3998
2003	1.0	1	1	3999
2004	22.0	2	4	4000
2004	6.0	2	3	4001
2004		3	2	4002
2004	10.0	4	1	4003
2004	6.0	4	5	4004
2005	3.0	1	1	4005
2005	3.0	2	2	4006
2006	2.0	1	1	4007
2007		3	2	4008
2008	2.0	1	1	4009
2009	2.0	1	1	4010
2011	16.0	1	1	4013
2012	4.0	1	1	4014
2012	2.0	1	1	4015
2012	4.0	2	2	4016
2013	1.0	4	1	4017
2013	1.0	2	3	4018
2013	10.0	4	1	4019
2013	1.0	2	2	4020
2014	2.0	1	1	4021
2015		3	2	4022
2015	3.0	1	1	4023
2017	1.0	2	2	4028
2017	1.0	1	1	4029
2018		3	2	4030
2020	1.0	1	1	4032
2020	2.0	1	1	4033
2022	1.0	2	3	4036
2022		3	2	4037
2022	1.0	1	1	4038
2022	4.0	2	2	4039
2022	1.0	2	2	4040
2024	6.0	1	1	4042
2026	3.0	1	1	4044
2027		3	2	4045
2028	1.0	2	2	4046
2028	1.0	1	1	4047
2028	6.0	2	3	4048
2028		3	2	4049
2029	2.0	1	1	4050
2029	1.0	1	1	4051
2029	5.0	1	1	4052
2032	4.0	3	1	4061
2034	10.0	4	1	4064
2034	3.0	4	1	4065
2034		2	4	4066
2034	56.0	4	5	4067
2034	23.0	4	5	4068
2034	13.0	2	2	4069
2034	15.0	4	5	4070
2034	1.0	4	1	4071
2034	15.0	4	1	4072
2036	2.0	1	1	4076
2038	8.0	3	1	4078
2038	3.0	3	1	4079
2038		2	4	4080
2039	1.0	1	1	4081
2039	1.0	2	2	4082
2041	4.0	1	1	4087
2041	3.0	1	1	4088
2041	15.0	2	4	4089
2041	4.0	2	2	4090
2041	3.0	2	2	4091
2042	3.0	3	1	4092
2042	3.0	2	4	4093
2042	3.0	2	2	4094
2044	2.0	1	1	4097
2046	3.0	2	2	4099
2046	3.0	3	1	4100
2046	4.0	3	1	4101
2046	9.0	2	4	4102
2047	2.0	1	1	4103
2050	2.0	1	1	4107
2052		3	2	4109
2052	5.0	3	1	4110
2052	7.0	3	1	4111
2052	1.0	3	1	4112
2052	1.0	2	2	4113
2052	7.0	2	4	4114
2053	3.0	1	1	4115
2054	5.0	1	1	4116
2054	2.0	1	1	4117
2057	2.0	1	1	4123
2057	5.0	1	1	4124
2058	3.0	1	1	4125
2058	2.0	1	1	4126
2058	5.0	1	1	4127
2058	1.0	1	1	4128
2058	1.0	2	2	4129
2059	17.0	2	4	4130
2059	11.0	3	1	4131
2059	17.0	3	1	4132
2060	3.0	3	1	4133
2063	3.0	1	1	4139
2063	5.0	1	1	4140
2063	3.0	2	2	4141
2064	2.0	1	1	4142
2065	3.0	2	2	4143
2065	3.0	1	1	4144
2066	5.0	1	1	4145
2066	2.0	1	1	4146
2066		3	2	4147
2068	1.0	1	1	4151
2069	2.0	1	1	4152
2071	11.0	2	3	4154
2071	1.0	1	1	4155
2071	1.0	2	3	4156
2071	1.0	2	2	4157
2072	3.0	3	1	4158
2074		3	2	4160
2075	2.0	1	1	4161
2076		3	2	4162
2076	29.0	3	1	4163
2077	3.0	3	1	4164
2077	27.0	3	1	4165
2077		3	2	4166
2077	4.0	3	1	4167
2077	3.0	2	2	4168
2078	3.0	1	1	4169
2078		3	2	4170
2081	5.0	1	1	4175
2082	1.0	2	2	4176
2082	1.0	1	1	4177
2084	1.0	2	2	4180
2084	1.0	1	1	4181
2086		2	4	4184
2086	10.0	3	1	4185
2088	3.0	2	3	4187
2088		3	2	4188
2088	4.0	2	2	4189
2088	3.0	2	2	4190
2088	4.0	1	1	4191
2088	3.0	1	1	4192
2089	5.0	1	1	4193
2090	25.0	3	1	4194
2090	20.0	3	1	4195
2090		2	4	4196
2092	5.0	1	1	4199
2092	1.0	1	1	4200
2092	4.0	1	1	4201
2092		3	2	4202
2092	4.0	2	2	4203
2092	1.0	2	2	4204
2093	4.0	2	2	4205
2093	1.0	2	2	4206
2093	1.0	2	3	4207
2093	1.0	1	1	4208
2094	8.0	1	1	4209
2096		3	2	4213
2096	1.0	1	1	4214
2096	4.0	2	2	4215
2096	1.0	2	2	4216
2098	1.0	1	1	4220
2100		3	2	4222
2100	2.0	1	1	4223
2101	3.0	3	1	4224
2101	10.0	3	1	4225
2102	2.0	1	1	4226
2102	14.0	2	3	4227
2103	18.0	4	1	4228
2103	34.0	2	4	4229
2103	34.0	2	2	4230
2103	10.0	4	1	4231
2103	42.0	4	5	4232
2103	88.0	4	5	4233
2103	69.0	4	5	4234
2103	82.0	4	5	4235
2104	2.0	1	1	4236
2104	5.0	1	1	4237
2105	1.0	2	2	4238
2105	1.0	1	1	4239
2107	2.0	1	1	4243
2108	4.0	3	1	4244
2111		3	2	4256
2111	1.0	2	4	4257
2111	1.0	2	2	4258
2111	1.0	1	1	4259
2111	11.0	1	1	4260
2111	3.0	2	2	4261
2111	3.0	1	1	4262
2112	1.0	1	1	4263
2112	1.0	2	2	4264
2112	5.0	1	1	4265
2112	4.0	1	1	4266
2112	4.0	2	2	4267
2114	2.0	1	1	4269
2121	4.0	2	2	4283
2121	1.0	2	2	4284
2121		3	2	4285
2121	1.0	3	1	4286
2121	11.0	3	1	4287
2121	11.0	2	4	4288
2121	6.0	2	3	4289
2124	1.0	2	2	4294
2124	4.0	2	2	4295
2124	4.0	1	1	4296
2124	1.0	1	1	4297
2127	2.0	1	1	4302
2128	1.0	1	1	4303
2128	2.0	1	1	4304
2129	1.0	2	2	4305
2129	1.0	1	1	4306
2130	5.0	1	1	4307
2132	5.0	1	1	4311
2134	2.0	1	1	4315
2136		3	2	4318
2136	2.0	1	1	4319
2139	2.0	1	1	4322
2139		3	2	4323
2140		3	2	4324
2141	5.0	1	1	4325
2141		3	2	4326
2142	2.0	1	1	4327
2143	1.0	2	2	4328
2143	2.0	1	1	4329
2143	4.0	2	2	4330
2143	1.0	1	1	4331
2144	76.0	3	1	4332
2144	5.0	3	1	4333
2144		3	2	4334
2144	4.0	2	2	4335
2148	5.0	1	1	4339
2148		3	2	4340
2149	3.0	3	1	4341
2149	1.0	2	2	4342
2149	4.0	3	1	4343
2149	27.0	3	1	4344
2149	9.0	3	1	4345
2149	1.0	3	1	4346
2149	9.0	2	2	4347
2149	9.0	2	4	4348
2149	6.0	3	1	4349
2149	9.0	4	5	4350
2149		3	2	4351
2150		3	2	4352
2155		3	2	4361
2156	2.0	1	1	4362
2158		3	2	4364
2159	3.0	2	2	4365
2159	3.0	3	1	4366
2159	1.0	2	2	4367
2159	2.0	3	1	4368
2159	1.0	3	1	4369
2159	6.0	3	1	4370
2159	4.0	3	1	4371
2164	4.0	2	2	4380
2165	1.0	1	1	4381
2165	1.0	2	3	4382
2165	1.0	2	2	4383
2166	3.0	1	1	4384
2166	15.0	2	4	4385
2166	28.0	1	1	4386
2166	3.0	2	2	4387
2170	3.0	1	1	4394
2170	2.0	1	1	4395
2170	1.0	1	1	4396
2170	3.0	2	2	4397
2171	1.0	1	1	4398
2173	5.0	1	1	4400
2174	1.0	1	1	4401
2174	2.0	1	1	4402
2175		3	2	4403
2176	7.0	3	1	4404
2177	2.0	1	1	4405
2177	3.0	1	1	4406
2177	3.0	2	2	4407
2178	1.0	1	1	4408
2179	7.0	2	2	4409
2179	7.0	1	1	4410
2180	2.0	1	1	4411
2181	5.0	1	1	4412
2186	23.0	4	5	4419
2186	58.0	4	5	4420
2186	36.0	4	5	4421
2186	22.0	2	4	4422
2186	10.0	4	1	4423
2187	1.0	1	1	4424
2188	3.0	1	1	4425
2188	3.0	2	2	4426
2189	4.0	3	1	4427
2191	2.0	1	1	4431
2193	3.0	2	4	4440
2194	8.0	1	1	4441
2197	5.0	1	1	4446
2198	10.0	4	1	4447
2198	2.0	4	1	4448
2201		3	2	4451
2202	1.0	1	1	4452
2206	1.0	1	1	4456
2206	2.0	1	1	4457
2207		3	2	4458
2209	8.0	3	1	4461
2209	59.0	2	4	4462
2209	39.0	4	5	4463
2209	31.0	4	5	4464
2211	8.0	1	1	4469
2212	7.0	3	1	4470
2212		2	4	4471
2212	8.0	3	1	4472
2213		3	2	4473
2214	2.0	1	1	4474
2214	4.0	2	2	4475
2215		3	2	4476
2215	2.0	1	1	4477
2217	1.0	2	2	4479
2217	1.0	1	1	4480
2220	3.0	1	1	4484
2221	3.0	1	1	4485
2221	2.0	1	1	4486
2223		3	2	4489
2224	2.0	1	1	4490
2226	5.0	1	1	4493
2226		3	2	4494
2227	5.0	1	1	4495
2228		3	2	4496
2232	8.0	1	1	4513
2233		3	2	4514
2233	11.0	2	4	4515
2233	4.0	3	1	4516
2233	19.0	3	1	4517
2233	3.0	3	1	4518
2233	8.0	3	1	4519
2233	11.0	3	1	4520
2233		2	4	4521
2233	80.0	3	1	4522
2233	3.0	2	2	4523
2234	2.0	1	1	4524
2235		3	2	4525
2236	2.0	1	1	4526
2239	6.0	1	1	4530
2240		3	2	4531
2240	1.0	2	2	4532
2242		3	2	4534
2244	2.0	1	1	4537
2246	2.0	1	1	4540
2246	1.0	1	1	4541
2247	3.0	2	2	4542
2247	3.0	1	1	4543
2247	1.0	1	1	4544
2248	1.0	1	1	4545
2254	2.0	1	1	4552
2254	1.0	1	1	4553
2255	2.0	1	1	4554
2256		3	2	4555
2257		3	2	4556
2258		3	2	4557
2259	1.0	2	2	4558
2259	2.0	1	1	4559
2259	1.0	1	1	4560
2260		3	2	4561
2262		3	2	4563
2265	2.0	1	1	4566
2267	5.0	1	1	4568
2270	7.0	1	1	4575
2270	5.0	1	1	4576
2270	7.0	2	2	4577
2272	2.0	1	1	4579
2273	1.0	1	1	4580
2274	5.0	1	1	4581
2276	2.0	1	1	4584
2276		3	2	4585
2277	5.0	1	1	4586
2278	2.0	1	1	4587
2280	1.0	2	2	4589
2280	1.0	1	1	4590
2281		3	2	4591
2281	3.0	1	1	4592
2285	9.0	2	2	4597
2285	9.0	1	1	4598
2288	1.0	1	1	4604
2290	5.0	1	1	4606
2291	2.0	1	1	4607
2297	5.0	1	1	4617
2299	1.0	1	1	4619
2299	3.0	1	1	4620
2300	6.0	2	3	4621
2300	2.0	1	1	4622
2301	4.0	2	2	4623
2303	3.0	1	1	4625
2304	3.0	1	1	4626
2306	1.0	1	1	4628
2307	1.0	1	1	4629
2308	3.0	1	1	4630
2308	4.0	1	1	4631
2308	4.0	2	3	4632
2311	4.0	1	1	4637
2311	3.0	2	2	4638
2311	3.0	1	1	4639
2312	5.0	1	1	4640
2315	4.0	3	1	4643
2315	3.0	3	1	4644
2315	14.0	2	3	4645
2315	3.0	2	2	4646
2317		3	2	4649
2317	2.0	1	1	4650
2319	2.0	1	1	4653
2321	12.0	1	1	4657
2327	5.0	1	1	4668
2333	1.0	2	3	4679
2334	5.0	4	1	4680
2334	10.0	4	1	4681
2335	1.0	1	1	4682
2336	1.0	2	3	4683
2337	1.0	1	1	4684
2341	2.0	1	1	4691
2346	4.0	1	1	4696
2346	4.0	2	2	4697
2346	3.0	1	1	4698
2346	3.0	2	2	4699
2348	1.0	2	2	4701
2348	1.0	1	1	4702
2349	3.0	1	1	4703
2350	12.0	1	1	4704
2351	2.0	1	1	4705
2353	5.0	1	1	4707
2355		3	2	4715
2360	2.0	1	1	4722
2362		3	2	4724
2362	1.0	1	1	4725
2364	16.0	1	1	4728
2365	2.0	1	1	4729
2367	5.0	1	1	4732
2368	5.0	1	1	4733
2369	25.0	1	1	4734
2371	5.0	1	1	4738
2374	1.0	2	2	4741
2374	1.0	1	1	4742
2376	2.0	1	1	4744
2376		3	2	4745
2378	9.0	1	1	4748
2378	9.0	2	2	4749
2379	2.0	1	1	4750
2380	2.0	1	1	4751
2381	2.0	1	1	4752
2382	2.0	1	1	4753
2384	3.0	1	1	4755
2384	3.0	2	2	4756
2386	4.0	1	1	4758
2386	3.0	1	1	4759
2386	3.0	2	2	4760
2386	4.0	2	2	4761
2387	4.0	1	1	4762
2387	3.0	1	1	4763
2389	3.0	1	1	4765
2389	2.0	1	1	4766
2390	3.0	1	1	4767
2391	1.0	1	1	4768
2393	1.0	1	1	4770
2394	4.0	1	1	4771
2394	4.0	2	2	4772
2394	3.0	2	2	4773
2394	3.0	1	1	4774
2396	3.0	2	2	4776
2396	4.0	2	2	4777
2396	4.0	1	1	4778
2396	3.0	1	1	4779
2398	2.0	1	1	4781
2399	3.0	1	1	4782
2399	2.0	1	1	4783
2399	3.0	2	2	4784
2401	9.0	2	4	4786
2402	5.0	1	1	4787
2402	3.0	1	1	4788
2403	9.0	2	4	4789
2403	3.0	1	1	4790
2405	1.0	1	1	4792
2405	1.0	2	2	4793
2406	2.0	1	1	4794
2407	5.0	1	1	4795
2408	2.0	1	1	4796
2408		3	2	4797
2410	1.0	2	2	4799
2410		3	2	4800
2410	1.0	1	1	4801
2411	5.0	1	1	4802
2414	3.0	3	1	4805
2415	2.0	1	1	4806
2424	1.0	1	1	4822
2425	2.0	1	1	4823
2425	3.0	1	1	4824
2426		3	2	4825
2427	3.0	1	1	4826
2427	3.0	2	2	4827
2427	4.0	1	1	4828
2428	5.0	1	1	4829
2433	5.0	1	1	4840
2436	5.0	1	1	4845
2438		3	2	4847
2439	3.0	1	1	4848
2443	2.0	1	1	4853
2444		3	2	4854
2445	4.0	1	1	4855
2445	4.0	2	2	4856
2446	7.0	1	1	4857
2448	3.0	1	1	4860
2449	2.0	1	1	4861
2450	2.0	1	1	4862
2451	3.0	2	2	4863
2451	3.0	1	1	4864
2454	1.0	2	2	4867
2455	13.0	2	4	4868
2460	3.0	3	1	4874
2461		3	2	4875
2463	8.0	1	1	4877
2464	1.0	2	2	4878
2464	1.0	1	1	4879
2465	1.0	1	1	4880
2466	4.0	1	1	4881
2466	3.0	1	1	4882
2467	9.0	2	2	4883
2467	9.0	1	1	4884
2469	5.0	1	1	4887
2470	2.0	1	1	4888
2471	1.0	1	1	4889
2471	2.0	1	1	4890
2472	1.0	2	2	4891
2472	1.0	1	1	4892
2477	3.0	1	1	4899
2478	12.0	1	1	4900
2480	3.0	1	1	4905
2480	1.0	2	2	4906
2480	1.0	1	1	4907
2481	2.0	1	1	4908
2482	2.0	1	1	4909
2485	37.0	2	3	4919
2485		3	2	4920
2485	4.0	1	1	4921
2485	4.0	2	2	4922
2485	3.0	1	1	4923
2486	1.0	1	1	4924
2486	6.0	1	1	4925
2486	1.0	2	2	4926
2487		3	2	4927
2491	2.0	1	1	4932
2492	7.0	2	3	4933
2494	7.0	1	1	4935
2494	7.0	2	2	4936
2495	1.0	1	1	4937
2497	2.0	1	1	4939
2498		3	2	4940
2499	12.0	1	1	4941
2501	3.0	1	1	4943
2502	3.0	1	1	4944
2502	6.0	2	3	4945
2504	4.0	2	2	4947
2504	3.0	1	1	4948
2507	1.0	1	1	4951
2507	1.0	2	2	4952
2507	1.0	2	3	4953
2512	4.0	2	2	4959
2512	17.0	3	1	4960
2513	5.0	1	1	4961
2514	4.0	2	2	4962
2514	3.0	2	2	4963
2514	3.0	1	1	4964
2515	2.0	1	1	4965
2519	7.0	2	2	4970
2519	7.0	1	1	4971
2521	7.0	2	4	4973
2522	5.0	1	1	4974
2523	2.0	1	1	4975
2524	1.0	1	1	4976
2526	3.0	2	2	4979
2526	4.0	2	2	4980
2526	4.0	1	1	4981
2526	3.0	1	1	4982
2527	2.0	1	1	4983
2528	2.0	1	1	4984
2532	3.0	2	2	4992
2532	3.0	1	1	4993
2532	4.0	1	1	4994
2532	1.0	2	3	4995
2534	7.0	3	1	4997
2534	18.0	3	1	4998
2536	6.0	1	1	5000
2539		3	2	5003
2542	2.0	1	1	5007
2543	2.0	1	1	5008
2545	3.0	1	1	5010
2545	3.0	2	2	5011
2546	2.0	1	1	5012
2547	4.0	3	1	5013
2549	2.0	3	1	5018
2549	4.0	3	1	5019
2549	1.0	3	1	5020
2553	2.0	1	1	5026
2555		3	2	5030
2557	5.0	1	1	5032
2560	1.0	1	1	5036
2560	4.0	1	1	5037
2560	3.0	1	1	5038
2560	2.0	1	1	5039
2560	3.0	2	2	5040
2561	2.0	1	1	5041
2563	3.0	1	1	5047
2563	2.0	1	1	5048
2563	3.0	2	2	5049
2564	2.0	1	1	5050
2565	12.0	1	1	5051
2567	4.0	2	2	5054
2567	3.0	2	2	5055
2567	3.0	1	1	5056
2567	4.0	1	1	5057
2567	2.0	1	1	5058
2567	12.0	1	1	5059
2569	5.0	1	1	5061
2573	2.0	1	1	5065
2576	1.0	2	2	5068
2576	1.0	1	1	5069
2577		3	2	5070
2581	1.0	2	3	5074
2582	2.0	1	1	5075
2585		3	2	5082
2586	2.0	1	1	5083
2588	2.0	1	1	5085
2589	3.0	2	3	5086
2589	4.0	1	1	5087
2589	3.0	2	2	5088
2589	4.0	2	2	5089
2589	3.0	1	1	5090
2590	3.0	3	1	5091
2591	2.0	1	1	5092
2591	1.0	1	1	5093
2592	4.0	2	2	5094
2592	1.0	1	1	5095
2594	2.0	1	1	5097
2598	2.0	1	1	5103
2598	11.0	2	3	5104
2600	5.0	1	1	5111
2601	8.0	1	1	5112
2608	5.0	1	1	5119
2608		3	2	5120
2610	3.0	1	1	5122
2611	5.0	1	1	5123
2612	2.0	1	1	5124
2613	3.0	2	2	5125
2613	4.0	2	2	5126
2613	3.0	3	1	5127
2613	4.0	3	1	5128
2613		3	2	5129
2613	11.0	3	1	5130
2615	1.0	1	1	5134
2616	2.0	1	1	5135
2619	6.0	2	3	5140
2619	9.0	3	1	5141
2619	13.0	2	2	5142
2619	6.0	3	1	5143
2621	7.0	1	1	5146
2621	7.0	2	2	5147
2622	2.0	1	1	5148
2623	3.0	3	1	5149
2623		3	2	5150
2625		3	2	5155
2625	2.0	1	1	5156
2626	3.0	3	1	5157
2629	2.0	1	1	5160
2630	2.0	1	1	5161
2631	4.0	2	2	5162
2631	3.0	1	1	5163
2631	4.0	1	1	5164
2631	3.0	2	2	5165
2632	12.0	3	1	5166
2634	4.0	1	1	5168
2634	4.0	2	2	5169
2634	3.0	1	1	5170
2635	2.0	1	1	5171
2636	3.0	2	2	5172
2636	3.0	1	1	5173
2636	4.0	1	1	5174
2638		3	2	5180
2639	2.0	1	1	5181
2639	1.0	1	1	5182
2640	5.0	1	1	5183
2641		3	2	5184
2642	2.0	1	1	5185
2645	3.0	1	1	5188
2645	5.0	1	1	5189
2648	2.0	1	1	5192
2648		3	2	5193
2649		3	2	5194
2649	6.0	2	3	5195
2652	1.0	2	2	5202
2652	1.0	1	1	5203
2653		3	2	5204
2656	5.0	1	1	5209
2657	3.0	1	1	5210
2657	3.0	2	2	5211
2658	3.0	2	2	5212
2658	3.0	1	1	5213
2658	4.0	1	1	5214
2659	7.0	3	1	5215
2659	8.0	3	1	5216
2661	3.0	1	1	5218
2666	5.0	1	1	5224
2668	5.0	1	1	5226
2670	2.0	1	1	5232
2674	4.0	2	2	5242
2674	4.0	1	1	5243
2675	2.0	1	1	5244
2676	1.0	2	3	5245
2679		3	2	5248
2680		3	2	5249
2684	4.0	3	1	5254
2684		3	2	5255
2685		3	2	5256
2687	1.0	2	2	5258
2687	1.0	1	1	5259
2688	2.0	1	1	5260
2689	2.0	1	1	5261
2689		3	2	5262
2690	4.0	2	2	5263
2690	4.0	1	1	5264
2690	3.0	1	1	5265
2691	5.0	1	1	5266
2694	2.0	1	1	5270
2696	5.0	1	1	5272
2696	2.0	1	1	5273
2697	34.0	2	2	5274
2697	18.0	1	1	5275
2699	2.0	3	1	5278
2699	10.0	3	1	5279
2700	7.0	2	3	5280
2701	1.0	1	1	5281
2701	1.0	2	2	5282
2706	3.0	1	1	5291
2706	4.0	2	3	5292
2708	3.0	1	1	5294
2709	6.0	2	2	5295
2709	6.0	1	1	5296
2709	1.0	1	1	5297
2709	1.0	2	2	5298
2710	2.0	1	1	5299
2711	5.0	1	1	5300
2714		3	2	5306
2715	7.0	3	1	5307
2715		2	4	5308
2716	8.0	1	1	5309
2717	2.0	1	1	5310
2717	7.0	2	2	5311
2717	7.0	1	1	5312
2718	6.0	2	3	5313
2719	3.0	2	2	5314
2719	4.0	2	2	5315
2719		3	2	5316
2719	3.0	1	1	5317
2719	4.0	1	1	5318
2719	4.0	2	4	5319
2719	3.0	2	4	5320
2720	2.0	1	1	5321
2723	6.0	2	3	5328
2725		3	2	5333
2727	5.0	1	1	5335
2728	1.0	1	1	5336
2728	1.0	2	2	5337
2730	3.0	1	1	5339
2733		3	2	5343
2734	5.0	3	1	5344
2734	3.0	3	1	5345
2741	5.0	1	1	5353
2742	15.0	2	4	5354
2742	4.0	2	2	5355
2743	3.0	3	1	5356
2744	14.0	2	3	5357
2748	2.0	1	1	5361
2750	3.0	1	1	5363
2750	4.0	1	1	5364
2750	6.0	2	3	5365
2750	3.0	2	2	5366
2752	5.0	1	1	5368
2753		3	2	5369
2754	2.0	1	1	5370
2755		3	2	5371
2756	1.0	1	1	5372
2757	2.0	1	1	5373
2759		3	2	5375
2760		3	2	5376
2761	2.0	1	1	5377
2762		3	2	5378
2763	2.0	1	1	5379
2764	2.0	1	1	5380
2764	5.0	1	1	5381
2766	1.0	1	1	5383
2770	2.0	1	1	5390
2772	6.0	3	1	5393
2772	6.0	2	2	5394
2773	1.0	1	1	5395
2773	1.0	2	2	5396
2775		3	2	5398
2775	9.0	1	1	5399
2775	9.0	2	2	5400
2779	3.0	3	1	5409
2779		3	2	5410
2780	3.0	1	1	5411
2783	2.0	1	1	5414
2784	5.0	1	1	5415
2786	4.0	2	2	5417
2787		2	4	5418
2787	74.0	4	5	5419
2787	81.0	4	5	5420
2787	10.0	4	1	5421
2789	5.0	1	1	5424
2791	3.0	2	2	5426
2791	6.0	2	3	5427
2791	4.0	1	1	5428
2791	3.0	1	1	5429
2795	5.0	1	1	5434
2796	1.0	2	2	5435
2796	1.0	1	1	5436
2798	5.0	1	1	5439
2798	45.0	1	1	5440
2799	2.0	1	1	5441
2803	12.0	1	1	5449
2807	1.0	1	1	5457
2807	1.0	2	2	5458
2808	5.0	1	1	5459
2817	3.0	3	1	5480
2817	4.0	3	1	5481
2817	32.0	3	1	5482
2817	40.0	2	3	5483
2817	4.0	2	2	5484
2817	4.0	2	3	5485
2817	3.0	2	2	5486
2818	1.0	1	1	5487
2820	1.0	2	2	5490
2820	3.0	2	2	5491
2820	3.0	1	1	5492
2820	1.0	1	1	5493
2821	12.0	1	1	5494
2822		3	2	5495
2823	1.0	1	1	5496
2823	1.0	2	2	5497
2826	5.0	1	1	5505
2828	2.0	1	1	5507
2828	3.0	1	1	5508
2828	4.0	1	1	5509
2829		3	2	5510
2830	2.0	1	1	5511
2831	5.0	1	1	5512
2833	2.0	1	1	5514
2834	7.0	2	2	5515
2834	7.0	1	1	5516
2836	1.0	2	3	5518
2840	1.0	2	3	5522
2841	5.0	1	1	5523
2844	4.0	3	1	5527
2844	3.0	3	1	5528
2844	3.0	2	2	5529
2846	1.0	1	1	5532
2846	1.0	2	3	5533
2846	1.0	2	2	5534
2848	5.0	1	1	5536
2849	3.0	3	1	5537
2849	5.0	3	1	5538
2852	2.0	1	1	5541
2854	5.0	1	1	5543
2855	5.0	1	1	5544
2856	5.0	1	1	5545
2857	8.0	1	1	5546
2858	2.0	1	1	5547
2861	1.0	1	1	5553
2861	1.0	2	2	5554
2866	1.0	2	3	5560
2867	5.0	1	1	5561
2867	45.0	1	1	5562
2871	9.0	1	1	5566
2871	9.0	2	2	5567
2874	3.0	1	1	5571
2875	3.0	1	1	5572
2875	3.0	2	2	5573
2875	1.0	1	1	5574
2875	12.0	1	1	5575
2876	5.0	1	1	5576
2877	2.0	1	1	5577
2878		3	2	5578
2879	14.0	2	3	5579
2882	5.0	1	1	5583
2882	4.0	1	1	5584
2883	3.0	1	1	5585
2885	1.0	2	2	5588
2885		3	2	5589
2885	1.0	1	1	5590
2886	1.0	1	1	5591
2887	2.0	1	1	5592
2889	3.0	3	1	5597
2891		3	2	5600
2894	1.0	1	1	5604
2895	4.0	1	1	5605
2895	4.0	2	2	5606
2895	3.0	1	1	5607
2895	5.0	1	1	5608
2896	33.0	2	3	5609
2896	19.0	3	1	5610
2896		3	2	5611
2897	1.0	1	1	5612
2898	3.0	3	1	5613
2899	1.0	1	1	5614
2905	5.0	1	1	5621
2907	4.0	2	2	5623
2907	3.0	1	1	5624
2907	4.0	1	1	5625
2908	2.0	1	1	5626
2917	14.0	2	3	5641
2918	3.0	3	1	5642
2918	5.0	3	1	5643
2918	4.0	3	1	5644
2918	2.0	3	1	5645
2922		3	2	5650
2922	1.0	1	1	5651
2927	1.0	1	1	5656
2928	2.0	1	1	5657
2932	2.0	1	1	5662
2933	16.0	1	1	5663
2933	5.0	1	1	5664
2934	4.0	3	1	5665
2934	3.0	2	2	5666
2934	4.0	2	2	5667
2934	3.0	3	1	5668
2934	4.0	2	3	5669
2934	6.0	2	3	5670
2934		3	2	5671
2934	3.0	2	3	5672
2937	4.0	2	2	5675
2937	1.0	1	1	5676
2937	11.0	2	3	5677
2938	2.0	1	1	5678
2939	3.0	1	1	5679
2941	2.0	1	1	5683
2942	1.0	2	2	5684
2942	1.0	1	1	5685
2945	2.0	1	1	5698
2947	2.0	1	1	5700
2947		3	2	5701
2948		3	2	5702
2950	6.0	2	3	5704
2951	5.0	1	1	5705
2952	5.0	1	1	5706
2954	6.0	1	1	5708
2954	1.0	1	1	5709
2954	1.0	2	2	5710
2955		3	2	5711
2956	1.0	2	2	5712
2956	1.0	1	1	5713
2956	14.0	2	3	5714
2958	3.0	2	2	5719
2958	3.0	1	1	5720
2958	4.0	1	1	5721
2960	4.0	2	2	5723
2961	2.0	1	1	5724
2962	2.0	1	1	5725
2968	4.0	1	1	5748
2968	4.0	2	2	5749
2968	3.0	1	1	5750
2969	1.0	1	1	5751
2969	1.0	2	2	5752
2969	5.0	1	1	5753
2970	4.0	2	2	5754
2970	12.0	1	1	5755
2971	2.0	1	1	5756
2971	5.0	1	1	5757
2974	5.0	1	1	5761
2975	2.0	1	1	5762
2976	5.0	1	1	5763
2976	3.0	1	1	5764
2979	6.0	2	3	5769
2980	5.0	1	1	5770
2980	2.0	1	1	5771
2981	2.0	1	1	5772
2981	1.0	1	1	5773
2981	6.0	1	1	5774
2983	4.0	2	2	5776
2983	3.0	1	1	5777
2983	4.0	1	1	5778
2984	2.0	1	1	5779
2985	2.0	1	1	5780
2987	1.0	1	1	5785
2987	1.0	2	2	5786
2988	14.0	2	3	5787
2988	3.0	1	1	5788
2988	1.0	1	1	5789
2989	3.0	1	1	5790
2989	4.0	2	2	5791
2989	4.0	1	1	5792
2990	2.0	1	1	5793
2994		3	2	5798
2995	3.0	1	1	5799
2995		3	2	5800
2996	2.0	1	1	5801
2999	2.0	1	1	5805
3001	6.0	2	3	5807
3002	1.0	2	2	5808
3002	1.0	1	1	5809
3003	2.0	4	1	5810
3003	61.0	4	5	5811
3003	53.0	4	5	5812
3003	24.0	2	4	5813
3003	10.0	4	1	5814
3004		3	2	5815
3004	11.0	3	1	5816
3004	8.0	3	1	5817
3004	7.0	3	1	5818
3005	7.0	3	1	5819
3005		3	2	5820
3006	4.0	2	2	5821
3006	2.0	1	1	5822
3008	31.0	4	5	5824
3008	3.0	4	1	5825
3008	10.0	4	1	5826
3008	1.0	4	1	5827
3008	4.0	2	4	5828
3008	3.0	2	2	5829
3008	22.0	2	4	5830
3008	52.0	2	4	5831
3008	1.0	2	2	5832
3008	9.0	2	4	5833
3008		2	4	5834
3008	3.0	2	4	5835
3009	2.0	1	1	5836
3010		3	2	5837
3012	18.0	1	1	5839
3013	5.0	1	1	5840
3015	2.0	1	1	5846
3016	20.0	1	1	5847
3016	1.0	2	2	5848
3016	1.0	1	1	5849
3019	3.0	2	2	5854
3019	4.0	1	1	5855
3019	4.0	2	2	5856
3019	3.0	1	1	5857
3019	2.0	1	1	5858
3020	3.0	1	1	5859
3020	3.0	2	2	5860
3020	4.0	2	2	5861
3021	3.0	1	1	5862
3024	1.0	1	1	5865
3026		3	2	5868
3029		3	2	5875
3031	2.0	1	1	5881
3031	5.0	1	1	5882
3032	1.0	2	2	5883
3032	1.0	1	1	5884
3032	1.0	2	3	5885
3033	1.0	2	3	5886
3033	4.0	3	1	5887
3033		3	2	5888
3034	3.0	1	1	5889
3036	4.0	1	1	5891
3036	4.0	2	2	5892
3036	3.0	1	1	5893
3037	2.0	1	1	5894
3038	2.0	1	1	5895
3039	3.0	1	1	5896
3042		3	2	5902
3043	6.0	2	4	5903
3046	1.0	2	3	5906
3047	1.0	2	3	5907
3048	17.0	3	1	5908
3051	1.0	1	1	5912
3053		3	2	5915
3055	3.0	2	2	5918
3055	3.0	1	1	5919
3056	1.0	1	1	5920
3056	1.0	2	3	5921
3056	1.0	2	2	5922
3059	3.0	2	2	5925
3059	3.0	1	1	5926
3060	2.0	1	1	5927
3062	3.0	2	2	5930
3062	3.0	1	1	5931
3064	2.0	1	1	5935
3067	2.0	1	1	5938
3068	1.0	2	3	5939
3069	1.0	2	2	5940
3069	1.0	1	1	5941
3076	2.0	1	1	5951
3077	1.0	2	2	5952
3077	1.0	1	1	5953
3078	3.0	1	1	5954
3080		3	2	5956
3082	11.0	2	2	5959
3082	11.0	1	1	5960
3082	6.0	2	3	5961
3085	2.0	1	1	5967
3087	1.0	1	1	5970
3091	1.0	1	1	5977
3091	1.0	2	2	5978
3092	2.0	1	1	5979
3096	8.0	1	1	5984
3098	1.0	1	1	5987
3098	1.0	2	2	5988
3102	5.0	1	1	5995
3103		3	2	5996
3103	7.0	2	3	5997
3104	5.0	1	1	5998
3106	4.0	4	1	6001
3106		2	4	6002
3106	9.0	2	4	6003
3106	3.0	2	2	6004
3106	57.0	4	1	6005
3106	10.0	4	1	6006
3106	3.0	4	1	6007
3108	24.0	2	3	6011
3109	2.0	1	1	6012
3110	1.0	2	2	6013
3112	2.0	1	1	6016
3112	3.0	1	1	6017
3115	4.0	2	3	6020
3115	4.0	2	2	6021
3115	4.0	3	1	6022
3115	3.0	3	1	6023
3116	1.0	2	3	6024
3116	37.0	2	3	6025
3116	5.0	1	1	6026
3117	2.0	1	1	6027
3118	5.0	1	1	6028
3118	1.0	1	1	6029
3118	1.0	2	2	6030
3122	9.0	2	2	6038
3122	9.0	1	1	6039
3124	4.0	2	2	6043
3127		2	4	6046
3127	1.0	2	2	6047
3127	10.0	1	1	6048
3127	1.0	1	1	6049
3129	1.0	1	1	6051
3130	11.0	1	1	6052
3130		3	2	6053
3130	6.0	2	3	6054
3130	11.0	2	4	6055
3130	11.0	2	2	6056
3132	4.0	2	2	6059
3132	4.0	1	1	6060
3132	1.0	1	1	6061
3132	1.0	2	3	6062
3132	1.0	2	2	6063
3133	2.0	1	1	6064
3134	14.0	2	3	6065
3135	3.0	1	1	6066
3135	3.0	2	2	6067
3136	4.0	3	1	6068
3137	1.0	2	3	6069
3146	12.0	1	1	6085
3147	2.0	1	1	6086
3152		3	2	6092
3154	3.0	1	1	6094
3154	9.0	2	4	6095
3155		3	2	6096
3159		3	2	6101
3162	1.0	1	1	6105
3163	5.0	1	1	6106
3163	2.0	1	1	6107
3165	2.0	1	1	6109
3167	6.0	2	3	6111
3168	8.0	1	1	6112
3169	16.0	1	1	6113
3170	5.0	1	1	6114
3171	3.0	1	1	6115
3175	9.0	1	1	6120
3175	5.0	1	1	6121
3175	9.0	2	2	6122
3176	5.0	1	1	6123
3177	2.0	1	1	6124
3178	1.0	2	2	6125
3178	4.0	1	1	6126
3178	1.0	1	1	6127
3178	4.0	2	2	6128
3179	3.0	1	1	6129
3181	2.0	1	1	6132
3185	5.0	1	1	6138
3186	4.0	2	3	6139
3186	3.0	2	4	6140
3186	1.0	2	4	6141
3186	10.0	4	1	6142
3186		2	4	6143
3186	1.0	4	1	6144
3186	3.0	4	1	6145
3187	1.0	1	1	6146
3187	1.0	2	2	6147
3189		3	2	6149
3190	6.0	1	1	6150
3190	6.0	2	2	6151
3192		3	2	6154
3192	7.0	2	3	6155
3193	1.0	1	1	6156
3193	1.0	2	2	6157
3194	5.0	1	1	6158
3197	6.0	1	1	6164
3197	6.0	2	2	6165
3200	1.0	1	1	6169
3200	1.0	2	2	6170
3203		3	2	6174
3204	2.0	1	1	6175
3206	1.0	2	3	6177
3208	2.0	1	1	6180
3209	2.0	1	1	6181
3211	3.0	3	1	6184
3217	24.0	2	4	6201
3217	2.0	4	1	6202
3217	10.0	4	1	6203
3219	2.0	1	1	6206
3221	2.0	1	1	6208
3222	3.0	1	1	6209
3222		3	2	6210
3223	5.0	1	1	6211
3225	2.0	1	1	6213
3225	1.0	2	3	6214
3225	37.0	2	3	6215
3230		3	2	6224
3231	2.0	1	1	6225
3232	4.0	2	2	6226
3236	3.0	2	2	6232
3236		3	2	6233
3236	3.0	1	1	6234
3237	5.0	1	1	6235
3238		3	2	6236
3238	7.0	1	1	6237
3239	5.0	1	1	6238
3240	1.0	1	1	6239
3241	12.0	3	1	6240
3242		3	2	6241
3242	2.0	1	1	6242
3243	11.0	2	4	6243
3244	2.0	1	1	6244
3245	5.0	1	1	6245
3246	5.0	1	1	6246
3247		3	2	6247
3250		3	2	6251
3254	2.0	1	1	6255
3257	3.0	1	1	6260
3259	5.0	1	1	6263
3261	1.0	2	3	6265
3262	5.0	1	1	6266
3263	4.0	1	1	6267
3263	3.0	1	1	6268
3263	3.0	2	2	6269
3264	4.0	2	2	6270
3264	3.0	1	1	6271
3264	3.0	2	2	6272
3264	6.0	2	3	6273
3264	4.0	1	1	6274
3266	1.0	2	2	6276
3266		3	2	6277
3266	1.0	1	1	6278
3268	1.0	1	1	6280
3268	12.0	1	1	6281
3276	6.0	1	1	6291
3276	3.0	1	1	6292
3276	6.0	2	3	6293
3281	2.0	1	1	6298
3281	3.0	1	1	6299
3281	4.0	1	1	6300
3282	4.0	3	1	6301
3283	4.0	3	1	6302
3283	3.0	3	1	6303
3284	3.0	3	1	6304
3285	2.0	1	1	6305
3286	1.0	1	1	6306
3286	1.0	2	2	6307
3287		3	2	6308
3288	3.0	1	1	6309
3289	5.0	1	1	6310
3289	2.0	1	1	6311
3290		3	2	6312
3291		3	2	6313
3292	1.0	1	1	6314
3292	4.0	2	2	6315
3292	1.0	2	2	6316
3295	7.0	2	3	6320
3297	3.0	2	2	6323
3297	3.0	1	1	6324
3302	3.0	1	1	6331
3304		3	2	6335
3305	5.0	1	1	6336
3306		3	2	6337
3307	3.0	1	1	6338
3307	3.0	2	2	6339
3308	3.0	2	2	6340
3308	4.0	2	2	6341
3308		3	2	6342
3308	4.0	1	1	6343
3308	3.0	2	4	6344
3308	3.0	1	1	6345
3309		3	2	6346
3310	8.0	1	1	6347
3311	12.0	1	1	6348
3313	24.0	2	3	6350
3314	5.0	1	1	6351
3318		3	2	6361
3320	2.0	1	1	6363
3322	5.0	1	1	6366
3323	1.0	2	2	6367
3323	1.0	1	1	6368
3323	2.0	1	1	6369
3324	1.0	2	3	6370
3324	1.0	2	2	6371
3324	1.0	1	1	6372
3324		3	2	6373
3331		3	2	6384
3332	3.0	1	1	6385
3332		3	2	6386
3335	2.0	1	1	6391
3335	1.0	1	1	6392
3336	1.0	3	1	6393
3336		3	2	6394
3336	1.0	2	2	6395
3336	11.0	3	1	6396
3337	49.0	2	4	6397
3337	3.0	1	1	6398
3337	5.0	1	1	6399
3337	4.0	2	2	6400
3338	2.0	1	1	6401
3341	3.0	1	1	6406
3343	4.0	1	1	6413
3343	1.0	1	1	6414
3343	4.0	2	2	6415
3343	3.0	1	1	6416
3343	1.0	2	2	6417
3344	18.0	1	1	6418
3346	1.0	2	2	6421
3346	1.0	1	1	6422
3349	5.0	1	1	6427
3354	1.0	2	2	6435
3354	4.0	2	2	6436
3354	1.0	1	1	6437
3355	3.0	3	1	6438
3355		3	2	6439
3357	1.0	1	1	6441
3360	3.0	1	1	6445
3361	8.0	1	1	6446
3366	2.0	1	1	6453
3371	1.0	1	1	6459
3371	1.0	2	2	6460
3373	3.0	2	2	6464
3373	4.0	1	1	6465
3373	3.0	1	1	6466
3376	5.0	1	1	6470
3379	5.0	1	1	6476
3380		3	2	6477
3389	2.0	1	1	6490
3389	5.0	1	1	6491
3392	1.0	1	1	6497
3394	2.0	1	1	6499
3397		3	2	6505
3398	1.0	2	2	6506
3398		3	2	6507
3398	1.0	1	1	6508
3399		3	2	6509
3399	11.0	3	1	6510
3399	8.0	3	1	6511
3399	11.0	2	4	6512
3399	11.0	2	2	6513
3405	5.0	1	1	6525
3405	1.0	1	1	6526
3407	5.0	1	1	6528
3408	2.0	1	1	6529
3408	1.0	1	1	6530
3410	1.0	2	2	6533
3410	1.0	1	1	6534
3413	5.0	1	1	6541
3416	5.0	1	1	6545
3416	14.0	2	3	6546
3417	1.0	2	2	6547
3417	1.0	1	1	6548
3419	1.0	2	3	6551
3422	2.0	1	1	6558
3423		3	2	6559
3425	3.0	1	1	6564
3425	2.0	1	1	6565
3428	2.0	1	1	6568
3433	4.0	2	2	6576
3434	7.0	3	1	6577
3434	6.0	3	1	6578
3435	1.0	1	1	6579
3438	3.0	1	1	6586
3438	4.0	1	1	6587
3438	3.0	2	2	6588
3439	5.0	1	1	6589
3443		3	2	6599
3444	24.0	2	3	6600
3447	4.0	2	2	6604
3447		3	2	6605
3447	1.0	2	2	6606
3447	4.0	1	1	6607
3447	1.0	1	1	6608
3449	21.0	4	5	6610
3449	35.0	4	5	6611
3449	3.0	2	2	6612
3449	3.0	1	1	6613
3449	4.0	4	5	6614
3449	4.0	1	1	6615
3450	3.0	1	1	6616
3450	4.0	2	2	6617
3452		3	2	6619
3453		3	2	6620
3454	5.0	1	1	6621
3455	3.0	3	1	6622
3456		3	2	6623
3457	2.0	1	1	6624
3459	8.0	1	1	6627
3461		2	4	6631
3464		3	2	6639
3465	1.0	1	1	6640
3465	3.0	1	1	6641
3465	3.0	2	2	6642
3465	1.0	2	2	6643
3468		3	2	6646
3469	5.0	1	1	6647
3470	4.0	3	1	6648
3473	3.0	1	1	6654
3473	2.0	1	1	6655
3476	5.0	1	1	6660
3477	6.0	2	3	6661
3480	2.0	1	1	6668
3481	5.0	1	1	6669
3483	4.0	2	2	6671
3485		3	2	6673
3491	2.0	1	1	6686
3493		2	4	6688
3493	10.0	4	1	6689
3493	8.0	4	1	6690
3494	1.0	2	2	6691
3494	1.0	1	1	6692
3499	3.0	3	1	6700
3500		3	2	6701
3503	2.0	1	1	6706
3504	3.0	3	1	6707
3505	2.0	1	1	6708
3508	2.0	1	1	6714
3509		3	2	6715
3509	11.0	2	3	6716
3511	1.0	2	4	6719
3511	1.0	1	1	6720
3511	1.0	2	2	6721
3514	2.0	1	1	6726
3517	1.0	1	1	6730
3517	1.0	2	4	6731
3517	1.0	2	2	6732
3517	4.0	1	1	6733
3517	3.0	2	2	6734
3517	3.0	1	1	6735
3518	2.0	1	1	6736
3521	3.0	1	1	6741
3521	3.0	2	2	6742
3521	4.0	1	1	6743
3523	3.0	4	1	6746
3523	4.0	4	1	6747
3523	10.0	4	1	6748
3523		2	4	6749
3523	3.0	2	2	6750
3526	1.0	2	3	6754
3526	1.0	2	2	6755
3526	1.0	1	1	6756
3526	3.0	1	1	6757
3526		3	2	6758
3528	1.0	2	2	6761
3528	1.0	1	1	6762
3529	3.0	2	2	6763
3529	3.0	1	1	6764
3530	2.0	1	1	6765
3531	1.0	2	3	6766
3532	9.0	2	4	6767
3533	3.0	1	1	6768
3534	5.0	1	1	6769
3535	3.0	1	1	6770
3541	5.0	1	1	6778
3542	11.0	1	1	6779
3542	6.0	1	1	6780
3543	2.0	1	1	6781
3544	2.0	1	1	6782
3545	2.0	1	1	6783
3546	2.0	1	1	6784
3547	2.0	1	1	6785
3549	1.0	1	1	6792
3549		3	2	6793
3551	2.0	1	1	6798
3552	1.0	1	1	6799
3552	1.0	2	2	6800
3555	3.0	1	1	6806
3555	4.0	2	2	6807
3555	4.0	1	1	6808
3557	2.0	1	1	6810
3560	2.0	1	1	6813
3565	2.0	1	1	6820
3565	3.0	1	1	6821
3565	3.0	2	2	6822
3565		3	2	6823
3566	1.0	1	1	6824
3570	1.0	1	1	6829
3574	1.0	1	1	6837
3575	9.0	2	4	6838
3576	1.0	2	2	6839
3576	1.0	1	1	6840
3578	1.0	2	3	6842
3578	1.0	1	1	6843
3578	1.0	2	2	6844
3581	1.0	2	2	6847
3581	1.0	1	1	6848
3583	3.0	2	2	6851
3583	3.0	1	1	6852
3583	4.0	1	1	6853
3585	1.0	1	1	6856
3585	1.0	2	2	6857
3588	4.0	2	2	6868
3588	3.0	2	2	6869
3588	3.0	1	1	6870
3588	4.0	1	1	6871
3589	1.0	1	1	6872
3589	1.0	2	2	6873
3591	3.0	2	2	6876
3591	8.0	1	1	6877
3591	3.0	1	1	6878
3594	4.0	1	1	6882
3594	1.0	1	1	6883
3594	1.0	2	2	6884
3594	4.0	2	2	6885
3594	1.0	2	3	6886
3595	2.0	1	1	6887
3597	1.0	2	3	6891
3599	1.0	2	3	6896
3601	1.0	2	2	6899
3601	1.0	2	3	6900
3601	1.0	1	1	6901
3606	5.0	1	1	6908
3609	1.0	1	1	6913
3611	2.0	1	1	6916
3614	2.0	1	1	6921
3615	2.0	1	1	6922
3616	3.0	1	1	6923
3616	4.0	1	1	6924
3616	4.0	2	3	6925
3621	1.0	2	4	6933
3621	1.0	1	1	6934
3623	1.0	2	3	6939
3630	2.0	1	1	6948
3631	5.0	1	1	6949
3632	3.0	2	2	6950
3632	3.0	1	1	6951
3634	2.0	1	1	6953
3635	1.0	1	1	6954
3639	7.0	1	1	6958
3648	14.0	2	3	6974
3648		3	2	6975
3649	5.0	1	1	6976
3651	3.0	2	2	6979
3651	2.0	1	1	6980
3651	3.0	1	1	6981
3653		3	2	6983
3653	3.0	1	1	6984
3653	4.0	2	2	6985
3653	3.0	2	2	6986
3653	4.0	1	1	6987
3653	4.0	2	3	6988
3653	3.0	2	3	6989
3654	3.0	3	1	6990
3655	6.0	2	3	6991
3655	3.0	1	1	6992
3656	2.0	1	1	6993
3657	4.0	2	2	6994
3657	3.0	2	2	6995
3657	3.0	1	1	6996
3657	4.0	1	1	6997
3658	3.0	1	1	6998
3658	4.0	1	1	6999
3659	2.0	1	1	7000
3660	3.0	1	1	7001
3660	4.0	1	1	7002
3660	3.0	2	2	7003
3663	2.0	1	1	7007
3665	2.0	1	1	7011
3668	3.0	2	2	7015
3668	4.0	1	1	7016
3668	3.0	1	1	7017
3674	2.0	1	1	7025
3675	1.0	2	3	7026
3675	11.0	2	3	7027
3675	1.0	2	2	7028
3675	1.0	1	1	7029
3676	1.0	2	3	7030
3677	3.0	1	1	7031
3677	3.0	2	2	7032
3679	32.0	3	1	7034
3679	3.0	3	1	7035
3679	4.0	3	1	7036
3679		3	2	7037
3679	4.0	2	2	7038
3679	3.0	2	2	7039
3679	3.0	2	4	7040
3679	4.0	2	4	7041
3680	5.0	1	1	7042
3687	2.0	1	1	7052
3689	7.0	2	3	7054
3690	2.0	1	1	7055
3691	2.0	1	1	7056
3692	67.0	4	1	7057
3692	10.0	4	1	7058
3692	8.0	4	1	7059
3692	50.0	4	5	7060
3692	63.0	4	5	7061
3692		2	4	7062
3693	7.0	1	1	7063
3693	7.0	2	2	7064
3696	1.0	2	2	7068
3696	1.0	1	1	7069
3698	1.0	2	2	7073
3698	1.0	1	1	7074
3698	1.0	2	3	7075
3699	3.0	1	1	7076
3700	1.0	1	1	7077
3700	1.0	2	2	7078
3701	2.0	1	1	7079
3702	1.0	2	2	7080
3702	1.0	1	1	7081
3702		3	2	7082
3705	8.0	1	1	7085
3710	3.0	1	1	7091
3710	4.0	2	2	7092
3710	1.0	2	2	7093
3710	1.0	2	4	7094
3710		3	2	7095
3710	1.0	1	1	7096
3710	4.0	1	1	7097
3714	3.0	3	1	7104
3716		3	2	7106
3716	5.0	1	1	7107
3717	3.0	2	2	7108
3717	4.0	3	1	7109
3717	3.0	3	1	7110
3717	4.0	2	2	7111
3717	6.0	2	3	7112
3717	7.0	2	3	7113
3718	3.0	1	1	7114
3718	4.0	2	2	7115
3718	4.0	1	1	7116
3719	4.0	2	2	7117
3722	9.0	1	1	7121
3722	9.0	2	2	7122
3725	14.0	2	3	7125
3727	5.0	1	1	7128
3727	3.0	1	1	7129
3728	2.0	1	1	7130
3729	11.0	2	2	7131
3729	11.0	1	1	7132
3730		3	2	7133
3730	5.0	1	1	7134
3732	1.0	2	4	7136
3734	3.0	1	1	7138
3734	1.0	2	3	7139
3734	3.0	2	2	7140
3735		3	2	7141
3738	2.0	1	1	7145
3739	1.0	2	2	7146
3739	1.0	1	1	7147
3739	1.0	2	3	7148
3741	2.0	1	1	7150
3743	1.0	1	1	7152
3743	1.0	2	2	7153
3744	5.0	1	1	7154
3744	7.0	1	1	7155
3746	5.0	1	1	7157
3747	2.0	1	1	7158
3747	24.0	2	3	7159
3749	2.0	1	1	7161
3749	1.0	1	1	7162
3749	1.0	2	2	7163
3753	2.0	1	1	7168
3754	3.0	1	1	7169
3755	1.0	2	2	7170
3755	3.0	1	1	7171
3755	1.0	1	1	7172
3757	1.0	1	1	7174
3757	1.0	2	2	7175
3757	1.0	2	3	7176
3757	2.0	1	1	7177
3757	5.0	1	1	7178
3758	1.0	2	2	7179
3758	1.0	1	1	7180
3759	3.0	1	1	7181
3759	9.0	2	4	7182
3760	1.0	2	2	7183
3760	1.0	1	1	7184
3763	4.0	2	2	7190
3763	4.0	1	1	7191
3763	3.0	1	1	7192
3763	3.0	2	2	7193
3766	2.0	1	1	7196
3767	1.0	2	2	7197
3767	1.0	1	1	7198
3767	3.0	1	1	7199
3767		3	2	7200
3768	2.0	1	1	7201
3770	2.0	1	1	7203
3779	6.0	3	1	7220
3779	1.0	3	1	7221
3779	1.0	2	2	7222
3780	3.0	1	1	7223
3780	1.0	1	1	7224
3780	4.0	1	1	7225
3780	4.0	2	2	7226
3782	1.0	2	4	7228
3784	1.0	1	1	7230
3784	1.0	2	3	7231
3784	1.0	2	2	7232
3785	1.0	2	2	7233
3785	4.0	1	1	7234
3785	1.0	1	1	7235
3785	4.0	2	2	7236
3785	1.0	2	3	7237
3789	12.0	1	1	7243
3790	7.0	2	3	7244
3793	1.0	2	3	7248
3793	1.0	2	2	7249
3793	4.0	2	2	7250
3793		3	2	7251
3793	1.0	1	1	7252
3793	4.0	1	1	7253
3794	1.0	2	2	7254
3794	1.0	1	1	7255
3795	6.0	2	4	7256
3795	3.0	4	1	7257
3795	10.0	4	1	7258
3796	1.0	2	2	7259
3796	1.0	1	1	7260
3798	8.0	1	1	7263
3799		3	2	7264
3800	19.0	3	1	7265
3800	33.0	2	3	7266
3801	4.0	1	1	7267
3801	3.0	2	2	7268
3801	3.0	1	1	7269
3803	1.0	2	2	7271
3803	1.0	1	1	7272
3806		3	2	7280
3808	5.0	1	1	7284
3809	5.0	1	1	7285
3810	1.0	1	1	7286
3810	1.0	2	2	7287
3811	1.0	1	1	7288
3815	2.0	1	1	7293
3818	1.0	1	1	7298
3819		3	2	7299
3819	1.0	2	2	7300
3819	1.0	1	1	7301
3820	5.0	1	1	7302
3820		3	2	7303
3823	3.0	2	2	7306
3823	3.0	1	1	7307
3823	6.0	2	3	7308
3824	1.0	2	2	7309
3824	1.0	2	4	7310
3824	1.0	1	1	7311
3824	5.0	1	1	7312
3825	3.0	1	1	7313
3825	2.0	1	1	7314
3826		3	2	7315
3828	5.0	1	1	7317
3829		3	2	7318
3830	1.0	2	3	7319
3830	1.0	2	2	7320
3830	1.0	1	1	7321
3831	5.0	3	1	7322
3831		3	2	7323
3832	12.0	1	1	7324
3835	1.0	2	3	7327
3835	2.0	1	1	7328
3836	1.0	1	1	7329
3839	2.0	1	1	7335
3840	3.0	2	4	7336
3840	4.0	3	1	7337
3840	4.0	2	2	7338
3840	3.0	2	2	7339
3840		3	2	7340
3840	3.0	3	1	7341
3840	8.0	3	1	7342
3840	13.0	2	2	7343
3842	2.0	1	1	7346
3843	3.0	3	1	7347
3843		3	2	7348
3846	2.0	1	1	7351
3850	4.0	2	2	7359
3850	3.0	2	2	7360
3850	4.0	1	1	7361
3850	3.0	1	1	7362
3854		3	2	7366
3855	2.0	1	1	7367
3859	2.0	1	1	7373
3861	2.0	1	1	7375
3862	5.0	1	1	7376
3864		3	2	7379
3866	2.0	1	1	7381
3869	1.0	2	3	7384
3871	2.0	1	1	7386
3872	16.0	1	1	7387
3872	5.0	1	1	7388
3875	2.0	1	1	7391
3876	3.0	1	1	7392
3876	1.0	2	2	7393
3876	1.0	1	1	7394
3877	2.0	1	1	7395
3878	2.0	1	1	7396
3879	1.0	2	2	7397
3879	1.0	1	1	7398
3879	1.0	2	3	7399
3882	3.0	1	1	7405
3883	3.0	1	1	7406
3883	4.0	1	1	7407
3883	3.0	2	2	7408
3884	1.0	2	3	7409
3884	1.0	1	1	7410
3885	70.0	2	4	7411
3886	2.0	1	1	7412
3888		3	2	7416
3892	2.0	1	1	7422
3894	1.0	1	1	7424
3894	2.0	1	1	7425
3895	2.0	1	1	7426
3896	1.0	2	2	7427
3896	1.0	1	1	7428
3897	4.0	2	2	7429
3897	2.0	1	1	7430
3899	8.0	1	1	7432
3899		3	2	7433
3903		3	2	7438
3906	3.0	3	1	7442
3907	3.0	1	1	7443
3908	5.0	1	1	7444
3909	7.0	2	2	7445
3909	7.0	1	1	7446
3912	2.0	3	1	7450
3912	4.0	3	1	7451
3914	2.0	1	1	7454
3915	4.0	3	1	7455
3917	6.0	1	1	7458
3917	3.0	1	1	7459
3919	7.0	1	1	7463
3919		3	2	7464
3921	11.0	2	3	7466
3922	2.0	1	1	7467
3925		3	2	7471
3926	23.0	4	5	7472
3926	31.0	4	5	7473
3926	7.0	2	4	7474
3926	6.0	2	4	7475
3926	7.0	4	1	7476
3926	10.0	4	1	7477
3926	55.0	4	5	7478
3927	2.0	1	1	7479
3928	2.0	1	1	7480
3931	5.0	1	1	7486
3932		3	2	7487
3934	1.0	2	2	7491
3935	2.0	1	1	7492
3936	3.0	1	1	7493
3938	2.0	1	1	7496
3940	1.0	1	1	7500
3941	2.0	1	1	7501
3943	2.0	1	1	7503
3944	5.0	1	1	7504
3944	2.0	1	1	7505
3945	3.0	3	4	7506
3945		2	4	7507
3945	10.0	4	1	7508
3945	3.0	4	1	7509
3945	21.0	4	5	7510
3946	19.0	3	1	7511
3947		3	2	7512
3950	4.0	2	2	7516
3950	4.0	1	1	7517
3951		3	2	7518
3952	2.0	1	1	7519
3953	2.0	1	1	7520
3954	1.0	1	1	7521
3958	12.0	1	1	7528
3959	16.0	1	1	7529
3961	2.0	1	1	7531
3963	4.0	1	1	7533
3963	1.0	1	1	7534
3963	1.0	2	2	7535
3963	4.0	2	2	7536
3965	4.0	2	2	7539
3967		3	2	7542
3969	2.0	3	1	7546
3969		3	2	7547
3969	3.0	3	1	7548
3971	6.0	1	1	7551
3972	1.0	1	1	7552
3974	2.0	1	1	7555
3975	2.0	1	1	7556
3980	1.0	2	2	7561
3980	4.0	2	2	7562
3980	1.0	1	1	7563
3980	4.0	1	1	7564
3982	2.0	3	1	7566
3982	3.0	3	1	7567
3988	5.0	1	1	7577
3990	4.0	3	1	7579
3992		3	2	7583
3994	2.0	1	1	7587
3999	7.0	3	1	7594
4007	4.0	2	3	7619
4007	3.0	2	2	7620
4007	4.0	1	1	7621
4007	3.0	1	1	7622
4007	4.0	2	2	7623
4008	5.0	1	1	7624
4013	2.0	1	1	7629
4014	1.0	1	1	7630
4015	2.0	1	1	7631
4015	1.0	1	1	7632
4016	5.0	1	1	7633
4016	16.0	1	1	7634
4017	5.0	1	1	7635
4018	2.0	1	1	7636
4019		3	2	7637
4020	3.0	1	1	7638
4020	3.0	2	2	7639
4022	2.0	1	1	7643
4023		3	2	7644
4024	2.0	1	1	7645
4028	3.0	1	1	7653
4028	7.0	2	3	7654
4028	6.0	2	3	7655
4028	9.0	2	4	7656
4028	3.0	2	2	7657
4029		3	2	7658
4031	3.0	3	1	7661
4034	4.0	1	1	7664
4034	2.0	1	1	7665
4034	3.0	1	1	7666
4039	2.0	1	1	7677
4040	2.0	1	1	7678
4042	2.0	1	1	7683
4043	2.0	1	1	7684
4045	3.0	1	1	7687
4046	5.0	1	1	7688
4046		3	2	7689
4049	5.0	1	1	7692
4053		3	2	7699
4054	3.0	2	2	7700
4054	3.0	1	1	7701
4057	3.0	2	2	7706
4057	2.0	1	1	7707
4057	3.0	1	1	7708
4059	2.0	1	1	7711
4060	2.0	1	1	7712
4060	3.0	1	1	7713
4062		3	2	7715
4063	2.0	1	1	7716
4064	5.0	1	1	7717
4067	4.0	2	2	7720
4067	3.0	2	2	7721
4067	4.0	4	1	7722
4067	4.0	2	3	7723
4067	38.0	2	4	7724
4067	3.0	4	1	7725
4067	40.0	4	5	7726
4067	38.0	4	5	7727
4067	51.0	4	5	7728
4067	4.0	4	5	7729
4067	60.0	4	5	7730
4067	10.0	4	1	7731
4069	6.0	2	3	7733
4070	5.0	1	1	7734
4072	2.0	1	1	7736
4075	5.0	1	1	7739
4076	2.0	1	1	7740
4077	2.0	1	1	7741
4078	2.0	1	1	7742
4079	32.0	1	1	7743
4080	2.0	1	1	7744
4082		3	2	7746
4084		3	2	7748
4085	2.0	1	1	7749
4086	6.0	1	1	7750
4086	4.0	2	2	7751
4086	6.0	2	4	7752
4086		3	2	7753
4088	2.0	1	1	7758
4090	5.0	1	1	7760
4091	1.0	1	1	7761
4091	4.0	2	2	7762
4091	1.0	2	2	7763
4091	4.0	1	1	7764
4091	5.0	1	1	7765
4092		3	2	7766
4092	2.0	1	1	7767
4100		3	2	7786
4102	1.0	1	1	7789
4102	5.0	1	1	7790
4102	1.0	2	2	7791
4102	11.0	1	1	7792
4104	1.0	1	1	7796
4106	2.0	1	1	7800
4107	4.0	2	2	7801
4108	2.0	1	1	7802
4110	7.0	3	1	7804
4110	4.0	3	1	7805
4111	2.0	1	1	7806
4113	2.0	1	1	7808
4114	2.0	1	1	7809
4115		3	2	7810
4115	11.0	2	3	7811
4117	2.0	1	1	7813
4121	1.0	1	1	7819
4123	2.0	1	1	7821
4124	2.0	1	1	7822
4125	2.0	1	1	7823
4126	2.0	1	1	7824
4130	1.0	3	1	7833
4130	1.0	2	2	7834
4130	9.0	3	1	7835
4131	6.0	1	1	7836
4134	2.0	1	1	7840
4136	12.0	1	1	7843
4138	5.0	1	1	7845
4140	3.0	1	1	7847
4143	1.0	1	1	7853
4143	1.0	2	2	7854
4156	1.0	2	2	7891
4156	1.0	1	1	7892
4160	1.0	1	1	7899
4160	3.0	2	2	7900
4160	1.0	2	2	7901
4160	3.0	1	1	7902
4162	2.0	1	1	7905
4163	2.0	1	1	7906
4169	7.0	1	1	7921
4169	5.0	1	1	7922
4169	7.0	2	2	7923
4169	6.0	2	3	7924
4172	7.0	2	4	7927
4174	1.0	2	2	7929
4174	1.0	1	1	7930
4177	3.0	3	1	7936
4178	3.0	1	1	7937
4181		3	2	7941
4182	1.0	1	1	7942
4183		3	2	7943
4183	1.0	1	1	7944
4185	2.0	1	1	7950
4191	2.0	1	1	7960
4192	2.0	1	1	7961
4194	2.0	1	1	7963
4194	4.0	1	1	7964
4195	2.0	1	1	7965
4197	1.0	1	1	7967
4199	1.0	2	3	7969
4199	1.0	1	1	7970
4199	1.0	2	2	7971
4200	1.0	1	1	7972
4200	2.0	1	1	7973
4201	11.0	2	3	7974
4205	2.0	1	1	7981
4208	2.0	1	1	7986
4210	9.0	2	4	7988
4211	5.0	1	1	7989
4213		3	2	7998
4214		3	2	7999
4220		3	2	8010
4223		3	2	8013
4225	2.0	1	1	8015
4226	1.0	2	2	8016
4226	1.0	1	1	8017
4226	4.0	2	2	8018
4227	3.0	1	1	8019
4227	4.0	1	1	8020
4227	3.0	2	2	8021
4228	2.0	1	1	8022
4230	1.0	1	1	8024
4231		3	2	8025
4235	1.0	1	1	8029
4235	5.0	1	1	8030
4235	3.0	1	1	8031
4236	5.0	3	1	8032
4236	3.0	3	1	8033
4237	1.0	1	1	8034
4239	2.0	1	1	8036
4240	8.0	1	1	8037
4240	5.0	1	1	8038
4243	5.0	1	1	8042
4244	2.0	1	1	8043
4244	5.0	1	1	8044
4245	3.0	3	1	8045
4246		3	2	8046
4247	3.0	3	1	8047
4247		3	2	8048
4248	3.0	1	1	8049
4249	2.0	1	1	8050
4250		3	2	8051
4250	5.0	1	1	8052
4250	8.0	1	1	8053
4253	2.0	1	1	8059
4256	2.0	3	1	8062
4256	4.0	3	1	8063
4257		3	2	8064
4261	2.0	1	1	8070
4263	2.0	1	1	8072
4265	6.0	2	4	8074
4266	6.0	1	1	8075
4274	4.0	2	2	8083
4277	4.0	2	2	8086
4279	4.0	2	2	8088
4280	4.0	2	2	8089
4285	4.0	2	2	8094
4287	4.0	2	2	8096
4288	4.0	2	2	8097
4289	4.0	2	2	8098
4291	4.0	2	2	8100
4292	4.0	2	2	8101
4294	4.0	2	2	8103
4296	4.0	2	2	8105
4297	4.0	2	2	8106
4298	4.0	2	2	8107
4299	4.0	2	2	8108
4301	4.0	2	2	8110
4302	4.0	2	2	8111
4304	4.0	2	2	8113
4305	4.0	2	2	8114
4306	4.0	2	2	8115
4308	4.0	2	2	8117
4309	4.0	2	2	8118
4312	4.0	2	2	8121
4313	4.0	2	2	8122
4314	4.0	2	2	8123
4318	4.0	2	2	8127
4319	4.0	2	2	8128
4320	4.0	2	2	8129
4322	4.0	2	2	8131
4329	4.0	2	2	8138
4330	4.0	2	2	8139
4335		3	2	8144
4336	39.0	4	5	8145
4338	1.0	2	2	8147
4339	1.0	2	2	8148
4339	1.0	1	1	8149
4341	1.0	2	2	8152
4341	1.0	1	1	8153
4346	2.0	1	1	8158
4347	4.0	2	2	8159
4349	5.0	1	1	8161
4351	1.0	2	3	8163
4352	2.0	1	1	8164
4354	1.0	2	2	8166
4357	1.0	2	2	8169
4362	2.0	1	1	8174
4364	1.0	2	2	8176
4365	2.0	1	1	8177
4367	18.0	1	1	8179
