id_protein	id_mlo	id_rol	id_database
1	5	2	2
2	2	2	1
3	4	1	1
3	4	3	3
4	4	1	1
4	2	1	1
4	2	3	2
5	1	1	1
5	3	1	1
6	1	1	1
7	3	1	1
8	2	1	2
8	2	1	1
9	2	1	1
10	2	1	2
10	4	1	2
10	2	1	1
10	4	3	3
10	4	1	1
11	1	1	1
12	4	3	3
13	5	2	2
14	1	1	1
15	1	3	3
16	3	1	1
17	3	1	1
18	4	3	2
18	4	1	1
18	2	1	2
18	2	1	1
18	4	3	3
19	2	2	1
19	4	2	1
20	2	1	1
21	3	1	1
22	3	1	1
23	2	1	1
24	3	1	1
25	1	1	2
25	1	1	1
26	4	2	1
27	2	1	1
28	6	1	1
29	2	1	1
30	3	1	1
31	4	1	2
32	17	3	3
33	6	1	1
34	2	1	1
35	4	1	1
36	4	1	1
36	2	3	3
36	2	1	1
36	2	3	2
36	2	1	2
37	1	1	1
38	1	1	1
39	8	1	2
40	1	3	3
41	6	1	1
41	3	1	1
42	5	2	2
43	1	1	2
43	1	1	1
43	2	1	1
44	2	1	1
45	4	1	1
45	3	1	1
45	4	1	2
46	3	1	1
47	4	3	3
47	4	2	1
48	3	1	1
49	3	1	1
49	1	1	1
50	3	1	1
51	3	1	1
52	1	1	1
53	3	1	1
54	5	2	2
55	7	3	3
55	20	1	1
56	1	1	1
57	3	1	1
58	1	1	1
59	2	1	1
60	3	1	1
61	5	2	2
62	3	1	1
63	42	4	5
63	46	4	5
63	31	4	5
63	31	3	4
63	3	4	1
63	11	4	1
64	5	2	2
64	3	1	1
65	11	2	1
65	3	2	1
65	1	2	1
66	14	1	1
66	4	1	2
67	1	1	1
67	1	1	2
67	7	3	3
68	2	3	2
68	2	1	2
68	4	1	2
68	4	1	1
68	2	1	1
68	5	2	2
69	3	1	1
70	2	1	1
71	2	2	1
72	1	1	1
72	5	2	2
73	3	1	1
74	6	1	1
75	3	1	1
76	3	1	1
77	3	1	1
78	3	1	1
79	2	1	1
79	1	1	2
79	2	1	2
79	1	1	1
80	5	2	2
81	3	1	1
82	6	1	1
83	3	1	1
84	4	1	2
84	1	1	1
84	1	1	2
84	4	1	1
85	3	1	1
86	1	1	1
86	1	3	3
86	1	1	2
87	12	1	1
87	1	1	1
87	4	1	1
87	1	3	3
87	4	1	2
87	1	1	2
88	4	1	2
88	4	4	1
88	1	1	2
88	3	4	1
88	2	1	2
88	11	4	1
88	21	4	5
88	1	4	1
88	58	3	4
88	2	3	4
88	2	4	1
88	2	3	2
89	4	1	1
90	2	2	1
91	5	2	2
92	1	1	1
93	2	1	1
93	1	1	2
93	1	1	1
94	5	2	2
94	1	1	1
95	3	1	1
95	5	2	2
95	1	1	1
96	5	2	2
97	5	2	2
98	3	1	1
98	5	2	2
99	2	2	1
100	3	1	1
101	5	2	2
102	5	2	2
102	3	1	1
103	2	2	1
104	3	1	1
105	5	2	2
106	3	1	1
107	3	1	1
108	6	1	1
108	3	1	1
109	2	1	1
109	3	1	1
110	3	1	1
111	1	1	1
112	1	1	1
112	3	1	1
113	3	1	1
114	2	3	4
115	2	1	1
116	4	1	1
116	2	1	1
117	5	2	2
118	3	1	1
119	4	2	1
119	2	2	1
119	3	2	1
119	4	1	2
120	9	2	1
120	12	2	1
120	1	3	3
120	5	2	2
120	2	2	1
121	5	2	2
121	6	1	1
122	3	1	1
123	3	1	1
124	1	1	1
124	1	1	2
125	6	1	1
126	2	1	1
126	2	3	2
126	4	1	1
127	1	1	1
128	3	1	1
129	1	1	1
129	1	1	2
130	3	1	1
131	5	2	2
132	5	2	2
133	5	2	2
134	5	2	2
134	3	1	1
135	5	2	2
135	23	2	1
136	2	2	1
136	3	2	1
137	3	1	1
138	6	1	1
139	1	1	1
140	5	2	2
140	3	1	1
141	3	1	1
142	5	2	2
142	3	1	1
143	11	1	1
143	6	1	1
143	5	2	2
143	9	1	1
144	2	2	1
144	3	2	1
144	5	2	2
145	3	1	1
146	6	1	1
147	1	4	1
147	4	1	2
147	13	3	4
147	2	4	1
147	11	4	1
147	2	1	2
147	1	1	2
148	3	4	1
148	1	1	2
148	12	4	1
148	6	4	1
148	7	4	1
148	8	4	1
148	11	4	1
148	1	4	1
149	3	2	1
149	2	2	1
150	3	1	1
151	6	1	1
152	3	1	1
153	5	2	2
154	3	1	1
155	7	1	1
156	7	3	3
157	1	3	3
158	5	2	2
159	4	1	1
159	4	3	2
159	2	1	1
160	6	1	1
161	2	1	2
161	5	2	2
161	2	1	1
162	3	1	1
162	5	2	2
163	6	1	1
164	3	1	1
165	3	1	1
166	14	1	1
167	6	1	1
168	4	2	1
168	2	1	2
168	4	1	2
168	2	2	1
168	4	3	4
169	2	1	1
170	6	1	1
170	1	1	2
170	1	1	1
170	2	1	1
171	1	1	1
171	3	1	1
171	1	1	2
172	1	1	2
172	1	1	1
172	3	1	1
173	1	1	2
173	1	1	1
174	13	3	4
174	9	4	1
175	1	1	1
176	6	1	1
177	1	1	1
178	1	1	1
179	1	1	2
179	1	1	1
179	1	3	3
180	1	1	1
181	1	1	1
181	4	1	1
181	1	1	2
181	4	1	2
181	2	1	2
181	2	1	1
182	3	1	1
183	7	2	1
183	4	2	1
183	2	1	2
183	2	3	2
183	4	1	2
183	7	3	3
183	2	3	3
183	2	2	1
184	3	1	1
185	1	1	1
186	5	2	2
187	2	2	1
188	3	2	1
188	2	2	1
189	5	2	2
190	5	2	2
191	1	1	1
191	2	1	1
192	8	1	1
193	5	2	2
194	6	1	1
195	2	1	2
195	2	2	1
196	2	1	1
196	2	1	2
197	1	3	3
197	1	1	1
197	1	1	2
198	6	1	1
199	3	1	1
200	2	1	1
201	3	1	1
202	3	1	1
203	1	1	1
203	1	3	3
203	1	1	2
204	1	1	2
204	1	1	1
205	3	1	1
205	8	1	1
206	2	2	1
207	2	1	2
207	2	1	1
208	6	1	1
209	7	3	3
209	7	1	1
209	2	1	1
209	6	1	1
210	5	2	2
211	9	1	1
212	3	1	1
213	1	3	4
214	1	1	1
214	4	1	1
214	4	1	2
214	1	1	2
215	5	2	2
216	1	1	2
216	5	2	2
216	1	1	1
217	5	2	2
217	1	1	1
217	1	1	2
218	3	1	1
218	1	1	1
219	3	1	1
219	6	1	1
220	6	1	1
221	9	1	1
221	2	1	1
222	5	2	2
223	5	2	2
224	5	2	2
224	6	1	1
225	3	1	1
226	3	1	1
227	2	1	2
227	6	1	1
227	2	1	1
228	4	1	2
229	8	1	1
229	8	1	2
230	22	1	1
231	1	1	1
232	4	1	2
232	2	2	1
232	4	2	1
232	2	1	2
233	6	2	1
233	2	2	1
234	1	1	2
234	2	1	1
234	1	1	1
234	4	1	2
234	15	1	2
234	4	1	1
234	10	3	4
235	1	1	1
235	1	1	2
235	5	2	2
236	3	1	1
237	5	2	2
238	3	1	1
239	2	1	2
239	2	1	1
240	7	3	3
240	1	1	2
240	5	2	2
240	1	1	1
241	9	1	1
242	10	1	2
242	10	1	1
243	5	2	2
244	3	1	1
245	3	1	1
246	2	2	1
247	6	1	1
248	5	2	2
249	3	1	1
250	2	2	1
251	11	4	1
251	33	4	5
251	43	4	5
251	33	4	5
251	13	3	4
251	31	3	4
252	5	2	2
252	6	1	1
253	3	1	1
254	1	1	1
255	3	1	1
255	6	1	1
256	1	1	1
257	3	1	1
258	1	1	2
258	1	1	1
259	7	2	1
259	1	1	2
259	7	3	3
259	2	2	1
259	1	2	1
260	20	1	1
260	39	3	4
261	1	1	2
261	13	3	4
261	9	4	1
261	19	4	1
261	11	4	1
261	1	4	1
262	3	1	1
263	1	1	2
263	1	1	1
264	5	2	2
265	15	1	2
265	3	1	1
266	1	1	1
266	1	1	2
267	9	2	1
267	4	2	1
268	3	1	1
269	19	2	1
269	5	2	2
269	2	2	1
269	61	3	3
269	7	3	4
269	7	2	1
269	2	3	4
269	79	4	5
269	13	3	4
269	2	2	4
269	21	4	5
270	7	3	4
270	34	4	5
270	11	4	1
270	24	4	5
270	53	4	5
271	3	1	1
272	6	1	1
273	1	1	1
273	10	3	4
273	1	1	2
274	3	1	1
274	2	1	1
275	1	1	1
276	1	1	1
276	1	1	2
277	5	2	2
277	1	3	3
278	1	1	1
279	3	1	1
280	5	2	2
281	5	2	2
282	2	1	1
282	1	1	1
283	1	1	1
284	1	1	1
285	3	1	1
286	5	2	2
286	2	2	1
286	4	2	1
287	5	2	2
288	5	2	2
289	6	1	1
290	1	1	1
290	4	1	1
290	4	1	2
290	1	1	2
291	3	1	1
292	8	1	1
292	8	1	2
293	3	1	1
293	1	1	1
294	1	1	1
294	1	1	2
295	1	1	2
295	1	1	1
296	3	1	1
297	2	1	1
297	2	1	2
298	5	2	2
299	6	1	1
300	3	1	1
301	17	3	3
302	5	2	2
302	3	1	1
303	2	1	1
303	2	3	2
303	3	1	1
303	4	1	1
304	6	1	1
305	6	1	1
306	10	3	4
307	3	1	1
308	3	1	1
309	9	4	1
309	31	3	4
309	11	4	1
309	42	4	5
309	46	4	5
309	13	3	4
309	31	4	5
310	2	1	1
311	2	3	2
311	4	1	2
311	1	1	2
311	1	1	1
311	15	1	2
311	4	1	1
311	3	1	1
311	2	1	1
311	2	1	2
312	1	1	1
313	11	4	1
313	7	4	5
313	25	3	4
314	2	1	1
314	2	3	2
314	4	3	2
314	4	1	1
315	3	1	1
315	1	1	1
316	3	1	1
317	3	1	1
318	2	1	1
319	6	1	1
320	3	1	1
320	2	1	1
320	6	1	1
321	6	1	1
321	5	2	2
322	2	1	2
322	2	1	1
323	3	1	1
324	2	2	1
325	3	1	1
326	4	1	2
326	4	1	1
327	1	1	2
327	1	1	1
328	5	2	2
329	3	1	1
330	2	3	3
330	2	2	1
330	1	1	2
330	1	2	1
331	1	3	4
331	2	2	1
331	9	2	1
331	12	3	4
331	1	2	1
331	1	1	2
332	1	1	1
332	1	1	2
332	2	1	1
333	3	1	1
334	1	1	2
334	1	1	1
335	1	1	1
335	1	1	2
336	3	1	1
337	38	4	5
337	60	4	5
337	25	3	4
337	24	4	5
337	11	4	1
338	5	2	2
338	6	1	1
339	2	1	1
340	8	3	3
340	6	1	1
341	1	3	3
342	3	1	1
343	3	1	1
344	3	1	1
345	3	1	1
346	3	1	1
346	6	1	1
347	1	1	1
347	3	1	1
348	14	1	1
349	3	1	1
350	3	1	1
351	8	1	2
351	1	1	1
351	8	1	1
351	1	1	2
352	5	2	2
352	1	3	3
353	7	1	2
353	2	1	2
353	2	1	1
353	7	1	1
354	6	1	1
355	1	1	1
355	3	1	1
356	3	1	1
357	4	3	2
357	5	2	2
357	2	1	1
357	4	1	1
358	10	3	4
359	2	1	1
359	4	1	1
359	4	3	2
360	3	1	1
361	5	2	2
362	3	1	1
363	1	1	1
363	1	1	2
363	5	2	2
363	7	3	3
364	3	1	1
365	6	1	1
366	3	1	1
367	3	1	1
368	1	1	1
368	2	1	1
368	1	1	2
368	2	1	2
368	4	1	1
369	1	1	1
369	2	1	1
369	3	1	1
370	5	2	2
371	5	2	2
372	5	2	2
373	3	1	1
374	5	2	2
375	1	1	1
376	4	1	2
376	6	1	1
376	4	1	1
376	1	1	1
376	1	1	2
377	2	2	1
377	11	2	1
378	3	1	1
379	2	1	1
379	9	1	1
379	3	1	1
380	3	1	1
380	1	1	1
381	1	1	1
382	6	1	1
382	3	1	1
383	2	1	1
383	2	1	2
384	1	1	1
385	14	1	1
385	1	1	1
386	6	1	1
387	3	1	1
388	3	1	1
388	1	1	1
389	10	3	4
389	7	3	3
389	7	1	1
390	6	1	1
391	3	1	1
392	16	1	1
392	1	1	1
392	16	1	2
392	2	1	1
393	9	1	1
394	20	1	1
395	1	1	2
395	2	1	1
395	1	1	1
396	4	1	1
396	7	1	1
396	4	1	2
397	2	2	1
397	2	3	2
397	2	1	2
397	4	2	1
398	7	3	3
398	5	2	2
399	5	2	2
400	2	2	1
400	3	2	1
401	5	2	2
402	2	2	1
403	3	1	1
404	4	1	1
404	2	1	1
405	6	1	1
406	1	1	2
406	1	1	1
407	14	1	1
408	1	1	1
408	7	1	1
408	1	1	2
409	6	1	1
410	1	1	2
410	11	4	1
410	1	4	1
410	1	3	4
411	5	2	2
412	1	1	2
412	1	1	1
413	1	1	1
414	3	1	1
415	5	2	2
416	1	1	1
417	3	1	1
418	45	3	4
419	1	1	2
419	70	3	3
419	1	1	1
420	1	1	1
420	1	1	2
421	2	1	2
421	2	2	1
422	2	1	2
422	2	1	1
423	3	1	1
424	5	2	2
425	5	2	2
426	2	1	2
426	2	1	1
427	4	1	2
428	3	1	1
429	3	1	1
430	5	2	2
431	5	2	2
432	7	3	4
432	8	3	3
432	5	2	2
433	7	3	4
433	8	4	1
433	11	4	1
433	8	3	3
434	1	1	1
434	7	1	1
435	3	1	1
435	6	1	1
436	1	1	2
436	2	1	1
436	1	1	1
437	1	1	1
437	1	1	2
438	8	1	1
439	3	1	1
440	1	1	1
441	3	1	1
442	3	1	1
443	3	1	1
444	1	1	1
444	2	1	2
444	2	1	1
445	1	3	3
445	1	1	1
445	1	1	2
446	3	1	1
447	7	2	1
447	3	2	1
448	3	1	1
449	6	1	1
450	3	1	1
451	8	2	1
451	13	3	4
452	6	1	1
453	5	2	2
454	2	2	1
454	1	2	1
454	1	1	2
455	6	1	1
456	3	1	1
457	5	2	2
458	3	1	1
459	5	2	2
460	3	1	1
461	1	1	1
462	5	2	2
463	1	1	1
464	5	2	2
464	6	1	1
465	3	1	1
466	1	3	3
467	3	1	1
468	3	1	1
469	4	1	1
469	4	1	2
469	3	1	1
470	3	1	1
471	3	1	1
472	3	1	1
473	8	2	1
474	3	1	1
475	3	1	1
476	12	3	3
477	3	1	1
478	3	1	1
479	30	1	1
480	5	2	2
481	3	1	1
482	3	1	1
483	2	1	1
484	3	1	1
485	3	1	1
486	6	1	1
487	1	1	2
487	1	1	1
488	6	1	1
489	3	1	1
490	3	1	1
490	5	2	2
491	5	2	2
492	3	1	1
493	3	1	1
494	3	1	1
495	3	1	1
496	3	1	1
497	1	1	1
497	7	3	3
498	3	1	1
498	5	2	2
499	2	1	1
499	6	1	1
500	3	1	1
501	3	1	1
502	3	1	1
503	2	1	2
503	2	1	1
504	1	1	1
505	5	2	2
506	1	1	1
506	1	1	2
507	2	2	1
507	6	2	1
508	2	1	1
508	3	1	1
509	5	2	2
510	2	2	1
510	12	2	1
510	12	1	2
511	2	1	1
511	2	1	2
512	2	1	1
512	2	1	2
512	4	1	2
513	2	1	1
513	3	1	1
514	1	3	4
514	1	1	2
514	2	1	2
514	12	3	4
514	1	1	1
514	2	1	1
515	3	1	1
516	1	1	1
516	1	1	2
517	3	1	1
518	12	1	1
518	1	1	2
518	1	1	1
519	64	3	4
519	6	1	1
520	2	1	1
520	4	1	1
520	4	3	2
521	2	2	1
522	18	2	1
523	1	1	1
523	3	1	1
524	6	1	1
525	5	2	2
526	1	1	2
526	1	3	3
526	1	1	1
527	6	1	1
528	3	1	1
529	5	2	2
530	4	2	1
531	3	1	1
531	1	1	1
532	2	1	2
532	2	1	1
532	2	3	2
532	4	1	1
533	3	1	1
534	2	1	1
535	9	1	1
535	2	1	2
535	4	1	1
535	2	1	1
536	3	2	1
536	2	2	1
537	2	1	1
538	1	1	1
539	6	1	1
540	3	1	1
541	5	2	2
542	9	1	1
543	3	1	1
544	3	1	1
545	14	1	1
546	6	1	1
547	2	2	1
548	3	1	1
549	6	1	1
550	2	3	2
550	2	2	1
550	4	2	1
551	5	2	2
552	3	1	1
553	6	1	1
554	3	1	1
555	1	1	1
556	1	1	1
557	2	1	1
557	3	1	1
558	2	1	1
558	5	2	2
559	6	1	1
560	1	1	1
561	6	1	1
562	3	1	1
562	1	1	2
562	1	1	1
563	1	1	1
564	1	1	1
565	1	1	1
565	3	1	1
566	2	3	4
566	2	1	1
567	1	1	1
568	1	1	1
569	6	1	1
570	3	1	1
570	1	1	2
570	1	1	1
571	11	4	1
572	5	2	2
573	3	1	1
573	1	1	1
573	5	2	2
574	3	1	1
575	1	1	1
575	1	1	2
576	5	2	2
577	3	1	1
578	3	1	1
579	2	1	1
580	8	1	1
581	3	1	1
582	3	1	1
583	10	1	1
584	1	3	3
584	5	2	2
585	3	1	1
586	2	2	1
586	3	2	1
587	7	2	1
588	2	2	1
589	3	1	1
590	3	1	1
591	4	1	1
591	4	1	2
591	3	1	1
592	2	2	1
593	2	1	1
594	3	1	1
594	6	1	1
595	4	2	1
595	2	2	1
596	1	1	2
596	1	1	1
596	7	3	3
596	9	1	1
596	2	1	1
597	4	1	1
597	4	1	2
598	3	2	1
598	2	2	1
599	3	1	1
600	3	1	1
601	3	1	1
602	3	1	1
603	2	2	1
604	3	1	1
605	4	1	1
605	4	1	2
606	4	1	1
606	4	1	2
607	3	1	1
608	11	2	1
608	38	4	5
608	24	4	5
608	57	4	5
609	2	1	1
610	4	1	2
611	5	2	2
612	3	2	1
612	2	2	1
612	1	2	1
613	2	1	2
613	2	1	1
614	3	1	1
614	2	1	1
615	8	1	1
616	1	1	1
617	1	1	1
618	1	1	1
618	3	1	1
619	3	1	1
619	1	1	2
619	1	1	1
619	4	1	1
620	1	1	2
621	6	1	1
622	2	1	1
623	11	4	1
623	8	3	4
623	1	3	4
623	10	4	1
623	6	4	1
623	8	4	1
624	2	3	4
624	1	2	1
624	4	1	2
624	4	2	1
624	2	2	1
624	3	2	1
625	3	1	1
626	3	1	1
626	1	1	1
627	6	1	1
627	3	1	1
628	1	1	2
629	3	1	1
630	3	1	1
631	2	2	1
631	1	2	1
631	4	2	1
632	11	4	1
632	44	4	5
632	6	4	1
633	4	1	1
633	4	1	2
634	3	1	1
635	3	1	1
635	1	1	1
636	1	1	1
636	4	1	1
636	4	1	2
637	1	1	1
637	2	1	1
637	1	1	2
638	3	1	1
638	5	2	2
639	1	1	1
639	3	1	1
639	4	1	2
639	4	1	1
640	3	1	1
641	3	1	1
641	2	1	2
641	2	1	1
642	5	2	2
643	3	2	1
643	1	1	2
643	2	2	1
643	1	2	1
643	5	2	2
643	2	1	2
644	1	1	1
644	1	1	2
645	3	1	1
645	15	1	2
645	4	1	2
646	9	1	1
647	3	1	1
648	1	1	2
648	1	1	1
649	2	1	1
650	3	1	1
650	6	1	1
651	1	1	1
652	1	1	1
653	5	2	2
654	6	1	1
654	5	2	2
655	6	4	1
655	3	4	1
655	1	4	1
655	2	3	4
655	11	4	1
656	3	1	1
656	1	1	1
657	6	1	1
658	2	1	1
658	7	1	1
658	1	1	1
658	6	1	1
658	1	1	2
658	12	1	1
659	1	1	1
659	1	1	2
659	3	1	1
660	2	1	1
660	1	1	1
660	4	1	1
660	4	1	2
661	4	3	3
661	5	2	2
661	2	1	2
661	9	2	1
661	2	2	1
661	4	2	1
662	1	1	1
662	3	1	1
663	3	1	1
663	1	1	1
664	2	1	2
664	91	4	5
664	13	3	4
664	6	4	1
664	11	4	1
664	5	2	2
664	1	4	1
664	1	3	4
664	1	1	2
664	1	4	5
664	2	4	1
665	3	1	1
665	2	1	1
666	5	2	2
667	3	1	1
668	8	1	1
668	8	1	2
669	3	1	1
670	2	1	1
670	1	1	1
670	1	1	2
671	5	2	2
671	1	1	1
672	2	1	2
672	1	1	1
672	2	1	1
673	2	1	1
673	1	1	1
674	1	1	1
675	1	1	2
675	3	1	1
675	1	1	1
676	3	1	1
677	1	1	1
677	1	1	2
678	2	2	1
679	3	2	1
679	1	2	1
679	9	2	1
679	2	2	1
680	3	1	1
680	4	1	2
681	6	1	1
681	2	1	1
681	1	1	1
681	3	1	1
682	1	1	1
682	4	1	2
682	1	1	2
682	4	1	1
682	2	1	1
683	3	1	1
683	5	2	2
683	2	1	1
684	5	2	2
685	3	1	1
685	2	1	1
686	3	1	1
687	25	3	4
687	8	1	1
687	6	1	1
688	5	2	2
689	3	1	1
689	2	1	1
690	5	2	2
691	3	1	1
692	5	2	2
692	3	1	1
693	1	1	2
693	2	2	1
693	1	2	1
693	4	2	1
694	3	1	1
695	3	1	1
696	1	1	1
697	1	1	1
697	3	1	1
698	1	1	1
699	5	2	2
700	7	1	1
700	12	1	1
700	12	1	2
701	7	3	3
701	1	2	1
701	23	2	1
701	1	1	2
702	3	1	1
703	3	1	1
703	1	1	2
703	1	1	1
704	1	1	1
704	4	1	2
704	1	1	2
705	1	1	1
706	6	1	1
706	3	1	1
707	3	1	1
708	1	1	2
708	4	2	1
708	1	2	1
708	3	2	1
708	2	2	1
709	5	2	2
710	6	1	1
711	1	1	1
712	7	1	1
712	1	1	2
712	1	1	1
712	4	1	1
713	3	1	1
714	6	1	1
714	3	1	1
714	1	1	1
715	1	1	1
715	3	1	1
716	1	1	2
716	1	1	1
717	1	1	1
718	1	1	1
718	3	1	1
719	5	2	2
719	1	1	1
719	1	1	2
720	1	1	1
721	3	1	1
722	1	1	1
723	5	2	2
724	3	1	1
725	3	1	1
726	19	1	1
726	3	1	1
727	2	1	1
728	3	1	1
729	5	2	2
729	1	1	1
730	3	1	1
730	1	1	1
731	1	1	2
731	15	3	4
731	3	4	1
731	16	4	1
731	9	4	1
731	2	3	4
731	2	1	2
731	1	4	1
731	11	4	1
731	15	1	2
731	2	4	1
731	10	4	1
731	21	4	5
731	10	3	4
731	7	4	1
731	13	3	4
732	7	1	1
732	1	1	1
732	1	1	2
732	12	1	1
733	3	1	1
734	2	1	1
734	3	1	1
734	1	1	2
734	6	1	1
734	1	1	1
735	5	2	2
736	3	1	1
737	3	1	1
737	1	1	1
738	1	1	1
739	1	1	1
739	4	1	2
740	5	2	2
741	7	1	1
741	7	1	2
742	2	1	1
742	2	1	2
743	1	1	1
744	1	1	1
744	3	1	1
744	9	1	1
745	4	1	2
746	4	1	2
746	15	1	2
746	7	2	1
746	2	3	4
746	2	2	1
747	4	1	2
747	1	1	1
747	15	1	2
747	6	1	1
747	3	1	1
748	5	2	2
749	4	1	2
750	4	1	2
751	3	2	1
751	2	2	1
752	3	1	1
753	1	1	1
753	2	1	1
754	2	1	1
754	2	1	2
755	13	3	4
756	9	1	1
757	2	1	1
757	2	1	2
757	15	1	2
758	8	1	1
759	11	4	1
759	8	4	1
760	5	2	2
761	1	1	2
761	1	1	1
761	4	1	2
762	8	1	1
763	3	1	1
763	1	1	1
764	3	1	1
765	2	1	1
766	3	1	1
767	94	3	4
767	95	4	5
767	49	4	1
767	3	4	1
767	6	4	1
767	88	4	5
767	11	4	1
767	2	4	1
768	3	1	1
769	5	2	2
770	1	1	1
770	5	2	2
771	2	1	1
771	3	1	1
771	2	1	2
771	1	1	1
771	1	1	2
772	2	2	1
773	3	1	1
774	3	1	1
775	1	2	1
775	2	2	1
775	3	2	1
775	1	1	2
775	8	2	1
775	4	1	2
776	6	1	1
776	3	1	1
777	15	1	2
777	2	1	1
777	3	1	1
777	1	1	2
777	6	1	1
777	1	1	1
777	4	1	2
778	3	1	1
779	3	1	1
779	6	1	1
780	1	1	1
780	3	1	1
781	3	1	1
782	3	1	1
783	3	1	1
784	3	1	1
785	2	2	1
786	3	1	1
787	3	1	1
788	15	1	2
789	6	1	1
790	6	1	1
790	1	1	1
790	7	1	1
791	5	2	2
791	1	3	4
791	1	1	2
791	1	1	1
792	4	1	2
792	4	1	1
792	1	1	2
792	6	1	1
792	5	2	2
792	1	1	1
792	1	3	4
793	3	1	1
794	3	1	1
794	2	1	1
795	3	1	1
796	2	1	1
796	1	1	1
796	3	1	1
797	3	1	1
798	6	1	1
799	5	2	2
800	1	1	1
801	1	2	1
801	2	2	1
801	2	3	2
801	2	1	2
801	4	1	2
801	4	2	1
801	2	3	4
801	15	1	2
801	3	2	1
801	5	2	2
802	1	1	1
802	2	1	1
802	1	1	2
803	4	2	1
803	2	2	1
804	4	1	2
804	3	1	1
805	1	1	1
805	3	1	1
806	3	1	1
806	4	1	1
806	1	1	1
806	4	1	2
807	1	1	1
808	1	1	1
808	5	2	2
808	1	1	2
808	17	3	3
809	4	1	1
809	4	1	2
810	3	1	1
810	5	2	2
811	5	2	2
812	3	1	1
813	4	1	2
814	3	1	1
815	5	2	2
815	2	1	1
816	1	1	2
816	4	1	1
816	4	1	2
816	1	1	1
817	1	1	2
817	4	1	2
817	1	1	1
817	4	1	1
818	8	3	4
819	3	1	1
820	4	2	1
821	2	1	1
822	10	1	1
822	10	1	2
823	32	2	1
824	3	1	1
825	3	1	1
826	3	1	1
827	1	2	1
827	1	1	2
827	2	2	1
827	3	2	1
828	1	1	1
829	5	2	2
830	2	1	1
831	3	1	1
832	1	1	1
833	3	1	1
833	6	1	1
834	1	1	1
835	1	1	1
835	3	1	1
836	1	1	1
836	1	1	2
837	3	1	1
838	1	1	1
839	3	1	1
840	4	2	1
841	5	2	2
842	3	1	1
843	5	2	2
844	3	1	1
845	1	1	1
845	3	1	1
846	5	2	2
846	1	1	1
846	3	1	1
847	3	1	1
848	1	1	2
848	1	1	1
848	6	1	1
849	3	1	1
850	1	1	1
851	3	1	1
852	27	1	1
853	1	1	2
853	16	1	1
853	15	1	2
853	1	1	1
853	4	1	2
853	2	1	1
854	3	1	1
855	3	1	1
855	1	1	1
856	3	1	1
857	3	1	1
858	2	2	1
859	6	1	1
860	3	1	1
861	1	1	1
862	2	1	2
862	2	1	1
863	5	2	2
864	5	2	2
865	3	1	1
866	9	1	1
867	8	1	2
867	8	1	1
868	11	4	1
868	67	4	5
868	86	4	5
868	13	3	4
869	5	2	2
869	1	1	1
870	1	1	2
870	4	1	2
870	2	2	1
870	1	2	1
871	3	1	1
871	2	1	1
872	5	2	2
872	8	3	3
873	10	1	1
873	10	1	2
874	8	2	1
874	6	2	1
874	1	2	1
874	22	2	1
874	2	2	1
875	3	1	1
876	3	1	1
877	5	2	2
877	1	1	1
878	5	2	2
879	3	1	1
879	5	2	2
880	13	3	4
880	46	4	5
880	31	4	5
880	11	4	1
880	31	3	4
880	42	4	5
881	1	3	3
882	1	1	2
882	1	1	1
883	1	1	2
884	1	1	2
884	1	1	1
885	3	1	1
886	5	2	2
887	5	2	2
888	3	1	1
889	2	1	1
889	4	1	2
889	2	3	2
889	4	1	1
889	2	1	2
890	10	1	1
890	10	1	2
891	9	1	1
892	7	1	1
892	1	1	1
892	3	1	1
893	2	1	1
893	1	1	2
893	1	1	1
894	3	1	1
894	2	1	1
894	5	2	2
895	1	1	2
895	12	1	1
895	1	1	1
895	1	3	4
896	1	1	1
897	5	2	2
898	3	1	1
899	3	4	1
899	63	4	5
899	26	3	4
899	11	4	1
899	54	4	5
900	9	2	1
901	1	1	1
901	3	1	1
902	7	3	4
903	3	1	1
904	5	2	2
905	1	1	1
906	2	1	1
906	1	1	2
906	1	1	1
906	1	3	3
907	3	1	1
908	71	4	5
908	13	3	4
908	89	4	5
908	11	4	1
909	5	2	2
910	1	1	1
910	5	2	2
911	2	1	1
911	6	1	1
911	3	1	1
912	11	2	1
912	32	2	1
913	1	1	2
913	1	1	1
914	1	1	2
914	1	1	1
915	1	1	1
915	4	1	2
915	1	1	2
916	3	1	1
916	6	1	1
917	5	2	2
918	7	3	4
918	7	2	1
919	2	1	2
919	2	1	1
920	1	1	2
920	1	1	1
921	1	1	1
921	1	1	2
921	2	1	1
922	9	1	1
923	1	1	1
924	1	1	2
924	8	1	1
924	6	1	1
924	1	1	1
925	3	1	1
926	3	1	1
927	3	1	1
927	6	1	1
928	2	1	1
928	15	1	2
928	1	1	2
928	4	1	2
928	1	1	1
928	5	2	2
929	3	1	1
930	1	1	2
930	1	1	1
931	1	1	1
931	3	1	1
932	4	3	3
932	2	1	1
933	1	1	2
933	2	2	1
933	1	2	1
933	3	2	1
934	7	3	3
935	5	2	2
935	1	1	2
935	3	1	1
935	6	1	1
935	1	1	1
936	5	2	2
937	1	1	1
937	3	1	1
938	1	1	2
938	2	1	1
938	1	1	1
939	3	1	1
939	2	1	2
939	2	1	1
940	2	2	1
940	4	2	1
940	27	2	1
941	6	1	1
942	1	1	1
943	3	1	1
944	3	1	1
945	1	1	1
945	3	1	1
946	17	3	3
947	3	1	1
948	1	1	1
949	3	1	1
950	4	1	1
950	9	1	1
950	1	1	2
950	1	1	1
950	4	1	2
951	2	1	1
952	3	1	1
953	5	2	2
954	1	1	2
955	1	1	1
956	6	1	1
956	5	2	2
957	3	1	1
958	3	1	1
959	3	1	1
960	3	1	1
961	11	2	1
961	3	2	1
962	1	3	3
963	3	1	1
964	3	1	1
965	3	1	1
965	5	2	2
966	5	2	2
967	1	1	1
967	3	1	1
967	1	1	2
968	1	1	1
969	5	2	2
970	1	1	1
971	3	1	1
972	6	1	1
973	3	1	1
973	2	1	2
973	2	1	1
974	1	3	4
974	2	1	1
974	1	1	2
974	5	2	2
974	12	3	4
974	4	1	1
974	4	1	2
974	12	1	1
974	1	1	1
975	2	1	2
975	2	1	1
976	3	1	1
977	2	1	1
977	1	1	1
977	3	1	1
978	1	1	1
979	5	2	2
980	1	1	1
981	9	1	1
982	1	1	1
983	5	2	2
984	1	4	1
984	11	4	1
984	1	1	2
984	15	3	4
984	15	1	2
984	4	4	1
984	13	3	4
984	2	3	4
984	4	1	2
984	21	4	5
984	2	4	1
984	29	4	5
984	7	4	1
984	2	1	2
985	6	1	1
986	3	1	1
986	5	2	2
987	3	1	1
988	3	1	1
989	1	1	2
989	2	1	1
989	1	1	1
990	1	1	1
990	10	3	4
990	7	1	1
990	1	1	2
990	2	1	1
990	13	3	4
990	10	1	1
990	10	4	5
991	1	1	1
991	3	1	1
991	6	1	1
992	1	1	2
992	3	1	1
992	1	1	1
993	6	1	1
994	14	1	1
995	15	1	2
995	1	3	3
995	1	1	1
995	4	1	1
995	3	1	1
995	2	1	1
995	4	1	2
996	2	2	1
997	5	2	2
998	3	1	1
998	5	2	2
999	5	2	2
1000	3	1	1
1001	8	2	1
1001	5	2	2
1001	8	3	4
1002	8	1	2
1002	8	1	1
1003	3	1	1
1004	3	1	1
1005	1	1	2
1006	3	1	1
1006	2	1	1
1007	2	1	2
1007	2	2	1
1008	3	1	1
1008	1	1	1
1009	5	2	2
1010	5	2	2
1011	57	4	5
1011	24	4	5
1011	38	4	5
1012	5	2	2
1013	1	1	1
1014	1	1	1
1015	3	1	1
1016	3	1	1
1017	3	1	1
1018	11	4	1
1018	25	3	4
1018	9	4	1
1018	1	4	1
1018	68	4	5
1018	83	4	5
1018	13	3	4
1018	75	4	5
1019	6	1	1
1019	1	1	2
1019	2	1	1
1019	1	1	1
1020	3	1	1
1020	6	1	1
1021	5	2	2
1021	3	1	1
1022	1	1	2
1022	1	1	1
1023	4	1	1
1023	4	1	2
1024	1	1	2
1024	4	1	2
1024	1	1	1
1025	7	3	4
1025	1	3	4
1026	1	3	3
1026	7	1	1
1026	1	1	1
1026	3	1	1
1027	3	1	1
1028	3	1	1
1028	2	1	1
1028	1	1	1
1029	7	1	2
1029	7	1	1
1030	5	2	2
1030	1	1	1
1031	3	1	1
1032	4	3	3
1032	5	2	2
1032	4	1	2
1032	1	2	1
1032	2	3	4
1032	3	2	1
1032	2	3	2
1032	2	2	1
1032	2	1	2
1032	4	2	1
1033	2	1	1
1033	3	1	1
1034	1	1	1
1034	1	1	2
1035	1	1	1
1035	7	1	1
1035	1	1	2
1035	5	2	2
1035	4	1	2
1035	7	4	5
1036	1	1	2
1036	3	1	1
1036	4	1	2
1036	1	1	1
1037	2	2	1
1038	2	1	1
1038	2	1	2
1039	1	1	1
1039	1	1	2
1040	1	1	1
1041	1	1	2
1041	7	4	1
1041	9	4	1
1041	11	4	1
1041	2	1	2
1041	1	4	1
1041	2	4	1
1041	4	1	2
1042	1	1	1
1043	1	1	1
1044	1	1	2
1044	1	1	1
1044	2	1	1
1045	2	3	4
1045	4	3	3
1046	3	1	1
1047	1	1	1
1048	3	1	1
1049	2	1	1
1049	3	1	1
1049	2	1	2
1050	5	2	2
1050	6	2	1
1050	9	2	1
1050	3	2	1
1051	5	2	2
1052	2	2	1
1052	4	1	2
1052	1	1	2
1052	1	2	1
1052	4	2	1
1053	5	2	2
1053	8	3	3
1054	2	1	1
1054	1	1	2
1054	5	2	2
1054	1	1	1
1055	5	2	2
1056	1	1	1
1056	3	1	1
1057	2	1	1
1057	1	1	1
1058	5	2	2
1058	9	1	1
1059	3	1	1
1059	2	1	2
1059	2	1	1
1059	6	1	1
1060	5	2	2
1061	1	1	1
1062	3	1	1
1063	8	1	1
1064	3	1	1
1065	3	1	1
1066	3	1	1
1067	3	1	1
1068	1	1	1
1069	6	1	1
1069	5	2	2
1069	3	1	1
1070	5	2	2
1071	2	1	1
1072	5	2	2
1073	3	1	1
1074	4	2	1
1074	2	2	1
1075	1	1	2
1075	1	1	1
1076	4	2	1
1077	6	1	1
1078	3	1	1
1079	5	2	2
1080	5	2	2
1081	5	2	2
1082	2	2	1
1083	1	3	3
1084	5	2	2
1085	3	1	1
1085	1	1	1
1086	4	1	1
1086	4	1	2
1086	1	1	1
1087	4	1	1
1087	2	3	2
1087	2	1	1
1087	2	1	2
1088	8	4	5
1088	8	4	1
1088	8	3	4
1088	5	2	2
1088	6	4	1
1088	8	1	2
1089	5	2	2
1090	3	1	1
1090	1	1	1
1091	2	1	1
1092	6	1	1
1093	1	1	1
1094	6	1	1
1095	3	1	1
1096	3	1	1
1097	2	1	1
1097	3	1	1
1098	3	1	1
1099	3	1	1
1099	1	1	1
1100	3	1	1
1101	1	1	1
1101	1	1	2
1102	5	2	2
1102	3	1	1
1103	6	1	1
1103	3	1	1
1104	2	1	2
1104	3	1	1
1104	1	1	1
1104	2	1	1
1105	3	2	1
1105	2	2	1
1105	5	2	2
1106	5	2	2
1106	2	1	1
1107	6	1	1
1108	6	1	1
1108	5	2	2
1109	5	2	2
1109	6	1	1
1110	1	1	1
1110	1	1	2
1111	3	1	1
1112	5	2	2
1113	5	2	2
1113	1	1	1
1114	2	1	1
1114	3	1	1
1114	2	1	2
1115	1	1	1
1116	2	2	1
1117	3	1	1
1118	3	1	1
1119	4	1	2
1120	1	1	1
1121	1	1	1
1122	6	1	1
1122	3	1	1
1123	1	1	1
1124	9	4	1
1124	4	4	1
1124	2	4	1
1124	2	1	2
1124	13	3	4
1124	21	4	5
1124	11	4	1
1124	2	3	4
1124	2	2	4
1125	2	2	1
1125	4	2	1
1126	1	1	1
1126	3	1	1
1126	1	1	2
1127	3	1	1
1127	1	1	1
1128	3	1	1
1129	10	3	4
1129	1	4	1
1129	13	3	4
1129	1	1	2
1129	2	1	2
1129	2	4	1
1129	11	4	1
1130	2	1	2
1130	2	4	1
1130	13	3	4
1130	1	1	2
1130	1	4	1
1130	11	4	1
1130	10	3	4
1131	3	1	1
1131	2	1	1
1132	2	1	1
1132	3	1	1
1133	2	1	1
1133	3	1	1
1133	1	1	1
1134	1	1	1
1135	3	1	1
1136	5	2	2
1137	3	1	1
1137	1	1	1
1138	6	1	1
1139	3	1	1
1139	5	2	2
1140	2	1	1
1141	4	2	1
1142	2	1	1
1143	2	2	1
1143	4	2	1
1144	1	1	1
1145	1	1	2
1145	3	1	1
1145	1	1	1
1146	8	3	3
1147	3	1	1
1148	65	4	1
1148	48	4	1
1148	13	3	4
1148	11	4	1
1149	5	2	2
1150	1	1	1
1151	6	1	1
1151	5	2	2
1152	2	1	1
1152	1	1	2
1152	1	1	1
1153	1	1	2
1153	6	1	1
1153	1	1	1
1153	2	1	1
1154	1	1	1
1154	4	1	2
1154	2	1	1
1154	4	1	1
1154	1	1	2
1155	1	1	1
1156	1	1	1
1156	1	1	2
1156	3	1	1
1157	1	1	1
1157	3	1	1
1158	1	1	1
1158	3	1	1
1158	2	1	1
1159	6	1	1
1160	3	1	1
1161	1	1	1
1161	2	1	1
1162	2	1	1
1163	3	1	1
1164	3	1	1
1164	6	1	1
1165	3	1	1
1165	1	1	1
1166	5	2	2
1167	3	1	1
1168	1	1	1
1168	2	1	1
1168	1	1	2
1169	1	1	2
1169	1	1	1
1170	1	1	1
1170	4	1	2
1170	1	1	2
1171	1	1	2
1171	4	1	2
1171	1	1	1
1172	12	1	2
1172	1	1	2
1172	12	1	1
1172	1	1	1
1173	4	2	1
1174	4	2	1
1174	3	2	1
1175	5	2	2
1176	1	1	2
1176	1	1	1
1176	3	1	1
1177	4	1	1
1177	4	1	2
1177	3	1	1
1178	2	1	1
1178	2	1	2
1179	3	1	1
1180	3	1	1
1180	2	1	1
1180	2	1	2
1181	3	1	1
1182	3	1	1
1183	2	1	2
1183	1	1	2
1183	13	3	4
1183	2	3	4
1183	10	3	4
1183	2	3	4
1183	4	3	4
1183	21	4	5
1183	22	4	1
1183	11	4	1
1183	4	4	1
1183	23	4	1
1183	29	4	5
1183	7	4	1
1183	9	4	1
1183	1	4	1
1183	10	4	1
1183	2	4	1
1184	1	1	1
1184	1	1	2
1185	3	1	1
1186	5	2	2
1187	5	2	2
1188	5	2	2
1189	5	2	2
1190	6	1	1
1191	6	1	1
1192	5	2	2
1192	3	1	1
1192	6	1	1
1193	1	1	1
1193	3	1	1
1194	3	1	1
1195	3	1	1
1195	1	1	1
1195	4	1	2
1195	1	1	2
1196	3	1	1
1196	1	1	1
1197	1	1	1
1197	1	1	2
1197	6	1	1
1197	5	2	2
1197	3	1	1
1197	1	3	3
1198	5	2	2
1199	5	2	2
1200	2	2	1
1200	7	2	1
1200	4	2	1
1200	5	2	2
1201	3	1	1
1202	5	2	2
1203	3	1	1
1203	1	1	1
1204	3	1	1
1205	5	2	2
1206	2	2	1
1206	1	1	2
1206	1	2	1
1207	5	2	2
1208	5	2	2
1209	2	1	2
1209	3	1	1
1209	2	1	1
1210	3	1	1
1211	10	3	4
1211	1	1	2
1211	2	1	1
1211	2	1	2
1211	16	1	1
1211	1	1	1
1211	4	1	2
1211	4	1	1
1211	16	3	4
1211	2	3	2
1212	6	2	1
1212	8	2	1
1213	12	3	4
1213	5	2	2
1213	1	1	2
1213	13	3	4
1213	2	4	1
1213	12	1	2
1213	12	4	1
1213	2	1	2
1213	1	4	1
1214	3	1	1
1215	1	1	2
1215	6	1	1
1215	2	1	1
1215	4	1	2
1215	3	1	1
1215	1	1	1
1216	1	1	2
1216	1	1	1
1216	4	1	1
1216	4	1	2
1216	2	1	2
1216	2	1	1
1216	7	3	3
1217	6	1	1
1218	2	1	1
1218	1	1	2
1218	1	1	1
1218	3	1	1
1219	2	1	1
1219	4	1	2
1219	3	1	1
1219	1	1	1
1219	1	1	2
1220	1	1	1
1221	1	2	1
1221	1	3	3
1221	4	2	1
1221	1	1	2
1222	5	2	2
1223	3	1	1
1223	6	1	1
1224	3	1	1
1225	1	1	1
1226	3	1	1
1226	2	1	1
1226	1	1	1
1227	1	1	1
1227	1	1	2
1228	2	3	4
1229	1	1	2
1229	4	1	2
1230	1	1	1
1231	7	2	1
1231	6	2	1
1232	3	1	1
1233	3	1	1
1233	1	1	1
1233	1	1	2
1234	1	1	1
1234	1	1	2
1235	1	1	2
1235	2	1	1
1235	1	1	1
1236	3	1	1
1237	6	1	1
1238	2	1	1
1238	1	1	1
1238	1	1	2
1239	6	1	1
1240	6	1	1
1241	3	1	1
1242	1	3	3
1243	2	1	1
1244	5	2	2
1245	5	2	2
1245	6	1	1
1246	1	1	1
1247	3	1	1
1248	2	1	1
1249	3	1	1
1250	5	2	2
1251	6	1	1
1251	2	1	1
1251	3	1	1
1252	3	1	1
1252	2	1	1
1253	6	1	1
1254	3	1	1
1255	3	1	1
1256	3	1	1
1257	1	1	2
1257	1	3	3
1257	1	1	1
1258	1	1	1
1259	6	1	1
1260	9	2	1
1260	2	2	1
1260	19	2	1
1261	5	2	2
1262	6	1	1
1263	3	1	1
1264	1	1	1
1264	3	1	1
1264	1	1	2
1265	5	2	2
1266	5	2	2
1267	5	2	2
1268	4	1	1
1268	2	1	1
1268	4	3	2
1268	2	3	2
1268	2	1	2
1269	1	1	2
1269	1	1	1
1270	1	1	1
1270	1	1	2
1271	3	1	1
1272	3	1	1
1272	1	1	1
1272	1	1	2
1273	13	3	4
1273	2	1	1
1273	6	1	1
1273	3	1	1
1274	3	1	1
1275	8	1	1
1275	3	1	1
1276	6	1	1
1277	2	2	1
1278	3	1	1
1279	2	2	1
1279	4	2	1
1279	13	3	4
1279	34	4	5
1279	4	1	2
1280	2	1	1
1280	3	1	1
1280	2	1	2
1280	1	1	1
1281	5	2	2
1282	2	1	1
1283	1	1	2
1283	1	1	1
1283	5	2	2
1284	32	2	1
1284	6	2	1
1284	2	2	1
1285	2	1	1
1285	6	1	1
1285	2	1	2
1286	4	1	1
1286	7	1	1
1287	1	1	1
1288	1	1	1
1288	1	1	2
1288	3	1	1
1289	47	3	4
1289	11	4	1
1289	1	1	2
1289	47	4	5
1289	1	4	1
1290	3	2	1
1290	1	2	1
1290	2	2	1
1291	5	2	2
1291	2	2	1
1291	4	2	1
1291	6	2	1
1292	5	2	2
1293	2	1	1
1293	1	1	2
1293	1	1	1
1293	1	3	4
1294	5	2	2
1295	2	1	1
1295	2	1	2
1295	3	1	1
1296	2	1	2
1296	1	1	2
1296	1	1	1
1296	2	1	1
1297	1	1	2
1297	5	2	2
1297	1	1	1
1298	1	1	1
1298	8	1	1
1298	1	1	2
1298	8	3	4
1299	2	1	2
1299	3	1	1
1299	2	1	1
1300	3	1	1
1301	9	2	1
1302	1	1	2
1302	1	1	1
1303	4	4	1
1303	1	4	1
1303	2	4	1
1303	1	1	2
1303	11	4	1
1304	1	1	2
1304	1	1	1
1305	1	1	1
1305	1	1	2
1306	4	1	2
1306	2	2	1
1306	1	1	2
1306	15	1	2
1306	1	2	1
1307	1	1	2
1307	3	1	1
1307	1	1	1
1308	1	1	2
1308	1	3	3
1309	2	2	1
1309	3	2	1
1309	6	2	1
1310	4	2	1
1311	3	1	1
1312	4	1	1
1313	5	2	2
1314	3	1	1
1315	2	1	1
1315	3	1	1
1316	4	2	1
1317	1	1	1
1318	4	2	1
1318	2	2	1
1319	5	2	2
1319	1	1	1
1320	3	1	1
1321	1	1	2
1321	1	1	1
1322	4	1	1
1322	4	1	2
1323	2	1	1
1323	4	1	1
1324	1	1	1
1324	3	1	1
1325	3	1	1
1326	2	2	1
1327	3	1	1
1328	3	1	1
1329	10	3	4
1330	3	1	1
1331	5	2	2
1332	2	3	2
1332	2	1	2
1332	2	1	1
1332	4	1	1
1333	3	1	1
1333	1	1	1
1334	6	1	1
1334	1	1	2
1334	7	3	3
1334	7	1	1
1334	1	1	1
1335	6	1	1
1335	1	1	2
1335	3	1	1
1335	1	1	1
1335	5	2	2
1336	1	1	1
1336	3	1	1
1337	3	1	1
1338	6	1	1
1339	1	1	2
1339	1	1	1
1340	3	1	1
1341	5	2	2
1342	3	1	1
1342	12	1	1
1343	14	1	1
1344	3	1	1
1345	2	1	1
1345	1	1	1
1345	1	1	2
1345	3	1	1
1346	3	1	1
1347	3	1	1
1348	3	1	1
1349	1	1	2
1349	1	1	1
1350	6	1	1
1351	2	2	1
1351	1	1	2
1351	1	2	1
1352	5	2	2
1353	3	1	1
1354	3	1	1
1355	3	1	1
1356	5	2	2
1357	3	1	1
1357	6	1	1
1358	18	2	1
1358	18	3	4
1358	20	2	1
1358	6	2	1
1359	1	3	3
1360	1	1	1
1361	1	1	1
1362	1	1	1
1362	1	1	2
1363	2	1	1
1363	2	1	2
1364	2	1	2
1364	4	1	2
1364	4	1	1
1364	2	1	1
1365	5	2	2
1366	7	1	2
1366	7	1	1
1367	5	2	2
1368	2	2	1
1369	6	1	1
1370	1	1	1
1371	5	2	2
1371	11	4	1
1371	13	3	4
1371	2	4	1
1372	17	3	3
1372	4	2	1
1372	19	2	1
1373	3	1	1
1374	6	1	1
1375	3	1	1
1375	6	1	1
1376	6	1	1
1377	7	2	1
1377	5	2	2
1377	3	2	1
1378	5	2	2
1379	5	2	2
1380	32	2	1
1381	6	1	1
1381	1	1	1
1382	1	1	2
1382	1	1	1
1383	2	1	1
1383	5	2	2
1384	5	2	2
1385	3	1	1
1386	3	1	1
1386	1	1	1
1387	7	3	3
1388	6	1	1
1389	6	1	1
1389	3	1	1
1390	3	1	1
1391	5	2	2
1392	5	2	2
1393	1	1	1
1393	1	1	2
1394	2	1	1
1395	2	1	1
1396	6	1	1
1396	3	1	1
1397	2	1	2
1397	2	1	1
1398	1	1	2
1398	5	2	2
1398	11	2	1
1398	7	2	1
1398	1	2	1
1399	7	2	1
1399	11	2	1
1399	25	3	4
1399	1	2	1
1399	1	1	2
1399	5	2	2
1400	3	1	1
1400	1	1	1
1400	1	1	2
1401	3	1	1
1401	1	1	1
1402	3	1	1
1402	1	1	2
1402	1	1	1
1403	3	1	1
1404	2	1	2
1404	6	1	1
1404	2	1	1
1404	3	1	1
1405	2	3	2
1405	4	1	1
1405	2	1	2
1405	2	1	1
1406	2	3	2
1406	4	1	1
1406	2	1	1
1406	2	1	2
1406	4	1	2
1406	3	1	1
1407	3	1	1
1408	3	1	1
1408	1	1	1
1409	1	1	1
1409	3	1	1
1410	5	2	2
1411	3	1	1
1411	5	2	2
1412	5	2	2
1413	3	2	1
1413	2	2	1
1413	5	2	2
1414	7	3	4
1414	10	3	4
1414	1	1	1
1415	10	3	4
1415	1	1	1
1415	7	3	4
1415	8	3	4
1416	1	1	1
1417	5	2	2
1418	4	2	1
1419	6	1	1
1420	2	1	1
1420	2	1	2
1420	3	1	1
1421	3	1	1
1421	1	1	1
1422	1	1	1
1422	1	1	2
1422	3	1	1
1423	2	1	1
1424	2	1	2
1424	2	1	1
1424	9	1	1
1425	4	2	1
1425	2	2	1
1426	4	2	1
1426	3	2	1
1427	2	1	1
1428	5	2	2
1429	7	3	3
1430	5	2	2
1431	1	1	1
1432	6	1	1
1432	1	3	3
1433	5	2	2
1434	2	1	2
1434	11	4	1
1434	2	4	1
1434	1	4	1
1434	13	3	4
1435	6	1	1
1435	3	1	1
1435	5	2	2
1435	1	1	1
1436	4	1	2
1436	1	1	2
1436	2	1	1
1436	2	1	2
1436	1	1	1
1436	4	1	1
1436	3	1	1
1437	2	4	1
1437	1	4	1
1437	11	4	1
1437	1	1	2
1438	2	1	2
1438	3	1	1
1438	2	1	1
1439	7	3	4
1439	4	1	2
1440	3	1	1
1440	4	1	2
1441	5	2	2
1442	1	1	2
1442	1	1	1
1443	2	1	2
1443	4	1	2
1443	10	3	4
1443	1	1	1
1443	2	1	1
1443	4	1	1
1443	1	1	2
1444	2	1	2
1444	2	1	1
1445	6	1	1
1445	19	1	1
1446	7	1	1
1446	7	1	2
1447	5	2	2
1448	1	1	2
1448	1	1	1
1449	7	3	3
1450	3	1	1
1450	1	1	1
1451	3	1	1
1452	3	1	1
1453	17	4	1
1453	13	3	4
1453	17	3	4
1453	2	4	1
1453	11	4	1
1453	99	4	5
1453	85	4	5
1454	3	1	1
1455	5	2	2
1456	6	1	1
1457	5	2	2
1458	5	2	2
1459	3	1	1
1459	1	1	1
1460	1	1	2
1460	1	1	1
1461	1	1	1
1461	3	1	1
1462	1	1	1
1463	1	1	1
1463	3	1	1
1464	2	2	1
1464	4	2	1
1465	5	2	2
1465	6	1	1
1466	6	1	1
1466	5	2	2
1467	1	1	1
1468	3	1	1
1469	5	2	2
1469	6	1	1
1470	6	1	1
1471	6	1	1
1471	3	1	1
1472	2	1	1
1472	3	1	1
1472	2	1	2
1473	1	1	2
1473	1	1	1
1474	2	1	1
1475	1	1	2
1475	8	2	1
1475	8	3	4
1475	1	2	1
1476	1	1	1
1476	3	1	1
1477	8	1	1
1478	6	1	1
1479	5	2	2
1479	8	2	1
1480	3	1	1
1481	3	1	1
1482	1	1	1
1482	2	1	1
1482	3	1	1
1483	3	1	1
1484	2	2	1
1484	5	2	2
1485	3	2	1
1485	6	2	1
1485	4	2	1
1485	4	1	2
1485	2	2	1
1485	1	2	1
1486	3	1	1
1487	2	1	1
1487	2	1	2
1488	3	1	1
1489	5	2	2
1490	3	1	1
1491	5	2	2
1491	1	1	1
1492	5	2	2
1493	5	2	2
1494	2	1	1
1495	3	1	1
1496	2	2	1
1497	2	2	1
1498	3	1	1
1499	6	1	1
1500	1	1	1
1501	2	3	4
1501	3	1	1
1501	2	1	1
1501	1	1	1
1502	2	3	4
1502	3	2	1
1502	2	2	1
1502	1	2	1
1503	2	1	1
1504	3	1	1
1505	3	1	1
1506	1	1	2
1506	1	1	1
1507	3	1	1
1508	3	1	1
1509	5	2	2
1509	7	3	3
1510	1	1	1
1511	1	1	1
1512	1	3	3
1512	1	1	1
1512	2	1	1
1512	1	1	2
1513	3	1	1
1514	6	1	1
1514	3	1	1
1515	2	2	1
1516	3	1	1
1516	17	3	3
1517	1	3	3
1517	1	1	2
1517	1	1	1
1518	3	1	1
1519	11	4	1
1519	13	3	4
1519	4	1	2
1519	2	1	2
1519	2	4	1
1520	11	4	1
1520	8	4	1
1521	4	2	1
1521	2	1	2
1521	2	2	1
1522	1	1	1
1523	1	1	2
1523	1	3	4
1523	1	1	1
1524	1	1	1
1524	2	1	2
1524	2	1	1
1524	3	1	1
1525	5	2	2
1526	3	1	1
1527	2	1	2
1527	1	1	1
1527	1	1	2
1528	5	2	2
1529	7	3	3
1530	6	1	1
1531	5	2	2
1532	23	2	1
1533	1	1	1
1534	2	1	1
1535	17	3	3
1536	6	1	1
1537	2	1	1
1538	2	1	1
1538	2	1	2
1539	1	1	2
1539	1	1	1
1540	3	1	1
1541	2	2	1
1542	3	1	1
1543	3	1	1
1544	1	1	1
1545	1	1	1
1545	1	1	2
1546	4	1	1
1547	3	1	1
1548	3	1	1
1549	2	1	2
1549	2	2	1
1549	1	2	1
1550	1	1	1
1551	6	1	1
1551	8	3	3
1552	6	1	1
1552	2	1	2
1552	2	1	1
1553	2	1	1
1553	2	1	2
1553	3	1	1
1554	3	1	1
1555	1	1	1
1556	3	1	1
1556	1	1	2
1556	15	1	2
1556	1	1	1
1556	4	1	2
1557	1	2	1
1557	2	2	1
1557	1	1	2
1557	2	1	2
1558	4	1	2
1559	3	1	1
1560	3	1	1
1560	1	1	1
1561	5	2	2
1562	3	1	1
1563	3	1	1
1563	2	1	1
1564	7	3	3
1565	3	1	1
1566	1	1	1
1566	2	1	2
1566	2	1	1
1567	3	1	1
1568	2	2	1
1568	3	2	1
1568	1	2	1
1569	2	2	1
1569	3	2	1
1570	1	1	1
1571	3	1	1
1572	10	3	4
1573	3	1	1
1573	1	1	2
1573	1	1	1
1574	1	1	2
1575	6	1	1
1575	3	1	1
1576	6	1	1
1576	1	1	1
1577	3	1	1
1578	1	3	3
1578	6	1	1
1579	1	1	2
1579	4	1	2
1579	1	1	1
1579	15	1	2
1580	4	1	2
1580	1	1	2
1580	4	1	1
1580	1	1	1
1581	6	1	1
1581	3	1	1
1582	2	2	1
1583	12	1	1
1584	1	1	2
1584	1	1	1
1585	7	1	1
1586	1	1	2
1586	4	1	2
1587	3	1	1
1588	1	1	2
1589	2	1	1
1589	3	1	1
1590	3	1	1
1591	1	1	1
1591	1	1	2
1592	4	1	1
1592	4	1	2
1593	2	1	1
1593	2	1	2
1594	1	1	2
1594	3	1	1
1594	1	1	1
1595	3	1	1
1596	1	1	1
1597	4	2	1
1597	1	2	1
1597	2	2	1
1597	1	1	2
1598	8	2	1
1598	5	2	2
1598	8	1	2
1599	1	1	2
1599	9	1	1
1600	6	1	1
1601	7	1	1
1601	1	1	2
1601	1	1	1
1601	10	3	4
1601	16	1	1
1601	2	1	1
1601	3	1	1
1602	3	1	1
1602	6	1	1
1603	1	1	1
1603	4	1	2
1603	1	1	2
1604	3	1	1
1604	1	1	1
1604	8	1	1
1604	1	1	2
1604	6	1	1
1605	5	2	2
1605	1	3	3
1605	1	1	1
1605	1	1	2
1605	3	1	1
1606	3	1	1
1607	6	1	1
1608	1	1	2
1608	1	1	1
1608	15	1	2
1608	4	1	2
1609	1	1	2
1609	3	1	1
1610	3	1	1
1610	1	1	1
1610	4	1	2
1610	4	1	1
1610	1	1	2
1611	1	1	2
1611	6	1	1
1611	1	1	1
1611	3	1	1
1612	4	1	2
1612	3	1	1
1612	1	1	2
1612	1	1	1
1613	1	1	2
1613	1	1	1
1614	2	1	1
1614	4	1	2
1614	1	1	1
1614	1	1	2
1615	3	1	1
1615	1	1	1
1615	1	1	2
1615	4	1	2
1616	3	1	1
1616	4	1	2
1616	2	1	1
1616	1	1	1
1616	1	1	2
1616	2	1	2
1617	1	1	2
1617	12	1	2
1617	1	1	1
1617	12	1	1
1618	2	1	1
1619	1	1	2
1619	12	1	2
1619	12	1	1
1620	2	1	1
1620	4	3	4
1620	5	2	2
1620	4	1	2
1621	4	3	4
1621	4	1	2
1622	12	2	1
1623	1	1	2
1623	12	1	2
1623	1	1	1
1624	1	1	1
1624	1	1	2
1625	3	1	1
1625	1	1	1
1625	4	1	2
1625	1	1	2
1626	1	1	1
1627	4	2	1
1627	1	2	1
1627	2	2	1
1627	1	1	2
1628	2	1	1
1629	6	1	1
1630	1	1	2
1630	1	1	1
1630	4	1	1
1630	4	1	2
1630	15	1	2
1631	3	1	1
1632	11	4	1
1632	3	4	1
1632	1	4	1
1632	1	1	2
1633	1	1	2
1633	2	1	1
1633	4	1	2
1633	1	1	1
1634	3	1	1
1635	1	1	2
1635	4	1	2
1636	1	1	2
1637	1	2	1
1637	3	2	1
1637	2	2	1
1638	1	1	2
1638	6	1	1
1638	1	1	1
1638	2	1	1
1639	1	1	2
1639	1	1	1
1639	4	1	2
1640	3	1	1
1641	1	1	2
1641	4	1	2
1641	1	1	1
1642	2	1	2
1642	4	1	2
1642	2	1	1
1642	1	1	2
1642	1	1	1
1643	1	1	1
1643	1	1	2
1643	4	1	2
1644	1	1	2
1644	1	1	1
1645	3	1	1
1646	1	1	1
1646	1	1	2
1647	1	1	2
1647	3	1	1
1648	2	1	1
1649	1	1	2
1649	3	1	1
1650	1	1	2
1651	1	1	2
1651	1	1	1
1651	4	1	2
1652	1	1	2
1652	1	1	1
1652	3	1	1
1652	4	1	2
1653	4	2	1
1653	1	2	1
1653	1	1	2
1653	2	2	1
1654	4	1	2
1654	1	3	3
1654	5	2	2
1654	1	1	2
1654	1	2	1
1654	2	2	1
1654	4	2	1
1655	1	1	1
1655	3	1	1
1655	1	1	2
1656	3	1	1
1656	1	1	1
1657	1	1	2
1657	4	1	2
1657	4	1	1
1657	5	2	2
1657	1	1	1
1658	6	2	1
1658	4	2	1
1658	2	2	1
1659	45	3	4
1659	6	4	1
1659	43	4	5
1659	13	3	4
1659	2	1	2
1659	33	4	5
1659	33	4	5
1659	11	4	1
1659	2	4	1
1660	2	3	2
1660	7	1	1
1660	4	1	2
1660	2	1	1
1660	1	1	2
1660	4	1	1
1661	3	1	1
1662	3	1	1
1662	1	1	1
1663	3	1	1
1663	6	1	1
1664	5	2	2
1665	3	1	1
1666	5	2	2
1667	4	1	2
1667	12	1	2
1667	12	1	1
1668	1	1	2
1668	5	2	2
1668	1	2	1
1668	12	2	1
1668	8	3	4
1668	9	2	1
1668	8	2	1
1668	7	2	1
1669	6	1	1
1669	3	1	1
1670	3	1	1
1670	1	1	2
1671	1	1	1
1671	1	1	2
1671	6	1	1
1672	3	1	1
1673	4	2	1
1673	2	2	1
1674	2	1	2
1675	1	1	2
1675	2	1	1
1675	2	3	4
1676	1	1	1
1677	12	1	1
1678	8	2	1
1678	1	1	2
1678	2	3	4
1678	2	2	1
1678	9	2	1
1679	5	2	2
1680	2	1	2
1680	4	1	2
1680	5	2	2
1680	15	1	2
1681	1	1	2
1682	2	1	1
1683	5	2	2
1683	1	1	2
1683	3	1	1
1683	1	1	1
1684	3	1	1
1685	3	1	1
1685	4	1	2
1685	1	1	1
1686	2	1	1
1686	6	1	1
1686	3	1	1
1686	1	1	1
1687	1	1	2
1687	3	1	1
1687	1	1	1
1688	3	2	1
1688	6	2	1
1688	1	2	1
1688	5	2	2
1688	2	2	1
1688	1	1	2
1689	1	1	1
1690	4	1	1
1690	4	3	2
1690	2	1	1
1691	1	1	2
1691	1	1	1
1692	8	2	1
1692	5	2	2
1693	3	1	1
1694	5	2	2
1695	13	3	4
1695	4	1	1
1695	2	3	2
1695	2	1	1
1696	1	1	1
1696	1	1	2
1697	1	1	2
1697	1	1	1
1698	1	1	1
1698	1	1	2
1699	3	4	1
1699	13	3	4
1699	11	4	1
1699	3	4	5
1699	26	3	4
1700	5	2	2
1701	3	1	1
1702	5	2	2
1702	3	1	1
1703	1	1	2
1703	1	1	1
1703	3	1	1
1704	6	1	1
1705	5	2	2
1705	1	1	2
1705	1	1	1
1706	3	1	1
1706	1	1	1
1707	2	2	1
1708	1	1	2
1708	6	2	1
1708	22	2	1
1708	2	2	1
1708	5	2	2
1708	1	2	1
1709	3	1	1
1709	6	1	1
1710	5	2	2
1711	1	1	1
1712	5	2	2
1713	5	2	2
1714	3	1	1
1715	19	1	1
1715	6	1	1
1716	2	1	1
1717	3	1	1
1718	1	1	2
1718	1	1	1
1719	14	1	1
1720	1	1	2
1720	5	2	2
1720	7	1	1
1720	7	1	2
1720	1	1	1
1721	18	2	1
1722	1	1	2
1722	1	1	1
1722	3	1	1
1723	1	1	2
1724	1	1	2
1724	2	2	1
1724	11	2	1
1724	1	2	1
1725	7	1	1
1726	3	1	1
1727	3	1	1
1728	3	1	1
1729	7	2	1
1729	1	1	2
1730	3	1	1
1731	1	1	1
1731	1	1	2
1732	1	1	2
1733	7	2	1
1733	4	2	1
1733	2	2	1
1733	7	3	3
1733	1	1	2
1733	4	1	2
1734	6	1	1
1735	5	2	2
1736	10	1	1
1736	10	1	2
1737	4	1	2
1738	1	4	1
1738	2	1	2
1738	1	1	2
1738	10	3	4
1738	2	4	1
1738	13	3	4
1738	11	4	1
1739	2	1	1
1740	3	1	1
1740	1	1	1
1740	1	1	2
1741	5	2	2
1742	3	1	1
1743	3	1	1
1744	3	1	1
1745	1	1	1
1746	3	1	1
1746	1	1	1
1746	5	2	2
1747	3	1	1
1748	1	1	2
1748	1	1	1
1749	1	1	1
1749	5	2	2
1750	5	2	2
1751	5	2	2
1752	5	2	2
1752	3	1	1
1753	5	2	2
1754	2	1	1
1754	4	1	2
1754	3	1	1
1754	2	1	2
1755	3	1	1
1755	1	1	1
1756	6	1	1
1756	2	1	1
1756	30	1	1
1757	5	2	2
1758	3	1	1
1759	2	1	1
1759	2	1	2
1760	4	1	2
1760	7	3	3
1760	2	1	1
1760	1	1	1
1760	15	1	2
1760	37	3	3
1760	1	1	2
1760	4	1	1
1761	5	2	2
1761	8	1	1
1761	6	1	1
1761	8	3	4
1762	7	3	3
1762	5	2	2
1762	2	1	1
1762	1	1	1
1763	3	1	1
1763	4	1	2
1763	4	1	1
1764	9	4	1
1764	2	3	2
1764	2	4	1
1764	2	1	2
1764	4	4	1
1764	13	3	4
1764	11	4	1
1764	5	2	2
1765	1	1	1
1766	7	4	1
1766	7	3	4
1766	5	2	2
1766	13	3	4
1767	8	2	1
1768	3	1	1
1769	4	1	2
1769	1	1	1
1769	4	1	1
1769	2	1	1
1770	3	1	1
1771	2	1	1
1771	3	1	1
1772	2	2	1
1772	4	2	1
1773	1	1	2
1773	1	1	1
1774	4	1	1
1774	2	1	2
1774	2	3	2
1774	2	1	1
1775	3	1	1
1775	5	2	2
1776	1	1	1
1776	3	1	1
1777	8	3	4
1778	25	3	4
1778	7	3	4
1778	13	3	4
1778	10	3	4
1778	2	3	4
1778	2	4	1
1778	1	4	1
1778	34	4	5
1778	4	3	4
1778	55	3	4
1778	11	4	1
1778	6	4	1
1778	1	1	2
1779	2	2	1
1780	5	2	2
1781	7	3	3
1781	7	1	2
1781	7	1	1
1782	3	1	1
1782	6	1	1
1783	3	1	1
1783	1	1	1
1784	2	1	1
1784	4	1	2
1784	4	1	1
1785	3	1	1
1786	3	1	1
1787	1	1	2
1787	1	1	1
1788	4	1	1
1788	4	1	2
1789	1	1	1
1790	1	1	1
1790	1	1	2
1791	3	1	1
1792	5	2	2
1792	6	1	1
1792	1	1	1
1792	3	1	1
1793	5	2	2
1794	5	2	2
1795	3	1	1
1796	3	1	1
1796	1	1	1
1796	1	1	2
1797	1	1	1
1797	1	1	2
1797	4	1	1
1797	4	1	2
1798	2	1	2
1798	3	1	1
1798	5	2	2
1798	2	1	1
1799	3	1	1
1799	1	1	1
1800	2	1	1
1800	3	1	1
1801	1	1	1
1801	9	1	1
1802	4	1	2
1802	4	1	1
1802	3	1	1
1802	10	1	2
1802	10	1	1
1803	2	2	1
1804	7	1	1
1805	1	1	1
1805	1	1	2
1806	30	1	1
1807	7	3	4
1808	4	1	2
1808	2	1	2
1808	2	2	1
1808	3	2	1
1808	2	3	4
1809	1	1	1
1810	16	1	2
1810	16	1	1
1811	5	2	2
1811	6	1	1
1812	2	1	2
1812	2	1	1
1813	1	1	1
1813	3	1	1
1814	1	1	1
1814	3	1	1
1815	5	2	2
1816	3	1	1
1816	2	1	1
1817	2	1	1
1818	7	3	3
1819	2	2	1
1820	6	1	1
1821	5	2	2
1821	3	1	1
1822	5	2	2
1823	6	1	1
1823	2	1	1
1823	3	1	1
1824	3	1	1
1825	5	2	2
1826	10	1	2
1826	10	1	1
1826	7	1	1
1827	3	1	1
1828	3	1	1
1828	1	1	2
1828	1	1	1
1829	5	2	2
1830	2	1	1
1830	5	2	2
1831	1	1	2
1831	1	1	1
1832	2	2	1
1833	1	1	1
1833	1	1	2
1834	5	2	2
1834	3	1	1
1835	2	1	1
1836	1	1	1
1836	1	1	2
1836	1	3	3
1837	5	2	2
1838	6	1	1
1839	5	2	2
1840	1	1	1
1841	1	1	2
1841	7	3	4
1841	1	1	1
1841	20	1	1
1842	22	1	1
1842	8	3	4
1842	5	2	2
1843	29	4	5
1843	21	4	5
1843	5	2	2
1843	9	4	1
1843	12	4	1
1843	76	4	5
1843	77	4	5
1843	11	4	1
1843	40	4	5
1843	2	3	2
1843	29	3	3
1843	2	4	1
1843	4	4	1
1843	28	4	1
1843	12	3	3
1843	2	1	2
1843	2	3	3
1843	13	3	4
1844	1	1	1
1844	2	1	2
1844	3	1	1
1844	1	1	2
1844	2	1	1
1845	3	1	1
1846	1	1	2
1847	61	3	3
1847	3	1	1
1847	4	1	2
1848	3	1	1
1849	3	1	1
1850	29	4	5
1850	96	4	5
1851	16	1	1
1851	2	1	1
1851	1	1	1
1851	16	3	4
1851	1	1	2
1851	52	4	5
1851	24	4	5
1851	16	4	5
1852	3	1	1
1852	2	1	1
1853	6	1	1
1854	43	4	5
1854	33	4	5
1854	33	4	5
1854	13	3	4
1854	11	4	1
1855	5	2	2
1856	3	1	1
1857	7	3	3
1857	2	1	2
1857	1	1	2
1857	1	1	1
1857	7	1	1
1857	30	1	1
1857	2	1	1
1857	5	2	2
1858	3	1	1
1859	2	1	1
1859	7	1	1
1859	7	3	3
1860	3	1	1
1861	3	1	1
1862	15	1	2
1862	6	1	1
1862	2	1	1
1862	4	1	2
1862	10	1	1
1862	1	1	1
1862	1	1	2
1862	4	1	1
1863	3	1	1
1864	2	1	1
1865	5	2	2
1866	3	1	1
1867	4	1	2
1867	4	1	1
1868	1	3	3
1868	3	1	1
1869	32	1	1
1870	1	1	2
1870	1	1	1
1871	5	2	2
1872	3	1	1
1873	3	1	1
1873	6	1	1
1874	2	1	1
1874	5	2	2
1875	3	1	1
1876	1	1	1
1876	2	1	1
1876	7	3	4
1876	1	1	2
1877	7	3	4
1877	9	1	1
1877	4	1	2
1877	15	1	2
1877	4	1	1
1877	1	1	1
1878	8	2	1
1878	2	2	1
1879	3	1	1
1879	4	1	2
1880	1	3	3
1881	2	1	1
1882	3	1	1
1882	1	1	1
1883	18	2	1
1883	4	1	2
1884	2	2	1
1885	4	1	2
1886	3	1	1
1887	3	1	1
1888	6	1	1
1888	17	3	3
1889	1	1	1
1889	1	1	2
1890	5	2	2
1890	3	1	1
1891	4	1	1
1891	4	1	2
1892	6	1	1
1893	2	1	1
1894	6	1	1
1895	6	1	1
1896	7	3	3
1897	1	1	1
1897	3	1	1
1898	3	1	1
1899	4	1	1
1899	2	3	2
1899	2	1	2
1899	14	1	1
1899	2	1	1
1900	5	2	2
1901	3	1	1
1902	1	1	2
1902	1	1	1
1903	2	1	1
1903	1	1	1
1903	2	1	2
1903	1	1	2
1903	7	1	1
1904	3	1	1
1905	24	4	5
1905	22	2	1
1905	13	3	4
1906	4	1	1
1906	1	1	2
1906	1	1	1
1906	4	1	2
1906	2	1	1
1906	7	1	1
1907	1	1	2
1907	15	1	2
1907	4	1	2
1907	1	3	3
1907	9	2	1
1907	7	2	1
1907	1	2	1
1907	2	2	1
1907	4	2	1
1908	6	1	1
1908	5	2	2
1909	2	1	1
1909	4	1	2
1909	2	1	2
1909	4	1	1
1910	3	1	1
1911	2	1	1
1912	3	1	1
1912	4	1	2
1913	3	1	1
1914	3	1	1
1915	2	1	1
1915	5	2	2
1915	2	1	2
1916	5	2	2
1917	3	1	1
1918	2	3	2
1918	2	1	1
1918	4	1	1
1919	56	3	4
1919	9	2	1
1920	2	2	1
1921	6	1	1
1922	3	1	1
1922	1	1	1
1923	5	2	2
1923	3	1	1
1924	1	1	1
1925	45	3	4
1926	6	1	1
1927	6	1	1
1928	2	2	1
1929	4	2	1
1929	2	2	1
1930	9	1	1
1930	6	1	1
1930	2	1	1
1931	6	1	1
1931	5	2	2
1932	21	4	5
1932	10	4	1
1932	2	3	4
1932	29	4	5
1932	4	4	1
1932	13	3	4
1932	11	4	1
1932	29	4	5
1932	12	1	2
1932	9	4	1
1932	23	4	1
1932	12	4	1
1932	10	3	4
1932	2	4	1
1933	4	1	2
1933	13	3	4
1933	1	4	1
1933	11	4	1
1933	2	4	1
1933	1	1	2
1934	6	1	1
1934	3	1	1
1935	2	1	1
1935	2	1	2
1936	2	1	1
1936	2	1	2
1937	6	1	1
1938	1	1	2
1938	2	1	2
1938	2	1	1
1938	1	1	1
1939	6	1	1
1940	2	1	1
1940	6	1	1
1940	3	1	1
1941	1	1	2
1941	1	1	1
1941	4	1	1
1941	4	1	2
1942	3	1	1
1942	1	1	1
1943	2	1	2
1943	5	2	2
1943	30	1	1
1943	2	1	1
1944	2	1	1
1944	1	1	2
1944	2	1	2
1944	1	1	1
1944	5	2	2
1945	1	1	2
1945	1	1	1
1945	7	3	3
1945	4	1	2
1946	6	1	1
1947	1	1	2
1947	1	1	1
1948	2	3	4
1948	4	4	1
1948	2	4	1
1948	5	2	2
1948	2	1	2
1948	4	1	2
1948	9	4	1
1948	2	3	2
1948	28	4	1
1949	3	1	1
1950	5	2	2
1950	1	1	1
1951	5	2	2
1952	3	1	1
1952	4	1	1
1952	4	1	2
1952	9	1	1
1952	15	1	2
1952	5	2	2
1952	1	1	1
1952	2	3	2
1952	2	1	1
1952	2	1	2
1953	1	1	2
1953	1	1	1
1953	6	1	1
1953	22	1	1
1954	3	1	1
1955	24	3	3
1956	2	1	2
1956	2	2	1
1957	5	2	2
1958	6	1	1
1958	3	1	1
1959	3	1	1
1960	5	2	2
1961	5	2	2
1962	6	1	1
1962	3	1	1
1963	6	1	1
1964	6	1	1
1965	6	1	1
1966	3	1	1
1967	3	1	1
1968	2	1	1
1968	3	1	1
1969	2	2	1
1969	7	2	1
1969	7	3	3
1969	7	1	2
1969	2	1	2
1970	1	1	1
1970	1	3	4
1970	1	1	2
1971	4	1	2
1971	7	3	3
1971	1	1	2
1971	1	1	1
1972	6	1	1
1973	2	1	2
1973	2	1	1
1974	3	1	1
1975	2	1	1
1975	6	1	1
1975	3	1	1
1976	5	2	2
1977	6	1	1
1977	27	1	1
1978	1	1	1
1979	13	3	4
1979	2	2	4
1979	73	4	5
1979	5	2	2
1979	2	4	1
1979	11	4	1
1979	8	3	3
1979	66	4	5
1979	9	4	1
1980	1	1	2
1980	1	1	1
1981	3	1	1
1981	1	1	1
1982	4	2	1
1983	19	1	1
1983	1	1	1
1983	2	1	1
1984	5	2	2
1985	5	2	2
1986	5	2	2
1987	3	1	1
1987	7	3	3
1987	5	2	2
1987	6	1	1
1988	1	1	2
1988	22	2	1
1988	7	2	1
1988	8	2	1
1988	1	2	1
1989	2	2	1
1989	6	2	1
1990	11	2	1
1991	1	1	2
1991	6	1	1
1991	22	1	1
1991	1	1	1
1992	6	1	1
1992	3	1	1
1993	3	2	1
1993	11	2	1
1993	6	2	1
1993	5	2	2
1994	3	1	1
1995	6	1	1
1995	3	1	1
1996	1	1	1
1996	1	1	2
1997	5	2	2
1998	3	1	1
1999	1	1	2
1999	1	1	1
1999	9	1	1
1999	4	1	2
2000	5	2	2
2001	1	1	1
2001	2	1	1
2001	1	3	3
2001	1	1	2
2002	1	1	1
2003	1	1	1
2004	7	4	5
2004	11	4	1
2004	5	2	2
2004	25	3	4
2004	7	3	3
2005	2	1	1
2005	2	1	2
2006	3	1	1
2007	5	2	2
2008	3	1	1
2009	3	1	1
2010	10	3	4
2010	6	1	1
2011	19	1	1
2012	4	1	2
2012	4	1	1
2012	3	1	1
2013	1	1	2
2013	1	4	1
2013	11	4	1
2013	1	3	3
2014	3	1	1
2015	5	2	2
2015	2	1	1
2016	7	1	1
2016	1	1	1
2016	1	1	2
2016	2	1	1
2017	1	1	2
2017	1	1	1
2018	5	2	2
2019	3	1	1
2020	1	1	1
2020	3	1	1
2021	1	1	2
2021	1	1	1
2022	1	1	1
2022	1	3	3
2022	4	1	2
2022	1	1	2
2022	5	2	2
2023	1	3	3
2024	7	1	1
2025	6	1	1
2026	2	1	1
2027	5	2	2
2028	7	3	3
2028	5	2	2
2028	1	1	1
2028	1	1	2
2029	6	1	1
2029	1	1	1
2029	3	1	1
2030	2	1	2
2030	2	4	1
2030	11	4	1
2030	1	4	1
2030	13	3	4
2030	10	3	4
2030	12	4	1
2031	5	2	2
2032	4	2	1
2033	1	1	2
2033	1	1	1
2034	11	4	1
2034	15	1	2
2034	24	4	5
2034	1	4	1
2034	16	4	1
2034	2	4	1
2034	13	3	4
2034	16	4	5
2034	52	4	5
2035	1	1	1
2035	5	2	2
2035	1	1	2
2036	3	1	1
2037	3	1	1
2038	9	2	1
2038	2	2	1
2038	13	3	4
2039	1	1	1
2039	1	1	2
2040	8	2	1
2040	82	4	5
2040	8	3	3
2040	5	2	2
2041	2	1	1
2041	2	1	2
2041	4	1	1
2041	4	1	2
2041	16	3	4
2042	2	1	2
2042	2	3	4
2042	2	2	1
2043	10	1	1
2043	10	1	2
2044	3	1	1
2045	3	1	1
2046	4	2	1
2046	2	2	1
2046	2	1	2
2046	2	3	2
2046	10	3	4
2047	3	1	1
2048	8	3	3
2048	5	2	2
2049	3	1	1
2050	3	1	1
2051	20	1	1
2052	5	2	2
2052	1	1	2
2052	6	2	1
2052	8	2	1
2052	8	3	4
2052	1	2	1
2053	2	1	1
2054	3	1	1
2054	6	1	1
2055	3	1	1
2055	2	1	1
2056	2	1	1
2056	4	3	2
2056	4	1	1
2057	3	1	1
2057	6	1	1
2058	6	1	1
2058	3	1	1
2058	1	1	2
2058	1	1	1
2058	2	1	1
2059	18	3	4
2059	18	2	1
2059	12	2	1
2059	18	3	4
2060	2	2	1
2061	2	2	1
2061	3	2	1
2061	2	1	2
2062	1	1	2
2062	1	1	1
2063	2	1	1
2063	6	1	1
2063	2	1	2
2064	3	1	1
2065	2	1	1
2065	2	1	2
2066	5	2	2
2066	3	1	1
2066	6	1	1
2067	2	1	1
2067	14	1	1
2067	5	2	2
2068	1	1	1
2069	3	1	1
2070	1	1	1
2071	12	3	3
2071	1	1	2
2071	1	3	3
2071	1	1	1
2072	2	2	1
2073	3	1	1
2074	5	2	2
2075	3	1	1
2076	32	2	1
2076	5	2	2
2077	4	2	1
2077	2	2	1
2077	28	2	1
2077	2	1	2
2077	5	2	2
2077	2	3	2
2078	5	2	2
2078	2	1	1
2079	2	1	1
2079	2	1	2
2080	1	1	2
2080	1	1	1
2081	6	1	1
2082	1	1	1
2082	1	1	2
2083	1	1	2
2083	1	1	1
2084	1	1	2
2084	1	1	1
2085	2	1	2
2085	2	1	1
2086	13	3	4
2086	11	2	1
2087	5	2	2
2088	4	1	1
2088	2	3	2
2088	2	1	1
2088	2	1	2
2088	2	3	3
2088	5	2	2
2088	4	3	2
2088	4	1	2
2089	6	1	1
2090	22	2	1
2090	13	3	4
2090	27	2	1
2091	2	1	2
2091	2	1	1
2092	4	1	2
2092	5	2	2
2092	1	1	2
2092	4	1	1
2092	1	1	1
2092	6	1	1
2093	1	1	1
2093	4	1	2
2093	1	1	2
2093	1	3	3
2094	9	1	1
2095	4	1	2
2095	1	1	2
2095	1	1	1
2096	4	1	2
2096	1	1	1
2096	1	1	2
2096	5	2	2
2097	2	2	1
2097	4	2	1
2097	2	1	2
2097	2	3	2
2098	1	1	1
2099	3	1	1
2100	3	1	1
2100	5	2	2
2101	2	2	1
2101	11	2	1
2102	17	3	3
2102	3	1	1
2103	11	4	1
2103	47	4	5
2103	39	1	2
2103	81	4	5
2103	39	3	4
2103	20	4	1
2103	98	4	5
2103	93	4	5
2104	3	1	1
2104	6	1	1
2105	1	1	1
2105	1	1	2
2106	3	1	1
2106	2	1	1
2106	2	1	2
2107	3	1	1
2108	4	2	1
2109	2	1	1
2109	1	1	1
2109	1	1	2
2109	7	3	3
2110	6	4	1
2110	3	4	1
2110	11	4	1
2110	2	3	4
2110	1	4	1
2110	8	4	1
2110	2	4	1
2111	1	1	2
2111	12	1	1
2111	2	1	1
2111	1	1	1
2111	5	2	2
2111	1	3	4
2111	2	1	2
2112	4	1	1
2112	1	1	1
2112	1	1	2
2112	4	1	2
2112	6	1	1
2113	3	1	1
2114	3	1	1
2115	2	1	1
2115	2	1	2
2115	6	1	1
2116	2	1	2
2116	1	1	1
2116	2	1	1
2117	3	1	1
2118	7	3	3
2118	5	2	2
2119	1	1	1
2120	1	1	1
2120	1	1	2
2120	3	1	1
2121	12	3	4
2121	1	1	2
2121	4	1	2
2121	5	2	2
2121	12	2	1
2121	7	3	3
2121	1	2	1
2122	1	1	2
2122	1	1	1
2122	1	3	3
2123	2	1	1
2124	1	1	2
2124	1	1	1
2124	4	1	1
2124	4	1	2
2125	4	1	1
2125	2	1	2
2125	2	3	2
2125	2	1	1
2126	2	1	1
2127	3	1	1
2128	3	1	1
2128	1	1	1
2129	1	1	2
2129	1	1	1
2130	6	1	1
2131	2	1	1
2131	2	1	2
2131	13	3	4
2132	6	1	1
2133	1	1	2
2133	1	3	3
2133	1	1	1
2134	3	1	1
2135	1	1	1
2135	3	1	1
2136	3	1	1
2136	5	2	2
2137	3	1	1
2138	5	2	2
2139	3	1	1
2139	5	2	2
2140	5	2	2
2141	6	1	1
2141	5	2	2
2142	3	1	1
2143	1	1	2
2143	4	1	2
2143	3	1	1
2143	1	1	1
2144	5	2	2
2144	74	2	1
2144	6	2	1
2144	4	1	2
2145	6	1	1
2146	1	1	1
2147	2	1	1
2148	5	2	2
2148	6	1	1
2149	7	2	1
2149	10	3	4
2149	2	2	1
2149	10	2	1
2149	4	2	1
2149	1	2	1
2149	28	2	1
2149	10	4	5
2149	10	1	2
2149	1	1	2
2149	5	2	2
2150	5	2	2
2151	1	1	1
2151	1	1	2
2152	2	1	2
2152	2	1	1
2153	2	2	1
2153	3	2	1
2154	7	1	1
2154	7	1	2
2155	5	2	2
2156	3	1	1
2157	5	2	2
2158	5	2	2
2159	7	2	1
2159	3	2	1
2159	2	1	2
2159	2	3	2
2159	1	2	1
2159	1	1	2
2159	4	2	1
2159	2	2	1
2160	2	3	2
2160	4	2	1
2160	1	2	1
2160	2	2	1
2160	2	1	2
2160	3	2	1
2161	5	2	2
2162	3	1	1
2163	3	1	1
2164	4	1	2
2165	1	1	2
2165	1	1	1
2165	1	3	3
2166	2	1	1
2166	16	3	4
2166	2	1	2
2166	30	1	1
2167	7	1	1
2168	2	1	2
2168	2	3	2
2168	4	1	1
2168	2	1	1
2169	3	1	1
2169	5	2	2
2170	3	1	1
2170	2	1	2
2170	2	1	1
2170	1	1	1
2171	1	1	1
2172	7	1	1
2173	6	1	1
2174	3	1	1
2174	1	1	1
2175	5	2	2
2176	8	2	1
2177	3	1	1
2177	2	1	1
2177	2	1	2
2178	1	1	1
2179	8	1	1
2179	8	1	2
2180	3	1	1
2181	6	1	1
2182	2	2	1
2183	2	1	1
2184	7	1	1
2184	2	1	1
2184	2	1	2
2185	6	1	1
2186	38	4	5
2186	11	4	1
2186	24	4	5
2186	60	4	5
2186	25	3	4
2187	1	1	1
2188	2	1	2
2188	2	1	1
2189	4	2	1
2190	6	1	1
2190	2	1	1
2190	3	1	1
2191	3	1	1
2192	1	1	2
2192	2	4	1
2192	4	1	2
2192	1	4	1
2192	4	4	1
2192	2	1	2
2192	9	4	1
2192	2	3	4
2193	2	3	4
2194	9	1	1
2195	4	1	1
2195	8	1	1
2196	2	1	1
2196	3	1	1
2197	6	1	1
2198	11	4	1
2198	3	4	1
2199	6	1	1
2200	3	1	1
2201	5	2	2
2202	1	1	1
2203	6	1	1
2204	3	1	1
2205	2	2	1
2206	1	1	1
2206	3	1	1
2207	5	2	2
2208	1	1	1
2208	1	1	2
2209	34	4	5
2209	9	2	1
2209	56	3	4
2209	44	4	5
2210	1	1	2
2210	1	1	1
2210	6	1	1
2210	3	1	1
2211	9	1	1
2212	8	2	1
2212	13	3	4
2212	9	2	1
2213	5	2	2
2214	4	1	2
2214	3	1	1
2215	5	2	2
2215	3	1	1
2216	5	2	2
2217	1	1	2
2217	1	1	1
2218	27	1	1
2218	1	3	4
2219	5	2	2
2220	2	1	1
2221	2	1	1
2221	3	1	1
2222	1	1	2
2222	1	1	1
2223	5	2	2
2224	3	1	1
2225	1	1	2
2225	1	1	1
2226	5	2	2
2226	6	1	1
2227	6	1	1
2228	5	2	2
2229	3	1	1
2230	7	1	1
2230	4	1	2
2230	2	1	2
2230	30	1	1
2230	1	1	1
2230	2	1	1
2230	1	1	2
2231	4	1	1
2231	1	1	2
2231	10	1	1
2231	2	1	1
2231	7	3	3
2231	1	1	1
2231	10	3	4
2231	10	1	2
2232	9	1	1
2233	13	3	4
2233	2	2	1
2233	92	2	1
2233	2	1	2
2233	12	2	1
2233	12	3	4
2233	4	2	1
2233	5	2	2
2233	9	2	1
2233	23	2	1
2234	3	1	1
2235	5	2	2
2236	3	1	1
2237	3	1	1
2237	2	1	1
2238	5	2	2
2239	7	1	1
2240	5	2	2
2240	1	1	2
2241	6	1	1
2242	5	2	2
2243	1	1	2
2243	1	1	1
2244	3	1	1
2245	1	1	1
2245	3	1	1
2246	1	1	1
2246	3	1	1
2247	2	1	1
2247	1	1	1
2247	2	1	2
2248	1	1	1
2249	3	1	1
2249	5	2	2
2250	4	1	1
2251	1	1	1
2252	1	1	2
2253	1	3	3
2254	3	1	1
2254	1	1	1
2255	3	1	1
2256	5	2	2
2257	5	2	2
2258	5	2	2
2259	1	1	2
2259	1	1	1
2259	3	1	1
2260	5	2	2
2261	3	1	1
2262	5	2	2
2263	5	2	2
2264	5	2	2
2265	3	1	1
2266	3	1	1
2267	6	1	1
2268	2	1	2
2268	2	1	1
2268	4	1	1
2268	28	1	1
2268	2	3	2
2269	1	1	1
2269	1	1	2
2270	8	1	2
2270	6	1	1
2270	8	1	1
2271	6	1	1
2272	3	1	1
2273	1	1	1
2274	6	1	1
2275	7	1	1
2275	7	1	2
2276	5	2	2
2276	3	1	1
2277	6	1	1
2278	3	1	1
2279	3	1	1
2280	1	1	1
2280	1	1	2
2281	5	2	2
2281	2	1	1
2282	3	1	1
2283	2	1	1
2284	1	1	2
2284	1	1	1
2285	10	1	2
2285	10	1	1
2286	5	2	2
2287	11	4	1
2287	10	3	4
2287	13	3	4
2287	1	4	1
2288	1	1	1
2289	1	1	1
2290	6	1	1
2291	3	1	1
2292	6	1	1
2293	2	1	2
2293	2	3	2
2293	2	1	1
2293	4	1	1
2293	4	1	2
2294	5	2	2
2295	3	1	1
2296	7	1	2
2296	7	1	1
2297	6	1	1
2298	2	1	1
2299	2	1	1
2299	1	1	1
2300	3	1	1
2300	7	3	3
2301	4	1	2
2302	6	1	1
2303	2	1	1
2304	2	1	1
2305	3	1	1
2306	1	1	1
2307	1	1	1
2308	4	3	3
2308	2	1	1
2308	4	1	1
2309	1	1	1
2310	1	1	1
2310	2	1	1
2310	1	1	2
2311	2	3	2
2311	2	1	1
2311	4	1	1
2312	6	1	1
2313	4	1	2
2314	3	1	1
2315	17	3	3
2315	2	3	2
2315	4	2	1
2315	2	2	1
2316	1	1	2
2316	1	1	1
2317	3	1	1
2317	5	2	2
2318	8	1	2
2318	8	1	1
2319	3	1	1
2320	1	1	2
2320	1	3	3
2320	1	1	1
2321	14	1	1
2322	3	1	1
2323	4	1	2
2323	2	1	1
2323	4	1	1
2324	3	1	1
2325	5	2	2
2325	4	1	2
2326	2	1	1
2326	4	1	1
2326	4	3	3
2327	6	1	1
2328	1	1	2
2328	1	1	1
2329	1	1	1
2329	4	1	2
2329	1	1	2
2330	1	1	2
2330	1	3	3
2330	1	1	1
2331	6	1	1
2332	1	3	3
2333	1	3	3
2334	6	4	1
2334	11	4	1
2335	1	1	1
2336	1	3	3
2337	1	1	1
2338	6	1	1
2338	10	3	4
2339	1	1	1
2340	7	3	3
2340	7	1	2
2340	7	1	1
2341	3	1	1
2342	4	1	2
2343	3	1	1
2344	2	1	1
2345	5	2	2
2346	4	1	1
2346	2	1	1
2346	2	1	2
2346	4	3	2
2346	2	3	2
2347	3	1	1
2348	1	1	1
2348	1	1	2
2349	2	1	1
2350	14	1	1
2351	3	1	1
2352	6	1	1
2353	6	1	1
2354	36	3	3
2354	7	3	3
2354	2	3	3
2354	12	3	3
2354	1	3	3
2354	24	3	3
2354	2	1	1
2355	5	2	2
2356	3	1	1
2357	9	1	1
2358	2	1	1
2358	2	1	2
2359	1	1	2
2359	1	1	1
2360	3	1	1
2361	1	1	1
2362	5	2	2
2362	1	1	1
2363	5	2	2
2363	1	1	1
2364	19	1	1
2365	3	1	1
2366	1	1	2
2366	1	1	1
2367	6	1	1
2368	6	1	1
2369	27	1	1
2370	1	1	1
2370	1	1	2
2370	1	3	3
2371	6	1	1
2372	2	1	2
2373	3	1	1
2374	1	1	2
2374	1	1	1
2375	1	1	1
2376	5	2	2
2376	3	1	1
2377	1	1	1
2377	1	1	2
2378	10	1	2
2378	10	1	1
2379	3	1	1
2380	3	1	1
2381	3	1	1
2382	3	1	1
2383	1	3	3
2384	2	1	2
2384	2	1	1
2385	6	1	1
2386	4	3	2
2386	2	3	2
2386	2	1	2
2386	4	1	1
2386	2	1	1
2387	4	1	1
2387	2	1	1
2388	3	1	1
2389	2	1	1
2389	3	1	1
2390	2	1	1
2391	1	1	1
2392	5	2	2
2393	1	1	1
2394	2	3	2
2394	2	1	2
2394	4	1	1
2394	4	1	2
2394	2	1	1
2395	6	1	1
2396	2	1	1
2396	4	1	1
2396	2	3	2
2396	4	3	2
2396	2	1	2
2397	1	1	1
2398	3	1	1
2399	2	1	1
2399	3	1	1
2399	2	1	2
2400	6	1	1
2401	10	3	4
2402	6	1	1
2402	2	1	1
2403	10	3	4
2403	2	1	1
2404	1	1	1
2405	1	1	1
2405	1	1	2
2406	3	1	1
2407	6	1	1
2408	5	2	2
2408	3	1	1
2409	4	1	2
2410	1	1	1
2410	1	1	2
2410	5	2	2
2411	6	1	1
2412	1	1	1
2413	3	1	1
2414	2	2	1
2415	3	1	1
2416	1	1	1
2416	16	1	1
2416	16	1	2
2417	6	1	1
2418	4	1	2
2419	2	3	2
2419	2	1	1
2419	4	1	1
2420	5	2	2
2421	2	1	1
2421	4	1	1
2421	4	3	2
2422	12	3	3
2422	12	1	1
2423	1	1	1
2424	1	1	1
2425	2	1	1
2425	3	1	1
2426	5	2	2
2427	2	3	2
2427	4	1	1
2427	2	1	1
2427	2	1	2
2428	6	1	1
2429	6	1	1
2430	5	2	2
2431	7	3	3
2431	1	1	1
2431	7	1	2
2431	7	1	1
2431	1	1	2
2431	1	3	3
2432	8	1	1
2432	8	1	2
2433	6	1	1
2434	1	1	1
2434	1	1	2
2435	1	1	2
2435	1	1	1
2436	6	1	1
2437	3	1	1
2438	5	2	2
2439	2	1	1
2440	3	1	1
2441	1	1	1
2442	1	1	1
2442	1	1	2
2443	3	1	1
2444	5	2	2
2445	4	1	1
2445	4	1	2
2446	8	1	1
2447	1	1	2
2447	1	1	1
2448	2	1	1
2449	3	1	1
2450	3	1	1
2451	2	1	1
2451	2	1	2
2452	3	1	1
2453	5	2	2
2454	1	1	2
2455	15	3	4
2456	14	1	1
2457	12	1	1
2457	12	1	2
2458	6	1	1
2459	2	1	1
2460	2	2	1
2461	5	2	2
2462	1	1	1
2463	9	1	1
2464	1	1	1
2464	1	1	2
2465	1	1	1
2466	4	1	1
2466	2	1	1
2467	10	1	1
2467	10	1	2
2468	12	3	3
2468	8	3	3
2469	6	1	1
2470	3	1	1
2471	1	1	1
2471	3	1	1
2472	1	1	1
2472	1	1	2
2473	8	1	2
2473	8	1	1
2474	2	1	1
2475	8	1	2
2475	8	1	1
2476	2	2	1
2477	2	1	1
2478	14	1	1
2479	2	3	2
2479	4	1	1
2479	4	1	2
2479	2	1	1
2480	1	1	1
2480	2	1	1
2480	1	1	2
2481	3	1	1
2482	3	1	1
2483	2	1	2
2483	2	1	1
2484	2	1	2
2484	1	2	1
2484	2	2	1
2484	4	2	1
2484	5	2	2
2484	4	3	3
2484	4	1	2
2485	37	3	3
2485	4	3	2
2485	2	1	1
2485	4	1	1
2485	5	2	2
2486	1	1	1
2486	1	1	2
2486	7	1	1
2487	5	2	2
2488	1	1	1
2489	7	3	3
2489	5	2	2
2490	5	2	2
2491	3	1	1
2492	8	3	3
2493	3	1	1
2494	8	1	2
2494	8	1	1
2495	1	1	1
2496	2	1	1
2497	3	1	1
2498	5	2	2
2499	14	1	1
2500	5	2	2
2501	2	1	1
2502	2	1	1
2502	7	3	3
2503	1	1	1
2504	2	1	1
2504	4	1	2
2505	2	1	1
2506	6	1	1
2507	1	1	1
2507	1	3	3
2507	1	1	2
2508	5	2	2
2509	1	1	1
2510	1	1	1
2511	1	1	1
2511	3	1	1
2512	4	1	2
2512	18	2	1
2513	6	1	1
2514	2	1	1
2514	2	1	2
2514	4	1	2
2515	3	1	1
2516	4	1	2
2516	4	1	1
2517	3	1	1
2518	1	3	3
2519	8	1	1
2519	8	1	2
2520	3	1	1
2521	8	3	4
2522	6	1	1
2523	3	1	1
2524	1	1	1
2525	5	2	2
2525	1	1	1
2526	2	1	1
2526	2	3	2
2526	4	3	2
2526	4	1	1
2526	2	1	2
2527	3	1	1
2528	3	1	1
2529	5	2	2
2530	1	3	4
2531	4	3	4
2531	90	3	3
2531	4	1	1
2531	2	1	2
2531	2	1	1
2532	2	1	1
2532	2	1	2
2532	4	1	1
2532	1	3	3
2533	20	1	1
2534	8	2	1
2534	20	2	1
2535	5	2	2
2536	7	1	1
2537	59	1	1
2538	5	2	2
2539	5	2	2
2540	1	1	2
2540	1	1	1
2541	2	1	1
2542	3	1	1
2543	3	1	1
2544	3	1	1
2545	2	1	1
2545	2	1	2
2546	3	1	1
2547	4	2	1
2548	2	3	2
2548	2	1	2
2548	2	3	3
2548	4	1	1
2548	2	1	1
2549	1	2	1
2549	3	2	1
2549	4	2	1
2550	1	1	1
2550	2	1	1
2551	7	3	3
2552	1	1	1
2552	1	1	2
2553	3	1	1
2554	1	1	2
2554	1	3	3
2554	1	1	1
2555	5	2	2
2556	6	1	1
2557	6	1	1
2558	3	1	1
2559	4	2	1
2559	2	2	1
2560	2	3	2
2560	3	1	1
2560	1	1	1
2560	2	1	1
2560	4	1	1
2560	2	1	2
2561	3	1	1
2562	7	1	1
2562	1	1	2
2562	1	1	1
2562	7	3	3
2562	12	3	3
2563	2	1	1
2563	3	1	1
2563	2	1	2
2564	3	1	1
2565	14	1	1
2566	1	1	2
2566	1	1	1
2567	3	1	1
2567	4	1	2
2567	2	1	2
2567	14	1	1
2567	2	1	1
2567	4	1	1
2568	2	1	1
2569	6	1	1
2570	6	1	1
2571	1	3	3
2572	1	1	1
2573	3	1	1
2574	14	1	1
2575	6	1	1
2576	1	1	1
2576	1	1	2
2577	5	2	2
2578	5	2	2
2579	1	1	1
2580	3	1	1
2581	1	3	3
2582	3	1	1
2583	1	1	2
2583	1	1	1
2584	2	1	1
2584	2	3	2
2584	4	1	2
2584	2	1	2
2584	4	1	1
2585	5	2	2
2586	3	1	1
2587	3	1	1
2588	3	1	1
2589	2	1	2
2589	4	1	2
2589	2	3	2
2589	2	1	1
2589	4	1	1
2589	2	3	3
2590	2	2	1
2591	1	1	1
2591	3	1	1
2592	4	1	2
2592	1	1	1
2593	1	1	2
2594	3	1	1
2595	13	3	4
2595	11	4	1
2595	2	4	1
2596	5	2	2
2597	1	1	1
2598	3	1	1
2598	12	3	3
2599	2	3	2
2599	4	1	1
2599	2	1	2
2599	21	4	5
2599	2	1	1
2599	40	4	5
2599	4	4	5
2600	6	1	1
2601	9	1	1
2602	5	2	2
2603	3	1	1
2604	1	1	1
2605	1	1	1
2606	13	3	4
2607	2	1	1
2608	6	1	1
2608	5	2	2
2609	3	1	1
2610	2	1	1
2611	6	1	1
2612	3	1	1
2613	5	2	2
2613	2	2	1
2613	2	3	2
2613	4	1	2
2613	4	2	1
2613	12	2	1
2614	2	1	1
2614	4	1	1
2614	2	3	2
2614	2	1	2
2615	1	1	1
2616	3	1	1
2617	7	1	2
2617	7	1	1
2618	1	1	2
2618	1	1	1
2619	7	3	3
2619	7	2	1
2619	15	1	2
2619	10	2	1
2620	7	3	3
2620	5	2	2
2621	8	1	2
2621	8	1	1
2622	3	1	1
2623	2	2	1
2623	5	2	2
2624	4	3	2
2624	2	3	2
2624	2	1	1
2624	4	1	1
2625	3	1	1
2625	5	2	2
2626	2	2	1
2627	3	1	1
2628	5	2	2
2629	3	1	1
2630	3	1	1
2631	2	1	1
2631	2	3	2
2631	4	1	1
2631	4	1	2
2632	14	2	1
2633	3	1	1
2634	4	1	1
2634	4	3	2
2634	2	1	1
2635	3	1	1
2636	2	1	2
2636	2	1	1
2636	2	3	2
2636	4	1	1
2637	1	1	1
2637	1	1	2
2637	2	1	1
2637	7	3	3
2637	7	1	1
2638	5	2	2
2639	3	1	1
2639	1	1	1
2640	6	1	1
2641	5	2	2
2642	3	1	1
2643	3	1	1
2644	9	1	1
2645	6	1	1
2645	2	1	1
2646	8	1	2
2647	5	2	2
2648	5	2	2
2648	3	1	1
2649	5	2	2
2649	7	3	3
2650	1	3	3
2650	1	1	2
2650	1	1	1
2651	2	1	1
2651	7	1	1
2651	2	1	2
2652	1	1	2
2652	1	1	1
2653	5	2	2
2654	2	3	2
2654	4	1	1
2654	2	1	1
2655	1	1	1
2656	6	1	1
2657	2	1	2
2657	2	1	1
2658	2	3	2
2658	2	1	1
2658	4	1	1
2659	9	2	1
2659	8	2	1
2660	3	1	1
2661	2	1	1
2662	3	1	1
2663	5	2	2
2664	7	3	3
2665	13	3	4
2665	3	1	1
2666	6	1	1
2667	3	1	1
2668	6	1	1
2669	4	3	4
2669	2	2	1
2669	4	2	1
2669	4	1	2
2669	4	3	2
2669	5	2	2
2670	3	1	1
2671	1	1	1
2672	5	2	2
2672	1	3	3
2672	1	1	1
2672	1	1	2
2673	8	1	2
2673	8	1	1
2673	2	1	1
2673	22	1	1
2674	4	1	2
2674	4	1	1
2675	3	1	1
2676	1	3	3
2677	5	2	2
2678	3	1	1
2679	5	2	2
2680	5	2	2
2681	5	2	2
2682	6	1	1
2683	1	1	2
2683	1	1	1
2684	4	2	1
2684	5	2	2
2685	5	2	2
2686	2	1	1
2687	1	1	2
2687	1	1	1
2688	3	1	1
2689	3	1	1
2689	5	2	2
2690	2	1	1
2690	4	3	2
2690	4	1	1
2691	6	1	1
2692	2	1	1
2692	4	1	2
2693	2	1	1
2694	3	1	1
2695	3	1	1
2696	6	1	1
2696	3	1	1
2697	39	1	2
2697	20	1	1
2698	2	1	1
2698	2	1	2
2699	11	2	1
2699	3	2	1
2700	8	3	3
2701	1	1	1
2701	1	1	2
2702	1	1	1
2702	1	1	2
2703	1	3	3
2703	1	1	1
2703	2	1	1
2703	1	1	2
2704	9	1	1
2705	7	3	4
2706	2	1	1
2706	4	3	3
2707	14	1	1
2708	2	1	1
2709	7	1	1
2709	1	1	2
2709	1	1	1
2709	7	1	2
2710	3	1	1
2711	6	1	1
2712	12	1	1
2712	12	1	2
2712	6	1	1
2713	8	1	2
2713	8	1	1
2714	5	2	2
2715	8	2	1
2715	13	3	4
2716	9	1	1
2717	3	1	1
2717	8	1	2
2717	8	1	1
2718	7	3	3
2719	2	1	2
2719	4	1	2
2719	2	1	1
2719	5	2	2
2719	4	1	1
2719	2	3	4
2719	4	3	4
2720	3	1	1
2721	5	2	2
2722	2	1	2
2722	4	1	1
2722	2	3	2
2722	4	1	2
2722	4	3	4
2722	2	1	1
2723	7	3	3
2724	1	1	1
2724	1	3	3
2724	1	1	2
2724	5	2	2
2725	5	2	2
2726	3	1	1
2727	6	1	1
2728	1	1	1
2728	1	1	2
2729	1	3	3
2730	2	1	1
2731	5	2	2
2732	1	1	1
2732	1	1	2
2733	5	2	2
2734	2	2	1
2734	6	2	1
2735	10	1	2
2735	10	1	1
2736	6	1	1
2737	3	1	1
2738	2	1	1
2739	1	1	1
2740	6	1	1
2741	6	1	1
2742	4	1	2
2742	16	3	4
2743	2	2	1
2744	17	3	3
2745	2	2	1
2746	3	1	1
2747	5	2	2
2748	3	1	1
2749	8	3	3
2750	2	1	1
2750	2	3	2
2750	7	3	3
2750	4	1	1
2751	3	1	1
2752	6	1	1
2753	5	2	2
2754	3	1	1
2755	5	2	2
2756	1	1	1
2757	3	1	1
2758	1	3	3
2759	5	2	2
2760	5	2	2
2761	3	1	1
2762	5	2	2
2763	3	1	1
2764	6	1	1
2764	3	1	1
2765	5	2	2
2766	1	1	1
2767	2	2	1
2768	1	1	1
2768	1	1	2
2768	1	3	3
2769	3	1	1
2769	1	1	1
2770	3	1	1
2771	12	1	2
2771	12	1	1
2772	7	1	2
2772	7	2	1
2773	1	1	1
2773	1	1	2
2774	1	1	1
2775	10	1	2
2775	5	2	2
2775	10	1	1
2776	3	1	1
2776	5	2	2
2777	1	1	2
2777	2	1	1
2777	10	3	4
2777	1	1	1
2778	3	1	1
2778	5	2	2
2779	2	2	1
2779	5	2	2
2780	2	1	1
2781	9	1	1
2782	5	2	2
2783	3	1	1
2784	6	1	1
2785	3	1	1
2786	4	1	2
2787	13	3	4
2787	69	4	5
2787	11	4	1
2787	72	4	5
2788	1	1	1
2788	1	1	2
2789	6	1	1
2790	14	1	1
2791	2	1	1
2791	4	1	1
2791	7	3	3
2791	2	3	2
2792	3	1	1
2793	3	1	1
2794	1	1	1
2794	1	1	2
2795	6	1	1
2796	1	1	1
2796	1	1	2
2797	1	1	1
2797	1	1	2
2798	6	1	1
2798	49	1	1
2799	3	1	1
2800	3	1	1
2801	8	1	2
2801	8	1	1
2802	2	1	1
2802	1	1	2
2802	2	1	2
2802	1	1	1
2803	14	1	1
2804	8	1	1
2804	8	1	2
2805	2	2	1
2805	2	1	2
2805	10	3	4
2805	4	1	2
2806	3	1	1
2807	1	1	2
2807	1	1	1
2808	6	1	1
2809	2	1	1
2809	2	1	2
2810	5	2	2
2810	4	2	1
2810	4	3	3
2810	4	1	2
2810	2	3	3
2810	2	3	2
2810	2	2	1
2810	2	1	2
2811	3	1	1
2812	1	3	3
2813	1	1	1
2813	1	1	2
2814	1	1	1
2814	1	1	2
2814	1	3	3
2815	2	2	1
2816	7	3	3
2816	4	1	2
2816	4	1	1
2817	2	3	2
2817	2	1	2
2817	4	3	2
2817	4	3	3
2817	50	3	3
2817	35	2	1
2817	4	2	1
2817	2	2	1
2818	1	1	1
2819	4	4	5
2819	2	1	1
2820	2	1	1
2820	2	1	2
2820	1	1	1
2820	1	1	2
2821	14	1	1
2822	5	2	2
2823	1	1	2
2823	1	1	1
2824	5	2	2
2825	1	1	2
2825	1	1	1
2825	16	1	2
2825	5	2	2
2825	1	3	3
2825	16	1	1
2826	6	1	1
2827	3	1	1
2828	2	1	1
2828	4	1	1
2828	3	1	1
2829	5	2	2
2830	3	1	1
2831	6	1	1
2832	5	2	2
2833	3	1	1
2834	8	1	1
2834	8	1	2
2835	1	3	3
2836	1	3	3
2837	3	1	1
2838	3	1	1
2839	4	2	1
2840	1	3	3
2841	6	1	1
2842	1	1	2
2842	1	1	1
2843	1	1	1
2844	2	2	1
2844	4	2	1
2844	2	3	2
2845	6	1	1
2845	5	2	2
2846	1	1	2
2846	1	1	1
2846	1	3	3
2847	5	2	2
2848	6	1	1
2849	2	2	1
2849	6	2	1
2850	1	1	1
2851	1	1	1
2852	3	1	1
2853	3	1	1
2854	6	1	1
2855	6	1	1
2856	6	1	1
2857	9	1	1
2858	3	1	1
2859	3	1	1
2860	2	2	1
2860	4	2	1
2860	2	3	2
2860	5	2	2
2860	2	1	2
2861	1	1	1
2861	1	1	2
2862	1	1	2
2862	1	1	1
2863	9	1	1
2864	9	1	1
2865	6	1	1
2866	1	3	3
2867	49	1	1
2867	6	1	1
2868	7	3	4
2869	2	2	1
2870	6	1	1
2871	10	1	2
2871	10	1	1
2872	4	2	1
2873	2	3	3
2873	2	2	1
2874	2	1	1
2875	1	1	1
2875	2	1	2
2875	2	1	1
2875	14	1	1
2876	6	1	1
2877	3	1	1
2878	5	2	2
2879	17	3	3
2880	8	1	1
2880	8	1	2
2881	3	1	1
2882	6	1	1
2882	4	1	1
2883	2	1	1
2884	3	1	1
2884	6	1	1
2885	5	2	2
2885	1	1	1
2885	1	1	2
2886	1	1	1
2887	3	1	1
2888	1	1	2
2888	4	1	1
2888	1	1	1
2888	4	1	2
2889	2	2	1
2890	6	1	1
2890	5	2	2
2891	5	2	2
2892	5	2	2
2893	1	1	2
2893	4	1	2
2894	1	1	1
2895	2	1	1
2895	4	1	1
2895	6	1	1
2895	4	3	2
2896	5	2	2
2896	36	3	3
2896	23	2	1
2897	1	1	1
2898	2	2	1
2899	1	1	1
2900	6	1	1
2901	7	3	3
2902	5	2	2
2903	3	1	1
2903	6	1	1
2904	3	1	1
2905	6	1	1
2906	3	1	1
2907	2	1	1
2907	4	1	1
2907	4	3	2
2908	3	1	1
2909	3	1	1
2910	1	1	1
2910	1	1	2
2911	1	1	2
2911	1	1	1
2912	5	2	2
2913	4	1	1
2913	2	1	1
2913	2	3	2
2914	2	1	2
2914	2	1	1
2915	1	1	1
2916	4	2	1
2916	2	2	1
2917	17	3	3
2918	4	2	1
2918	6	2	1
2918	3	2	1
2918	2	2	1
2919	3	1	1
2920	1	1	1
2920	1	1	2
2921	1	3	3
2922	5	2	2
2922	1	1	1
2923	14	1	1
2924	3	1	1
2925	3	1	1
2926	14	1	1
2927	1	1	1
2928	3	1	1
2929	1	1	1
2929	1	1	2
2930	2	1	1
2931	1	1	1
2932	3	1	1
2933	6	1	1
2933	19	1	1
2934	2	3	3
2934	2	3	2
2934	2	2	1
2934	7	3	3
2934	4	2	1
2934	4	3	3
2934	4	1	2
2934	5	2	2
2934	2	1	2
2935	9	1	1
2936	6	1	1
2937	4	1	2
2937	12	3	3
2937	1	1	1
2938	3	1	1
2939	2	1	1
2940	23	2	1
2940	5	2	2
2940	36	3	3
2941	3	1	1
2942	1	1	1
2942	1	1	2
2943	4	1	2
2944	10	1	2
2944	2	1	2
2944	1	1	2
2944	5	2	2
2944	7	4	1
2944	13	3	4
2944	11	4	1
2944	1	4	1
2944	10	3	4
2944	2	4	1
2944	10	4	1
2945	3	1	1
2946	1	3	3
2947	3	1	1
2947	5	2	2
2948	5	2	2
2949	4	2	1
2950	7	3	3
2951	6	1	1
2952	6	1	1
2953	5	2	2
2954	7	1	1
2954	1	1	1
2954	1	1	2
2955	5	2	2
2956	1	1	1
2956	1	1	2
2956	17	3	3
2957	4	1	1
2957	1	1	2
2957	7	1	1
2957	1	1	1
2958	4	1	1
2958	2	3	2
2958	2	1	1
2959	1	3	3
2960	4	1	2
2961	3	1	1
2962	3	1	1
2963	65	4	1
2963	1	1	2
2963	48	4	1
2963	1	4	1
2963	3	4	1
2963	4	4	1
2963	2	4	1
2963	2	3	2
2963	5	2	2
2963	4	1	2
2963	2	1	2
2964	5	2	2
2965	4	1	2
2965	2	1	1
2965	1	1	1
2965	1	1	2
2966	3	1	1
2966	1	1	1
2967	1	1	1
2967	4	1	2
2967	4	3	2
2967	4	1	1
2967	2	3	2
2967	2	1	1
2968	4	1	1
2968	2	1	1
2968	4	3	2
2969	1	1	2
2969	6	1	1
2969	1	1	1
2970	14	1	1
2970	4	1	2
2971	6	1	1
2971	3	1	1
2972	3	1	1
2973	2	1	1
2973	2	1	2
2974	6	1	1
2975	3	1	1
2976	6	1	1
2976	2	1	1
2977	2	1	2
2977	2	1	1
2978	2	2	1
2978	4	2	1
2979	7	3	3
2980	3	1	1
2980	6	1	1
2981	3	1	1
2981	7	1	1
2981	1	1	1
2982	3	1	1
2983	2	1	1
2983	4	1	1
2983	4	3	2
2984	3	1	1
2985	3	1	1
2986	4	1	1
2986	2	1	2
2986	2	3	2
2986	2	1	1
2986	5	2	2
2987	1	1	2
2987	1	1	1
2988	2	1	1
2988	17	3	3
2988	1	1	1
2989	4	3	2
2989	4	1	1
2989	2	1	1
2990	3	1	1
2991	5	2	2
2991	2	2	1
2992	14	1	1
2993	5	2	2
2994	5	2	2
2995	5	2	2
2995	2	1	1
2996	3	1	1
2997	1	3	3
2998	1	1	2
2998	1	1	1
2999	3	1	1
3000	1	1	1
3001	7	3	3
3002	1	1	2
3002	1	1	1
3003	63	4	5
3003	54	4	5
3003	26	3	4
3003	11	4	1
3003	3	4	1
3004	5	2	2
3004	12	2	1
3004	9	2	1
3004	8	2	1
3005	8	2	1
3005	5	2	2
3006	4	1	2
3006	3	1	1
3007	18	2	1
3008	11	4	1
3008	2	1	2
3008	1	4	1
3008	55	3	4
3008	34	4	5
3008	1	1	2
3008	25	3	4
3008	13	3	4
3008	2	3	4
3008	4	3	4
3008	2	4	1
3008	10	3	4
3009	3	1	1
3010	5	2	2
3011	3	1	1
3012	20	1	1
3013	6	1	1
3014	4	1	2
3014	3	1	1
3014	1	3	3
3014	1	1	1
3014	1	1	2
3015	3	1	1
3016	1	1	2
3016	1	1	1
3016	22	1	1
3017	4	1	1
3017	2	1	2
3017	2	1	1
3017	2	3	2
3018	3	1	1
3019	4	1	1
3019	3	1	1
3019	2	1	2
3019	2	1	1
3019	4	1	2
3019	2	3	2
3020	2	1	1
3020	2	1	2
3020	4	1	2
3021	2	1	1
3022	6	1	1
3023	5	2	2
3024	1	1	1
3025	3	1	1
3025	1	1	1
3026	5	2	2
3027	84	2	1
3027	2	1	2
3027	4	2	1
3027	2	2	1
3028	27	1	1
3028	1	3	4
3029	5	2	2
3030	2	2	4
3030	3	2	1
3030	2	3	4
3030	11	2	1
3030	2	2	1
3030	2	1	2
3031	3	1	1
3031	6	1	1
3032	1	3	3
3032	1	1	2
3032	1	1	1
3033	5	2	2
3033	1	3	3
3033	4	2	1
3034	2	1	1
3035	1	1	1
3036	4	3	2
3036	2	1	1
3036	4	1	1
3037	3	1	1
3038	3	1	1
3039	2	1	1
3040	2	1	1
3040	28	1	1
3040	4	3	3
3041	1	1	1
3041	1	1	2
3042	5	2	2
3043	7	3	4
3044	5	2	2
3045	5	2	2
3046	1	3	3
3047	1	3	3
3048	18	2	1
3049	1	1	1
3049	3	1	1
3050	3	1	1
3051	1	1	1
3052	8	1	1
3052	8	1	2
3053	5	2	2
3054	1	1	2
3054	1	1	1
3055	2	1	2
3055	2	1	1
3056	1	1	2
3056	1	1	1
3056	1	3	3
3057	3	1	1
3058	5	2	2
3059	2	1	2
3059	2	1	1
3060	3	1	1
3061	2	1	1
3061	4	1	2
3062	2	1	2
3062	2	1	1
3063	4	3	2
3063	4	1	1
3063	2	1	1
3064	3	1	1
3065	3	1	1
3066	3	1	1
3067	3	1	1
3068	1	3	3
3069	1	1	1
3069	1	1	2
3070	8	2	1
3070	4	2	1
3071	2	1	1
3072	1	1	1
3072	1	1	2
3073	1	1	1
3074	3	1	1
3075	1	1	2
3075	1	1	1
3076	3	1	1
3077	1	1	2
3077	1	1	1
3078	2	1	1
3079	3	1	1
3080	5	2	2
3081	1	1	2
3081	1	1	1
3082	12	1	2
3082	7	3	3
3082	12	1	1
3083	14	1	1
3084	2	1	1
3084	2	1	2
3084	6	1	1
3084	3	1	1
3085	3	1	1
3086	4	1	1
3086	6	1	1
3087	1	1	1
3088	2	1	1
3088	2	1	2
3088	3	1	1
3089	1	1	2
3089	1	1	1
3090	3	1	1
3091	1	1	2
3091	1	1	1
3092	3	1	1
3093	2	1	2
3093	2	1	1
3094	6	1	1
3095	2	1	1
3096	9	1	1
3097	2	1	1
3097	3	1	1
3098	1	1	2
3098	1	1	1
3099	3	1	1
3100	14	1	1
3101	1	1	1
3101	4	1	1
3101	4	1	2
3101	1	1	2
3102	6	1	1
3103	5	2	2
3103	8	3	3
3104	6	1	1
3105	5	2	2
3105	8	3	3
3106	10	3	4
3106	11	4	1
3106	2	3	2
3106	2	4	1
3106	59	4	1
3106	2	1	2
3106	13	3	4
3106	4	4	1
3107	1	1	1
3107	1	1	2
3107	1	3	3
3108	26	3	3
3109	3	1	1
3110	1	1	2
3111	1	3	3
3111	6	1	1
3112	3	1	1
3112	2	1	1
3113	6	1	1
3114	9	1	1
3115	2	2	1
3115	4	2	1
3115	4	1	2
3115	4	3	3
3115	4	3	2
3116	1	3	3
3116	6	1	1
3116	37	3	3
3117	3	1	1
3118	1	1	2
3118	6	1	1
3118	1	1	1
3119	6	1	1
3119	2	1	1
3120	1	1	2
3120	1	1	1
3121	1	3	3
3121	1	1	2
3121	1	1	1
3122	10	1	2
3122	10	1	1
3123	1	1	1
3123	1	3	3
3123	1	1	2
3124	4	1	2
3125	1	3	3
3126	5	2	2
3127	13	3	4
3127	1	1	1
3127	1	1	2
3127	11	1	1
3128	6	1	1
3129	1	1	1
3130	12	3	4
3130	12	1	2
3130	7	3	3
3130	12	1	1
3130	5	2	2
3131	9	1	1
3131	5	2	2
3132	4	1	2
3132	1	1	1
3132	4	1	1
3132	1	1	2
3132	1	3	3
3133	3	1	1
3134	17	3	3
3135	2	1	2
3135	2	1	1
3136	4	2	1
3137	1	3	3
3138	6	1	1
3139	2	1	1
3140	2	1	1
3140	4	1	2
3141	3	1	1
3142	12	3	4
3143	3	1	1
3144	2	1	1
3144	2	3	2
3144	2	1	2
3144	4	1	2
3144	4	1	1
3145	4	1	2
3145	2	1	2
3145	7	2	1
3145	2	2	1
3146	14	1	1
3147	3	1	1
3148	5	2	2
3148	6	1	1
3149	9	1	1
3150	3	1	1
3151	2	1	1
3152	5	2	2
3153	5	2	2
3154	10	3	4
3154	2	1	1
3155	5	2	2
3156	35	1	1
3157	3	1	1
3158	3	1	1
3158	6	1	1
3159	5	2	2
3160	3	1	1
3161	12	3	3
3161	7	3	3
3162	1	1	1
3163	6	1	1
3163	3	1	1
3164	3	1	1
3165	3	1	1
3166	4	1	2
3167	7	3	3
3168	9	1	1
3169	19	1	1
3170	6	1	1
3171	2	1	1
3172	1	1	1
3173	6	1	1
3174	8	1	2
3174	8	1	1
3175	10	1	2
3175	6	1	1
3175	10	1	1
3176	6	1	1
3177	3	1	1
3178	1	1	2
3178	1	1	1
3178	4	1	1
3178	4	1	2
3179	2	1	1
3180	6	1	1
3180	5	2	2
3181	3	1	1
3182	1	3	4
3183	1	1	1
3184	4	3	2
3184	2	1	1
3184	4	1	1
3185	6	1	1
3186	1	3	4
3186	1	4	1
3186	13	3	4
3186	11	4	1
3186	2	4	1
3186	4	3	3
3186	2	3	4
3187	1	1	2
3187	1	1	1
3188	5	2	2
3189	5	2	2
3190	7	1	2
3190	7	1	1
3191	1	1	2
3191	1	1	1
3192	5	2	2
3192	8	3	3
3193	1	1	2
3193	1	1	1
3194	6	1	1
3195	7	3	3
3195	16	1	1
3195	7	1	1
3195	16	3	4
3196	3	1	1
3197	7	1	1
3197	7	1	2
3198	6	1	1
3199	1	1	2
3199	1	1	1
3200	1	1	1
3200	1	1	2
3201	3	1	1
3202	1	3	3
3202	6	1	1
3203	5	2	2
3204	3	1	1
3205	5	2	2
3206	1	3	3
3207	1	1	1
3207	1	1	2
3208	3	1	1
3209	3	1	1
3210	4	1	2
3210	4	1	1
3211	2	2	1
3212	5	2	2
3212	6	1	1
3213	13	3	4
3213	4	1	2
3213	1	1	2
3213	10	3	4
3213	10	4	1
3213	11	4	1
3213	1	4	1
3213	10	1	2
3213	10	4	5
3214	1	3	3
3215	1	1	1
3216	2	1	1
3216	4	1	1
3216	2	1	2
3217	3	4	1
3217	11	4	1
3217	26	3	4
3218	2	1	1
3218	2	1	2
3219	3	1	1
3220	3	1	1
3221	3	1	1
3222	5	2	2
3222	2	1	1
3223	6	1	1
3224	5	2	2
3225	3	1	1
3225	1	3	3
3225	37	3	3
3226	4	1	1
3226	4	1	2
3227	1	3	3
3227	6	1	1
3228	2	2	1
3229	7	3	3
3229	7	1	2
3229	7	1	1
3230	5	2	2
3231	3	1	1
3232	4	1	2
3233	2	1	1
3233	2	1	2
3233	3	1	1
3234	5	2	2
3235	1	1	1
3236	2	1	1
3236	5	2	2
3236	2	1	2
3237	6	1	1
3238	5	2	2
3238	8	1	1
3239	6	1	1
3240	1	1	1
3241	14	2	1
3242	5	2	2
3242	3	1	1
3243	12	3	4
3244	3	1	1
3245	6	1	1
3246	6	1	1
3247	5	2	2
3248	5	2	2
3248	8	2	1
3249	2	1	1
3250	5	2	2
3251	5	2	2
3252	6	1	1
3253	7	3	3
3254	3	1	1
3255	5	2	2
3255	1	1	2
3256	1	1	1
3256	8	3	3
3257	2	1	1
3258	4	1	2
3258	4	1	1
3259	6	1	1
3260	7	3	3
3261	1	3	3
3262	6	1	1
3263	2	1	2
3263	2	1	1
3263	4	1	1
3263	2	3	2
3264	4	1	2
3264	2	1	2
3264	7	3	3
3264	2	1	1
3264	4	1	1
3265	5	2	2
3266	1	1	1
3266	5	2	2
3266	1	1	2
3267	1	1	1
3268	14	1	1
3268	1	1	1
3269	3	1	1
3270	6	1	1
3271	2	1	2
3271	2	1	1
3272	3	1	1
3273	3	1	1
3274	5	2	2
3275	2	1	2
3275	2	1	1
3276	7	1	1
3276	2	1	1
3276	7	3	3
3277	6	1	1
3278	1	1	1
3279	3	1	1
3280	20	1	1
3281	2	1	1
3281	3	1	1
3281	4	1	1
3282	4	2	1
3283	4	2	1
3283	2	2	1
3284	2	2	1
3285	3	1	1
3286	1	1	2
3286	1	1	1
3287	5	2	2
3288	2	1	1
3289	6	1	1
3289	3	1	1
3290	5	2	2
3291	5	2	2
3292	4	1	2
3292	1	1	1
3292	1	1	2
3293	1	1	1
3293	1	1	2
3294	5	2	2
3295	8	3	3
3296	2	1	2
3296	2	2	1
3297	2	1	1
3297	2	1	2
3298	3	1	1
3298	1	1	1
3298	2	1	1
3299	6	1	1
3300	2	2	1
3301	5	2	2
3302	2	1	1
3303	1	1	1
3303	3	1	1
3303	1	1	2
3304	5	2	2
3305	6	1	1
3306	5	2	2
3307	2	1	2
3307	2	1	1
3308	2	3	2
3308	2	1	2
3308	2	3	4
3308	4	1	2
3308	2	1	1
3308	4	1	1
3308	5	2	2
3309	5	2	2
3310	9	1	1
3311	14	1	1
3312	3	1	1
3313	26	3	3
3314	6	1	1
3315	1	1	1
3315	4	1	1
3315	15	1	2
3315	2	1	2
3315	2	1	1
3315	2	3	2
3315	13	3	4
3315	1	1	2
3316	3	1	1
3317	3	1	1
3318	5	2	2
3319	3	1	1
3320	3	1	1
3321	6	1	1
3321	3	1	1
3322	6	1	1
3323	1	1	1
3323	3	1	1
3323	1	1	2
3324	1	1	1
3324	1	1	2
3324	5	2	2
3324	1	3	3
3325	2	1	2
3325	11	2	1
3325	2	2	1
3326	1	1	2
3327	1	1	2
3327	1	1	1
3328	1	1	1
3329	1	1	2
3329	1	1	1
3330	3	1	1
3331	5	2	2
3332	5	2	2
3332	2	1	1
3333	1	1	1
3333	3	1	1
3334	3	1	1
3334	1	1	1
3335	3	1	1
3335	1	1	1
3336	12	2	1
3336	1	2	1
3336	5	2	2
3336	1	1	2
3337	64	3	4
3337	6	1	1
3337	2	1	1
3337	4	1	2
3338	3	1	1
3339	3	1	1
3340	12	3	3
3340	12	2	1
3340	12	1	2
3341	2	1	1
3342	2	1	1
3342	10	1	1
3342	10	3	4
3342	2	1	2
3342	1	1	1
3342	10	1	2
3343	1	1	1
3343	1	1	2
3343	4	1	2
3343	2	1	1
3343	4	1	1
3344	20	1	1
3345	2	1	1
3345	2	1	2
3346	1	1	1
3346	1	1	2
3347	3	1	1
3348	1	1	2
3348	1	1	1
3348	4	1	2
3349	6	1	1
3350	4	1	2
3351	18	2	1
3351	5	2	2
3352	1	1	1
3352	2	1	1
3353	1	1	2
3353	1	1	1
3354	1	1	1
3354	1	1	2
3354	4	1	2
3355	5	2	2
3355	2	2	1
3356	3	1	1
3357	1	1	1
3358	3	1	1
3358	2	1	1
3359	6	1	1
3360	2	1	1
3361	9	1	1
3362	1	1	2
3362	1	1	1
3363	1	1	2
3363	1	1	1
3364	6	1	1
3365	1	1	1
3366	3	1	1
3367	1	3	3
3368	3	1	1
3369	5	2	2
3370	1	1	1
3370	1	1	2
3371	1	1	1
3371	1	1	2
3372	1	1	2
3372	1	1	1
3372	2	1	1
3373	2	3	2
3373	2	1	1
3373	4	1	1
3374	2	2	1
3375	1	1	2
3375	1	1	1
3376	6	1	1
3377	1	3	3
3378	2	1	1
3378	2	1	2
3378	1	1	1
3378	3	1	1
3379	6	1	1
3380	5	2	2
3381	5	2	2
3382	6	1	1
3383	2	1	1
3384	1	1	1
3385	1	1	1
3385	1	1	2
3385	2	1	1
3386	1	1	1
3386	1	1	2
3387	5	2	2
3388	3	1	1
3388	6	1	1
3389	3	1	1
3389	6	1	1
3390	1	1	1
3390	1	1	2
3391	19	1	1
3391	5	2	2
3391	6	1	1
3392	1	1	1
3393	6	1	1
3394	3	1	1
3395	2	1	1
3395	10	3	4
3395	2	1	2
3396	1	1	1
3396	1	1	2
3397	5	2	2
3398	5	2	2
3398	1	1	2
3398	1	1	1
3399	12	2	1
3399	12	3	4
3399	9	2	1
3399	12	1	2
3399	5	2	2
3400	4	1	1
3400	2	3	3
3400	2	3	2
3400	4	1	2
3400	2	1	1
3401	9	1	1
3402	9	1	1
3403	1	1	2
3403	1	1	1
3403	1	3	3
3404	5	2	2
3405	1	1	1
3405	6	1	1
3406	2	1	1
3407	6	1	1
3408	1	1	1
3408	3	1	1
3409	1	1	2
3409	1	1	1
3410	1	1	2
3410	1	1	1
3411	6	1	1
3412	1	1	2
3412	4	1	2
3412	1	1	1
3412	1	3	3
3412	5	2	2
3413	6	1	1
3414	8	1	1
3414	8	1	2
3415	6	1	1
3416	17	3	3
3416	6	1	1
3417	1	1	2
3417	1	1	1
3418	1	1	2
3418	1	1	1
3419	1	3	3
3420	1	1	1
3420	1	1	2
3420	10	1	1
3420	2	1	2
3420	2	1	1
3421	7	3	3
3422	3	1	1
3423	5	2	2
3424	4	1	2
3424	2	3	2
3424	2	1	2
3424	4	1	1
3424	2	1	1
3425	3	1	1
3425	2	1	1
3426	1	1	1
3427	5	2	2
3428	3	1	1
3429	6	1	1
3430	2	1	1
3430	4	1	2
3431	3	1	1
3432	17	3	3
3432	1	1	1
3432	1	1	2
3433	4	1	2
3434	7	2	1
3434	8	2	1
3435	1	1	1
3436	1	1	1
3436	16	1	2
3436	1	1	2
3436	16	1	1
3437	3	1	1
3437	5	2	2
3438	4	1	1
3438	2	3	2
3438	2	1	1
3439	6	1	1
3440	1	1	1
3440	1	1	2
3441	2	1	1
3441	1	1	2
3441	1	1	1
3441	2	3	4
3442	1	1	1
3442	5	2	2
3442	1	1	2
3443	5	2	2
3444	26	3	3
3445	1	1	1
3445	1	1	2
3446	1	1	1
3447	4	1	1
3447	1	1	2
3447	1	1	1
3447	4	1	2
3447	5	2	2
3448	6	1	1
3449	2	3	2
3449	2	1	2
3449	40	4	5
3449	2	1	1
3449	4	1	1
3449	21	4	5
3449	4	4	5
3450	4	1	2
3450	2	1	1
3451	9	1	1
3452	5	2	2
3453	5	2	2
3454	6	1	1
3455	2	2	1
3456	5	2	2
3457	3	1	1
3458	7	1	2
3458	7	1	1
3459	9	1	1
3460	2	3	4
3460	2	1	1
3460	4	1	1
3461	13	3	4
3462	6	1	1
3463	1	3	3
3463	5	2	2
3463	1	1	1
3463	1	1	2
3463	4	1	2
3463	4	1	1
3464	5	2	2
3465	2	1	1
3465	1	1	2
3465	1	1	1
3465	2	1	2
3466	7	3	3
3467	2	1	1
3468	5	2	2
3469	6	1	1
3470	4	2	1
3471	6	1	1
3471	3	1	1
3471	5	2	2
3472	1	1	1
3472	1	1	2
3473	3	1	1
3473	2	1	1
3474	1	1	2
3474	1	1	1
3474	1	3	3
3475	5	2	2
3476	6	1	1
3477	7	3	3
3478	2	1	1
3478	4	1	1
3478	2	3	2
3479	4	1	1
3479	4	3	2
3479	2	1	1
3480	3	1	1
3481	6	1	1
3482	6	1	1
3483	4	1	2
3484	3	1	1
3485	5	2	2
3486	4	1	2
3486	4	1	1
3487	5	2	2
3488	1	1	1
3488	1	1	2
3488	1	3	3
3489	4	2	1
3490	2	2	1
3490	9	2	1
3490	5	2	2
3490	4	2	1
3490	6	2	1
3491	3	1	1
3492	2	1	1
3493	9	4	1
3493	11	4	1
3493	13	3	4
3494	1	1	2
3494	1	1	1
3495	1	1	2
3495	1	1	1
3496	1	1	2
3496	1	1	1
3496	1	3	4
3497	1	1	1
3498	3	1	1
3499	2	2	1
3500	5	2	2
3501	12	1	1
3502	1	1	2
3502	2	1	1
3502	1	1	1
3503	3	1	1
3504	2	2	1
3505	3	1	1
3506	2	1	1
3506	4	1	1
3506	2	3	2
3507	2	1	2
3507	2	1	1
3508	3	1	1
3509	12	3	3
3509	5	2	2
3510	7	1	2
3510	7	1	1
3511	1	3	4
3511	1	1	2
3511	1	1	1
3512	2	2	1
3512	4	2	1
3513	10	1	1
3513	10	1	2
3514	3	1	1
3515	1	1	1
3515	3	1	1
3516	5	2	2
3517	4	1	1
3517	1	1	2
3517	1	1	1
3517	1	3	4
3517	2	1	1
3517	2	1	2
3518	3	1	1
3519	5	2	2
3519	7	3	3
3519	7	2	1
3520	2	1	1
3521	4	1	1
3521	2	1	1
3521	2	3	2
3522	5	2	2
3522	6	1	1
3523	11	4	1
3523	2	1	2
3523	13	3	4
3523	4	4	1
3523	2	4	1
3524	6	1	1
3524	1	1	1
3525	3	1	1
3526	2	1	1
3526	1	1	1
3526	1	1	2
3526	1	3	3
3526	5	2	2
3527	3	1	1
3527	1	1	1
3528	1	1	2
3528	1	1	1
3529	2	1	1
3529	2	1	2
3530	3	1	1
3531	1	3	3
3532	10	3	4
3533	2	1	1
3534	6	1	1
3535	2	1	1
3536	7	3	3
3537	1	1	1
3537	2	1	1
3538	3	1	1
3539	10	3	4
3540	3	1	1
3540	1	1	1
3541	6	1	1
3542	7	1	1
3542	12	1	1
3543	3	1	1
3544	3	1	1
3545	3	1	1
3546	3	1	1
3547	3	1	1
3548	1	2	1
3548	7	3	3
3548	2	2	1
3548	2	3	3
3548	2	3	2
3548	2	1	2
3548	4	2	1
3549	5	2	2
3549	1	1	1
3550	8	1	1
3550	8	3	3
3550	5	2	2
3550	7	1	1
3551	3	1	1
3552	1	1	1
3552	1	1	2
3553	3	1	1
3554	2	1	1
3554	1	1	1
3554	4	1	2
3554	2	1	2
3555	4	3	2
3555	4	1	1
3555	2	1	1
3556	3	1	1
3557	3	1	1
3558	5	2	2
3559	3	1	1
3560	3	1	1
3561	2	2	1
3562	5	2	2
3563	5	2	2
3563	3	1	1
3564	3	1	1
3564	2	1	1
3565	2	1	2
3565	5	2	2
3565	2	1	1
3565	3	1	1
3566	1	1	1
3567	6	1	1
3567	5	2	2
3568	6	1	1
3569	3	1	1
3570	1	1	1
3571	1	1	2
3571	1	3	3
3571	1	1	1
3571	5	2	2
3572	1	1	1
3572	3	1	1
3573	6	1	1
3574	1	1	1
3575	10	3	4
3576	1	1	2
3576	1	1	1
3577	1	1	2
3578	1	1	1
3578	1	1	2
3578	1	3	3
3579	9	1	1
3580	9	1	1
3581	1	1	1
3581	1	1	2
3582	1	3	3
3582	12	3	3
3583	2	1	1
3583	2	3	2
3583	4	1	1
3584	1	1	2
3584	1	1	1
3585	1	1	2
3585	1	1	1
3586	2	1	2
3586	1	3	3
3586	78	3	3
3586	2	1	1
3586	1	1	1
3586	1	1	2
3587	4	1	1
3587	1	1	1
3587	4	1	2
3587	1	1	2
3588	2	1	1
3588	4	1	2
3588	2	1	2
3588	4	1	1
3589	1	1	2
3589	1	1	1
3590	1	1	2
3590	1	1	1
3591	2	1	1
3591	9	1	1
3591	2	1	2
3592	2	1	1
3592	2	1	2
3593	5	2	2
3594	4	1	2
3594	1	1	1
3594	1	3	3
3594	1	1	2
3594	4	1	1
3595	3	1	1
3596	2	1	1
3596	4	1	1
3596	2	1	2
3596	2	3	2
3597	1	3	3
3598	2	1	2
3598	2	2	1
3598	36	3	3
3598	23	2	1
3599	1	3	3
3600	1	1	1
3600	1	1	2
3601	1	3	3
3601	1	1	1
3601	1	1	2
3602	1	1	2
3602	1	3	3
3602	1	1	1
3603	1	1	1
3604	3	1	1
3605	1	1	1
3606	6	1	1
3607	1	1	1
3607	1	1	2
3608	5	2	2
3608	6	1	1
3609	1	1	1
3610	2	1	1
3610	2	1	2
3611	3	1	1
3612	5	2	2
3613	2	1	1
3613	4	3	2
3613	4	1	1
3614	3	1	1
3615	3	1	1
3616	4	3	3
3616	4	1	1
3616	2	1	1
3617	3	1	1
3618	1	1	2
3618	1	3	3
3618	1	1	1
3619	6	1	1
3620	1	1	1
3620	1	1	2
3621	1	1	1
3621	1	3	4
3622	2	1	2
3622	2	1	1
3622	4	3	3
3622	2	3	3
3623	1	3	3
3624	5	2	2
3625	3	1	1
3626	1	1	1
3626	1	1	2
3626	1	3	3
3627	1	3	3
3628	3	1	1
3629	3	1	1
3630	3	1	1
3631	6	1	1
3632	2	1	2
3632	2	1	1
3633	1	1	1
3634	3	1	1
3635	1	1	1
3636	1	1	1
3637	5	2	2
3638	3	1	1
3639	8	1	1
3640	3	1	1
3640	1	1	1
3641	4	1	1
3641	2	1	1
3641	2	3	2
3641	4	3	2
3641	2	3	3
3642	3	1	1
3643	5	2	2
3644	5	2	2
3645	5	2	2
3645	4	1	1
3645	2	1	1
3646	14	1	1
3647	3	1	1
3648	17	3	3
3648	5	2	2
3649	6	1	1
3650	6	1	1
3650	5	2	2
3651	2	1	1
3651	3	1	1
3651	2	1	2
3652	4	2	1
3653	2	3	3
3653	4	3	3
3653	2	1	1
3653	5	2	2
3653	4	1	1
3653	4	1	2
3653	2	3	2
3654	2	2	1
3655	7	3	3
3655	2	1	1
3656	3	1	1
3657	2	1	1
3657	4	1	1
3657	2	1	2
3657	4	3	2
3658	2	1	1
3658	4	1	1
3659	3	1	1
3660	2	1	1
3660	4	1	1
3660	2	3	2
3661	4	1	1
3661	4	1	2
3662	2	2	1
3663	3	1	1
3664	14	1	1
3664	1	1	2
3664	1	1	1
3665	3	1	1
3666	5	2	2
3667	1	1	2
3667	1	1	1
3668	2	3	2
3668	4	1	1
3668	2	1	1
3669	3	1	1
3670	6	1	1
3670	3	1	1
3671	17	3	3
3672	6	1	1
3673	1	1	2
3673	1	1	1
3674	3	1	1
3675	1	1	2
3675	1	1	1
3675	12	3	3
3675	1	3	3
3676	1	3	3
3677	2	1	2
3677	2	1	1
3678	5	2	2
3679	4	3	4
3679	4	1	2
3679	2	1	2
3679	35	2	1
3679	2	3	4
3679	2	2	1
3679	4	2	1
3679	5	2	2
3680	6	1	1
3681	3	1	1
3682	4	3	3
3683	3	1	1
3683	6	1	1
3684	7	1	2
3684	7	1	1
3685	9	1	1
3686	1	1	1
3686	1	1	2
3687	3	1	1
3688	3	1	1
3689	8	3	3
3690	3	1	1
3691	3	1	1
3692	11	4	1
3692	97	4	1
3692	13	3	4
3692	58	4	5
3692	87	4	5
3692	9	4	1
3693	8	1	1
3693	8	1	2
3694	2	1	2
3694	2	1	1
3695	5	2	2
3696	1	1	1
3696	1	1	2
3697	1	3	3
3697	1	1	1
3697	1	1	2
3698	1	3	3
3698	1	1	2
3698	1	1	1
3699	2	1	1
3700	1	1	1
3700	1	1	2
3701	3	1	1
3702	1	1	1
3702	5	2	2
3702	1	1	2
3703	13	3	4
3704	7	3	3
3705	9	1	1
3706	1	1	1
3706	1	1	2
3707	5	2	2
3708	17	3	3
3709	2	2	1
3710	1	3	4
3710	4	1	1
3710	5	2	2
3710	2	1	1
3710	4	1	2
3710	1	1	1
3710	1	1	2
3711	3	1	1
3711	1	1	1
3712	3	1	1
3712	1	1	1
3713	9	1	1
3713	2	1	1
3714	2	2	1
3715	13	3	4
3716	6	1	1
3716	5	2	2
3717	2	3	2
3717	4	1	2
3717	4	2	1
3717	2	1	2
3717	8	3	3
3717	4	3	2
3717	2	2	1
3717	7	3	3
3718	4	3	2
3718	4	1	1
3718	2	1	1
3719	4	1	2
3720	5	2	2
3720	1	3	4
3721	5	2	2
3722	10	1	2
3722	10	1	1
3723	1	1	1
3724	1	1	1
3725	17	3	3
3726	1	1	1
3726	3	1	1
3727	2	1	1
3727	6	1	1
3728	3	1	1
3729	12	1	2
3729	12	1	1
3730	6	1	1
3730	5	2	2
3731	3	1	1
3732	1	3	4
3733	5	2	2
3734	2	1	1
3734	1	3	3
3734	2	1	2
3735	5	2	2
3736	3	1	1
3736	1	1	1
3737	5	2	2
3738	3	1	1
3739	1	3	3
3739	1	1	1
3739	1	1	2
3740	1	1	1
3741	3	1	1
3742	6	1	1
3743	1	1	2
3743	1	1	1
3744	6	1	1
3744	8	1	1
3745	3	1	1
3746	6	1	1
3747	26	3	3
3747	3	1	1
3748	11	4	1
3749	1	1	2
3749	1	1	1
3749	3	1	1
3750	1	1	2
3750	1	1	1
3751	5	2	2
3752	2	1	1
3753	3	1	1
3754	2	1	1
3755	2	1	1
3755	1	1	2
3755	1	1	1
3756	3	1	1
3757	1	1	1
3757	6	1	1
3757	1	1	2
3757	3	1	1
3757	1	3	3
3758	1	1	1
3758	1	1	2
3759	10	3	4
3759	2	1	1
3760	1	1	1
3760	1	1	2
3761	4	1	1
3761	4	1	2
3761	2	3	2
3761	2	1	1
3762	3	1	1
3763	2	1	2
3763	2	3	2
3763	4	1	2
3763	4	3	2
3763	2	1	1
3763	4	1	1
3764	14	1	1
3765	3	1	1
3766	3	1	1
3767	1	1	2
3767	1	1	1
3767	2	1	1
3767	5	2	2
3768	3	1	1
3769	3	1	1
3770	3	1	1
3771	2	1	1
3772	1	3	3
3772	1	1	2
3772	1	1	1
3773	9	1	1
3773	1	1	1
3773	1	3	3
3773	1	1	2
3774	6	1	1
3775	3	1	1
3776	1	1	1
3777	1	1	1
3777	1	1	2
3777	3	1	1
3778	1	1	1
3778	3	1	1
3779	1	2	1
3779	7	2	1
3779	1	1	2
3780	1	1	1
3780	4	1	2
3780	4	1	1
3780	2	1	1
3781	1	1	1
3782	1	3	4
3783	7	1	1
3784	1	1	1
3784	1	1	2
3784	1	3	3
3785	1	1	1
3785	1	1	2
3785	4	1	1
3785	1	3	3
3785	4	1	2
3786	8	2	1
3787	6	1	1
3788	1	1	1
3788	1	1	2
3788	1	3	3
3789	14	1	1
3790	8	3	3
3791	6	1	1
3792	1	1	2
3792	1	1	1
3793	1	3	3
3793	1	1	1
3793	1	1	2
3793	4	1	2
3793	4	1	1
3793	5	2	2
3794	1	1	2
3794	1	1	1
3795	7	3	4
3795	11	4	1
3795	2	4	1
3796	1	1	2
3796	1	1	1
3797	1	1	1
3797	1	1	2
3798	9	1	1
3799	5	2	2
3800	23	2	1
3800	36	3	3
3801	4	1	1
3801	2	3	2
3801	2	1	1
3802	8	1	1
3803	1	1	2
3803	1	1	1
3804	5	2	2
3804	1	1	2
3804	1	1	1
3804	1	3	3
3804	4	1	2
3805	2	1	1
3805	3	1	1
3806	5	2	2
3807	1	1	1
3807	1	3	3
3807	1	1	2
3808	6	1	1
3809	6	1	1
3810	1	1	2
3810	1	1	1
3811	1	1	1
3812	1	1	1
3812	1	1	2
3813	12	2	1
3814	6	1	1
3815	3	1	1
3816	4	2	1
3817	5	2	2
3817	1	1	1
3817	1	1	2
3818	1	1	1
3819	5	2	2
3819	1	1	1
3819	1	1	2
3820	5	2	2
3820	6	1	1
3821	8	2	1
3822	3	1	1
3823	2	1	2
3823	7	3	3
3823	2	1	1
3824	1	1	2
3824	1	3	4
3824	6	1	1
3824	1	1	1
3825	3	1	1
3825	2	1	1
3826	5	2	2
3827	2	1	1
3828	6	1	1
3829	5	2	2
3830	1	3	3
3830	1	1	1
3830	1	1	2
3831	6	2	1
3831	5	2	2
3832	14	1	1
3833	3	1	1
3834	3	1	1
3835	1	3	3
3835	3	1	1
3836	1	1	1
3837	2	1	1
3837	4	1	1
3837	2	1	2
3837	2	3	2
3837	4	1	2
3838	3	1	1
3839	3	1	1
3840	9	2	1
3840	4	2	1
3840	4	1	2
3840	2	2	1
3840	2	1	2
3840	2	3	4
3840	2	3	2
3840	5	2	2
3840	15	1	2
3841	9	1	1
3841	6	1	1
3842	3	1	1
3843	5	2	2
3843	2	2	1
3844	3	1	1
3845	5	2	2
3846	3	1	1
3847	1	3	3
3847	4	2	1
3847	1	2	1
3847	1	1	2
3848	1	1	1
3848	3	1	1
3849	1	1	1
3850	4	3	2
3850	4	1	1
3850	2	1	1
3850	2	1	2
3851	3	1	1
3852	3	1	1
3853	2	1	1
3854	5	2	2
3855	3	1	1
3856	1	1	1
3856	1	1	2
3857	1	1	1
3857	1	1	2
3858	3	1	1
3859	3	1	1
3860	3	1	1
3861	3	1	1
3862	6	1	1
3863	7	3	3
3863	5	2	2
3864	5	2	2
3865	3	1	1
3866	3	1	1
3867	3	1	1
3868	2	1	1
3869	1	3	3
3870	1	1	1
3871	3	1	1
3872	6	1	1
3872	19	1	1
3873	3	1	1
3874	6	1	1
3875	3	1	1
3876	1	1	1
3876	2	1	1
3876	1	1	2
3877	3	1	1
3878	3	1	1
3879	1	3	3
3879	1	1	2
3879	1	1	1
3880	1	1	2
3880	2	1	1
3880	1	1	1
3880	2	1	2
3881	1	1	1
3882	2	1	1
3883	4	1	1
3883	2	1	1
3883	2	3	2
3884	1	3	3
3884	1	1	1
3885	80	3	4
3886	3	1	1
3887	4	1	2
3887	48	2	1
3887	18	2	1
3888	5	2	2
3889	9	1	1
3890	2	1	2
3890	2	1	1
3891	1	1	2
3891	1	1	1
3892	3	1	1
3893	3	1	1
3894	1	1	1
3894	3	1	1
3895	3	1	1
3896	1	1	2
3896	1	1	1
3897	3	1	1
3897	4	1	2
3898	3	1	1
3899	5	2	2
3899	9	1	1
3900	3	1	1
3901	2	1	1
3901	2	1	2
3902	5	2	2
3903	5	2	2
3904	3	2	1
3904	2	2	1
3905	6	1	1
3906	2	2	1
3907	2	1	1
3908	6	1	1
3909	8	1	2
3909	8	1	1
3910	3	1	1
3911	1	1	1
3911	2	1	1
3912	3	2	1
3912	4	2	1
3913	6	2	1
3913	2	2	1
3914	3	1	1
3915	4	2	1
3916	1	1	1
3916	1	1	2
3917	2	1	1
3917	7	1	1
3918	2	1	1
3918	9	1	1
3918	2	1	2
3919	5	2	2
3919	8	1	1
3920	6	1	1
3921	12	3	3
3922	3	1	1
3923	9	1	1
3924	3	1	1
3924	1	1	1
3925	5	2	2
3926	8	3	4
3926	24	4	5
3926	34	4	5
3926	11	4	1
3926	7	3	4
3926	53	4	5
3926	8	4	1
3927	3	1	1
3928	3	1	1
3929	8	1	2
3929	8	1	1
3930	2	1	1
3930	4	3	2
3930	4	1	1
3931	6	1	1
3932	5	2	2
3933	4	1	1
3933	2	1	2
3933	2	1	1
3934	1	1	2
3935	3	1	1
3936	2	1	1
3937	1	1	2
3937	1	1	1
3938	3	1	1
3939	1	1	1
3939	2	1	2
3939	2	1	1
3940	1	1	1
3941	3	1	1
3942	2	1	1
3943	3	1	1
3944	6	1	1
3944	3	1	1
3945	2	4	1
3945	21	4	5
3945	2	3	4
3945	13	3	4
3945	11	4	1
3945	2	2	4
3946	23	2	1
3947	5	2	2
3948	1	1	1
3949	3	1	1
3949	1	1	1
3950	4	1	2
3950	4	1	1
3951	5	2	2
3952	3	1	1
3953	3	1	1
3954	1	1	1
3955	3	1	1
3956	3	1	1
3956	2	1	1
3956	2	1	2
3957	1	1	2
3957	1	1	1
3958	14	1	1
3959	19	1	1
3960	3	1	1
3961	3	1	1
3962	5	2	2
3963	1	1	1
3963	4	1	1
3963	4	1	2
3963	1	1	2
3964	1	1	1
3964	1	1	2
3965	4	1	2
3966	1	1	1
3966	3	1	1
3967	5	2	2
3968	2	1	1
3968	4	3	2
3968	4	1	1
3969	2	2	1
3969	5	2	2
3969	3	2	1
3970	7	1	1
3970	5	2	2
3971	7	1	1
3972	1	1	1
3973	1	1	1
3973	1	1	2
3974	3	1	1
3975	3	1	1
3976	6	1	1
3977	6	1	1
3978	6	1	1
3979	3	1	1
3980	4	1	1
3980	1	1	2
3980	4	1	2
3980	1	1	1
3981	3	1	1
3982	3	2	1
3982	2	2	1
3983	1	1	1
3983	3	1	1
3984	3	1	1
3985	4	1	2
3985	4	3	4
3986	7	3	3
3986	7	1	2
3986	7	1	1
3987	6	1	1
3988	6	1	1
3989	9	1	1
3990	4	2	1
3991	1	1	2
3991	1	1	1
3991	1	3	3
3992	5	2	2
3993	18	2	1
3993	2	2	1
3993	2	1	2
3994	3	1	1
3995	5	2	2
3996	18	2	1
3996	18	3	4
3996	12	2	1
3997	5	2	2
3998	3	1	1
3999	8	2	1
4000	5	2	2
4001	7	4	1
4001	5	2	2
4001	50	4	5
4001	41	3	4
4001	11	4	1
4001	62	4	5
4001	51	4	5
4001	4	4	5
4001	2	1	2
4001	4	1	2
4001	2	4	1
4001	41	4	5
4001	35	4	1
4001	4	4	1
4002	2	1	1
4002	17	3	3
4003	7	3	4
4004	2	1	2
4004	2	1	1
4005	4	1	1
4005	2	1	1
4005	4	3	2
4006	3	1	1
4007	4	1	1
4007	4	1	2
4007	2	1	1
4007	2	1	2
4007	4	3	3
4008	6	1	1
4009	3	1	1
4010	9	1	1
4011	1	3	3
4012	6	1	1
4013	3	1	1
4014	1	1	1
4015	1	1	1
4015	3	1	1
4016	19	1	1
4016	6	1	1
4017	6	1	1
4018	3	1	1
4019	5	2	2
4020	2	1	1
4020	2	1	2
4021	4	1	1
4021	4	3	2
4021	2	1	1
4022	3	1	1
4023	5	2	2
4024	3	1	1
4025	3	1	1
4025	2	1	1
4025	2	1	2
4026	1	1	1
4026	1	1	2
4027	1	1	2
4027	1	1	1
4028	10	3	4
4028	2	1	1
4028	2	1	2
4028	8	3	3
4028	7	3	3
4029	5	2	2
4030	5	2	2
4030	9	1	1
4031	2	2	1
4032	6	1	1
4033	6	1	1
4034	2	1	1
4034	4	1	1
4034	3	1	1
4035	3	1	1
4036	1	1	2
4036	7	1	1
4036	4	1	2
4036	5	2	2
4036	1	1	1
4037	1	1	1
4037	1	1	2
4037	1	3	3
4038	3	1	1
4039	3	1	1
4040	3	1	1
4041	4	1	2
4041	2	1	2
4041	2	2	1
4041	4	2	1
4041	2	3	2
4042	3	1	1
4043	3	1	1
4044	5	2	2
4044	3	1	1
4045	2	1	1
4046	5	2	2
4046	6	1	1
4047	3	1	1
4048	2	2	1
4049	6	1	1
4050	1	1	1
4051	1	3	3
4051	1	1	2
4051	4	1	2
4051	1	1	1
4052	6	1	1
4053	5	2	2
4054	2	1	2
4054	2	1	1
4055	1	1	2
4055	1	1	1
4056	1	1	1
4056	1	1	2
4057	3	1	1
4057	2	1	1
4057	2	1	2
4058	1	1	2
4058	1	1	1
4059	3	1	1
4060	2	1	1
4060	3	1	1
4061	6	1	1
4062	5	2	2
4063	3	1	1
4064	6	1	1
4065	3	1	1
4066	3	1	1
4067	2	3	2
4067	4	4	1
4067	2	1	2
4067	4	4	5
4067	4	3	3
4067	11	4	1
4067	50	4	5
4067	4	3	2
4067	41	3	4
4067	51	4	5
4067	62	4	5
4067	2	4	1
4067	41	4	5
4068	3	1	1
4069	7	3	3
4070	6	1	1
4071	3	1	1
4072	3	1	1
4073	4	2	1
4074	2	1	1
4075	6	1	1
4076	3	1	1
4077	3	1	1
4078	3	1	1
4079	35	1	1
4080	3	1	1
4081	3	1	1
4082	5	2	2
4083	3	1	1
4084	5	2	2
4085	3	1	1
4086	5	2	2
4086	7	1	1
4086	7	3	4
4086	4	1	2
4087	1	3	3
4087	1	1	1
4087	1	1	2
4087	5	2	2
4088	3	1	1
4089	3	1	1
4090	6	1	1
4091	1	1	2
4091	1	1	1
4091	6	1	1
4091	4	1	1
4091	4	1	2
4092	3	1	1
4092	5	2	2
4093	5	2	2
4094	1	1	2
4094	1	1	1
4094	1	3	3
4095	1	1	2
4095	2	1	1
4095	28	1	1
4095	4	1	2
4095	1	1	1
4095	2	1	2
4096	5	2	2
4097	1	1	1
4097	6	1	1
4097	7	3	4
4097	12	1	1
4097	1	1	2
4098	5	2	2
4099	3	1	1
4100	5	2	2
4101	2	1	2
4101	2	1	1
4102	12	1	1
4102	6	1	1
4102	1	1	1
4102	1	1	2
4103	1	1	1
4103	2	1	1
4103	2	1	2
4104	1	1	1
4105	1	1	1
4105	6	1	1
4105	3	1	1
4106	3	1	1
4107	4	1	2
4108	3	1	1
4109	8	2	1
4110	8	2	1
4110	4	2	1
4111	3	1	1
4112	9	1	1
4113	3	1	1
4114	3	1	1
4115	5	2	2
4115	12	3	3
4116	3	1	1
4117	3	1	1
4118	6	1	1
4118	5	2	2
4118	3	1	1
4119	5	2	2
4120	3	1	1
4121	1	1	1
4122	6	1	1
4123	3	1	1
4124	3	1	1
4125	3	1	1
4126	3	1	1
4127	8	1	1
4127	8	1	2
4127	5	2	2
4128	2	1	1
4128	4	1	1
4128	2	3	2
4129	1	1	2
4129	1	1	1
4130	1	1	2
4130	10	2	1
4130	1	2	1
4131	7	1	1
4132	1	1	2
4132	1	1	1
4133	3	1	1
4134	3	1	1
4135	1	1	1
4135	1	1	2
4136	14	1	1
4137	1	1	2
4138	6	1	1
4139	5	2	2
4140	2	1	1
4141	4	3	3
4141	2	3	3
4141	2	1	1
4142	4	1	2
4142	7	3	3
4143	1	1	2
4143	1	1	1
4144	1	1	2
4144	1	1	1
4144	5	2	2
4144	4	1	2
4144	12	1	1
4144	2	1	1
4144	4	1	1
4145	6	1	1
4145	3	1	1
4146	4	3	2
4146	4	1	1
4146	2	3	2
4146	2	1	1
4146	1	1	1
4147	1	1	1
4147	1	1	2
4147	2	1	1
4148	2	1	1
4149	1	1	2
4149	1	1	1
4150	4	3	4
4150	5	2	2
4150	1	1	1
4150	4	1	2
4151	3	1	1
4152	1	1	1
4153	7	1	2
4153	7	1	1
4153	1	1	2
4153	1	1	1
4154	1	1	1
4154	4	1	2
4154	4	1	1
4154	1	1	2
4155	1	1	1
4155	1	1	2
4156	1	1	2
4156	1	1	1
4157	1	1	1
4157	1	3	3
4157	1	1	2
4158	1	1	1
4158	1	1	2
4159	8	1	1
4160	1	1	1
4160	1	1	2
4160	2	1	1
4160	2	1	2
4161	1	1	1
4161	1	1	2
4162	3	1	1
4163	3	1	1
4164	6	1	1
4165	3	2	1
4165	23	2	1
4165	2	2	1
4165	2	1	2
4166	4	1	1
4166	2	1	2
4166	3	1	1
4166	4	1	2
4166	1	1	1
4166	1	1	2
4166	2	1	1
4167	3	1	1
4168	3	1	1
4169	7	3	3
4169	8	1	2
4169	8	1	1
4169	6	1	1
4170	6	1	1
4171	3	1	1
4172	8	3	4
4173	1	3	3
4174	1	1	1
4174	1	1	2
4175	3	1	1
4175	1	1	1
4175	1	1	2
4176	1	3	3
4176	7	3	3
4177	2	2	1
4178	2	1	1
4179	3	1	1
4180	6	1	1
4180	3	1	1
4181	5	2	2
4182	1	1	1
4183	5	2	2
4183	1	1	1
4184	1	3	3
4184	1	1	1
4184	4	1	1
4184	1	1	2
4184	4	1	2
4185	3	1	1
4186	8	3	3
4186	8	1	2
4186	8	1	1
4187	3	1	1
4188	3	1	1
4189	3	1	1
4190	2	1	1
4190	4	1	1
4190	4	3	2
4191	3	1	1
4192	3	1	1
4193	3	1	1
4194	3	1	1
4194	4	1	1
4195	3	1	1
4196	4	2	1
4197	1	1	1
4198	3	1	1
4199	1	3	3
4199	1	1	2
4199	1	1	1
4200	3	1	1
4200	1	1	1
4201	12	3	3
4202	4	3	4
4203	4	3	4
4203	4	2	1
4203	4	1	2
4204	2	1	1
4204	2	1	2
4205	3	1	1
4206	2	2	1
4206	4	2	1
4206	2	1	2
4206	2	3	2
4207	1	1	1
4208	3	1	1
4209	2	1	1
4210	10	3	4
4211	6	1	1
4212	2	1	1
4212	4	1	1
4212	2	3	2
4212	40	4	5
4212	4	3	3
4212	4	4	5
4212	4	3	2
4212	21	4	5
4212	4	1	2
4212	2	1	2
4213	5	2	2
4214	5	2	2
4215	1	1	1
4215	1	1	2
4216	2	1	2
4216	5	2	2
4216	2	1	1
4216	1	1	2
4216	1	1	1
4217	1	1	1
4218	1	1	1
4219	3	1	1
4220	5	2	2
4221	1	1	1
4222	3	1	1
4223	5	2	2
4224	5	2	2
4225	3	1	1
4226	4	1	2
4226	1	1	1
4226	1	1	2
4227	2	3	2
4227	2	1	2
4227	4	1	1
4227	2	1	1
4228	3	1	1
4229	3	1	1
4230	1	1	1
4231	5	2	2
4232	3	1	1
4233	1	3	3
4234	3	1	1
4235	1	1	1
4235	2	1	1
4235	6	1	1
4236	6	2	1
4236	2	2	1
4237	1	1	1
4238	3	1	1
4239	3	1	1
4240	9	1	1
4240	6	1	1
4241	5	2	2
4242	1	1	2
4242	1	1	1
4243	6	1	1
4244	3	1	1
4244	6	1	1
4245	2	2	1
4246	5	2	2
4247	5	2	2
4247	2	2	1
4248	2	1	1
4249	3	1	1
4250	6	1	1
4250	9	1	1
4250	5	2	2
4251	4	1	1
4251	2	1	2
4251	4	1	2
4251	2	3	2
4251	2	1	1
4252	5	2	2
4253	3	1	1
4254	3	1	1
4255	3	1	1
4256	3	2	1
4256	4	2	1
4257	5	2	2
4258	5	2	2
4259	3	1	1
4259	5	2	2
4260	3	1	1
4260	1	1	1
4261	3	1	1
4262	1	1	1
4263	3	1	1
4264	5	2	2
4265	7	3	4
4266	7	1	1
4267	8	1	1
4268	1	1	1
4269	3	1	1
4270	8	1	1
4271	3	1	1
4272	1	1	1
4273	4	1	2
4274	4	1	2
4275	4	1	2
4276	25	3	4
4277	4	1	2
4278	4	1	2
4279	4	1	2
4280	4	1	2
4281	4	1	2
4282	4	1	2
4283	4	1	2
4284	4	1	2
4285	4	1	2
4286	4	1	2
4287	4	1	2
4288	4	1	2
4289	4	1	2
4290	4	1	2
4291	4	1	2
4292	4	1	2
4293	4	1	2
4294	4	1	2
4295	4	1	2
4296	4	1	2
4297	4	1	2
4298	4	1	2
4299	4	1	2
4300	4	1	2
4301	4	1	2
4302	4	1	2
4303	4	1	2
4304	4	1	2
4305	4	1	2
4306	4	1	2
4307	4	1	2
4308	4	1	2
4309	4	1	2
4310	4	1	2
4311	4	1	2
4312	4	1	2
4313	4	1	2
4314	4	1	2
4315	4	1	2
4316	4	1	2
4317	4	1	2
4318	4	1	2
4319	4	1	2
4320	4	1	2
4321	1	1	1
4322	4	1	2
4323	4	1	2
4324	4	1	2
4325	4	1	2
4326	4	1	2
4327	4	1	2
4328	4	1	2
4329	4	1	2
4330	4	1	2
4331	4	1	2
4332	4	1	2
4333	4	1	2
4334	5	2	2
4335	5	2	2
4336	44	4	5
4337	1	3	3
4338	1	1	2
4339	1	1	1
4339	1	1	2
4340	2	2	1
4340	4	2	1
4341	1	1	1
4341	1	1	2
4342	1	1	2
4343	25	3	4
4344	4	1	2
4345	4	1	2
4346	3	1	1
4347	4	1	2
4348	8	1	2
4349	6	1	1
4350	1	1	2
4351	1	3	3
4352	3	1	1
4353	1	1	2
4354	1	1	2
4355	1	1	2
4356	6	1	1
4357	1	1	2
4358	1	1	2
4359	1	1	2
4360	1	1	2
4361	5	2	2
4362	3	1	1
4363	2	3	3
4364	1	1	2
4365	3	1	1
4366	4	1	1
4367	20	1	1
4368	10	1	1
4368	1	1	1
4368	4	1	1
