uniprot,pfam_acc,domain,start,end
P55072,PF00004,AAA,241,371
P55072,PF00004,AAA,514,647
Q5HY92,PF00004,AAA,522,652
O15381,PF00004,AAA,618,748
O15381,PF00004,AAA,301,434
P01106,PF00010,HLH,355,407
Q96SQ7,PF00010,HLH,231,283
Q16082,PF00011,HSP20,66,163
P04792,PF00011,HSP20,87,184
Q9UBY9,PF00011,HSP20,74,170
Q12988,PF00011,HSP20,64,150
P0DMV8,PF00012,HSP70,6,612
Q06787,PF00013,KH_1,283,333
Q06787,PF00013,KH_1,220,280
A1L020,PF00013,KH_1,225,286
A1L020,PF00013,KH_1,132,195
Q8N9N2,PF00013,KH_1,92,149
Q9NZI8,PF00013,KH_1,278,345
Q9NZI8,PF00013,KH_1,197,262
Q9NZI8,PF00013,KH_1,407,472
Q9NZI8,PF00013,KH_1,489,555
P61978,PF00013,KH_1,389,453
P61978,PF00013,KH_1,146,211
P61978,PF00013,KH_1,44,105
Q6ZN04,PF00013,KH_1,162,223
Q6ZN04,PF00013,KH_1,67,129
Q07666,PF00013,KH_1,157,227
Q5U5Q3,PF00013,KH_1,328,389
Q5U5Q3,PF00013,KH_1,232,295
P05067,PF00014,Kunitz_BPTI,290,342
P16333,PF00017,SH2,282,356
O75791,PF00017,SH2,58,132
P06241,PF00017,SH2,149,231
P62993,PF00017,SH2,60,135
Q13094,PF00017,SH2,422,505
P16333,PF00018,SH3_1,196,244
P16333,PF00018,SH3_1,8,53
P78352,PF00018,SH3_1,434,490
P62993,PF00018,SH3_1,4,50
P62993,PF00018,SH3_1,162,207
O75791,PF00018,SH3_1,277,322
O75791,PF00018,SH3_1,4,48
P06241,PF00018,SH3_1,88,135
Q15811,PF00018,SH3_1,1161,1206
Q15811,PF00018,SH3_1,919,963
Q12906,PF00035,dsrm,526,588
Q12906,PF00035,dsrm,402,465
Q9NRR4,PF00035,dsrm,1261,1332
P55265,PF00035,dsrm,504,569
P55265,PF00035,dsrm,727,792
P55265,PF00035,dsrm,615,680
P02545,PF00038,Filament,30,386
O60500,PF00041,fn3,942,1025
P50222,PF00046,Homeodomain,188,244
Q6NT76,PF00046,Homeodomain,268,339
Q9UKY1,PF00046,Homeodomain,665,717
Q9UKY1,PF00046,Homeodomain,467,521
Q9UKY1,PF00046,Homeodomain,573,623
Q9UKY1,PF00046,Homeodomain,297,339
Q01826,PF00046,Homeodomain,645,702
O60479,PF00046,Homeodomain,130,186
Q12837,PF00046,Homeodomain,346,402
Q92737,PF00071,Ras,6,180
Q8WXF1,PF00076,RRM_1,84,148
Q8WXF1,PF00076,RRM_1,158,223
Q13151,PF00076,RRM_1,100,168
Q13151,PF00076,RRM_1,9,78
P08621,PF00076,RRM_1,105,175
Q01130,PF00076,RRM_1,16,86
P38159,PF00076,RRM_1,10,80
Q15056,PF00076,RRM_1,44,112
Q76FK4,PF00076,RRM_1,10,83
Q9NZI8,PF00076,RRM_1,83,150
Q9NZI8,PF00076,RRM_1,4,69
Q92804,PF00076,RRM_1,236,314
Q86V81,PF00076,RRM_1,108,177
Q9BQ04,PF00076,RRM_1,4,66
Q9BQ04,PF00076,RRM_1,80,142
P31483,PF00076,RRM_1,108,178
P31483,PF00076,RRM_1,9,77
P31483,PF00076,RRM_1,216,280
Q16630,PF00076,RRM_1,83,154
O75494,PF00076,RRM_1,12,82
Q93062,PF00076,RRM_1,26,89
Q13148,PF00076,RRM_1,106,172
Q13148,PF00076,RRM_1,193,243
Q01081,PF00076,RRM_1,82,141
Q96EP5,PF00076,RRM_1,115,184
Q96EP5,PF00076,RRM_1,12,81
P26599,PF00076,RRM_1,186,252
P26599,PF00076,RRM_1,456,521
P55795,PF00076,RRM_1,113,182
P55795,PF00076,RRM_1,291,358
P55795,PF00076,RRM_1,13,84
P09651,PF00076,RRM_1,16,85
P09651,PF00076,RRM_1,107,176
Q9Y580,PF00076,RRM_1,12,81
P23246,PF00076,RRM_1,373,440
P23246,PF00076,RRM_1,299,363
P33240,PF00076,RRM_1,18,88
Q9NW13,PF00076,RRM_1,116,185
Q9NW13,PF00076,RRM_1,6,74
Q9NW13,PF00076,RRM_1,337,410
Q96J87,PF00076,RRM_1,398,468
Q96J87,PF00076,RRM_1,136,204
Q96J87,PF00076,RRM_1,48,117
Q96PK6,PF00076,RRM_1,81,143
Q96PK6,PF00076,RRM_1,3,66
Q08170,PF00076,RRM_1,4,66
Q08170,PF00076,RRM_1,106,171
Q9NWB1,PF00076,RRM_1,119,187
P52597,PF00076,RRM_1,113,182
P52597,PF00076,RRM_1,291,358
Q14103,PF00076,RRM_1,99,168
Q14103,PF00076,RRM_1,184,255
Q07955,PF00076,RRM_1,18,85
Q07955,PF00076,RRM_1,123,186
Q15233,PF00076,RRM_1,76,140
Q15233,PF00076,RRM_1,150,217
Q15020,PF00076,RRM_1,803,872
Q15020,PF00076,RRM_1,706,775
P52298,PF00076,RRM_1,42,112
Q8NDT2,PF00076,RRM_1,339,408
Q8NDT2,PF00076,RRM_1,420,482
Q9NQZ3,PF00076,RRM_1,42,109
Q9NQZ3,PF00076,RRM_1,207,274
Q9NQZ3,PF00076,RRM_1,372,439
P84103,PF00076,RRM_1,12,77
P31942,PF00076,RRM_1,18,87
P31942,PF00076,RRM_1,197,264
P22626,PF00076,RRM_1,114,183
P22626,PF00076,RRM_1,23,92
O14979,PF00076,RRM_1,235,305
O14979,PF00076,RRM_1,150,219
Q9NR90,PF00076,RRM_1,42,109
Q99729,PF00076,RRM_1,71,140
Q99729,PF00076,RRM_1,155,224
Q01844,PF00076,RRM_1,363,441
P31943,PF00076,RRM_1,113,182
P31943,PF00076,RRM_1,291,358
P31943,PF00076,RRM_1,13,84
Q14966,PF00076,RRM_1,678,737
P57052,PF00076,RRM_1,12,81
Q13283,PF00076,RRM_1,342,406
P11940,PF00076,RRM_1,193,262
P11940,PF00076,RRM_1,101,168
P11940,PF00076,RRM_1,13,83
P11940,PF00076,RRM_1,296,364
Q14011,PF00076,RRM_1,8,78
Q13247,PF00076,RRM_1,4,66
Q13247,PF00076,RRM_1,112,177
P98179,PF00076,RRM_1,8,78
P51991,PF00076,RRM_1,128,199
P51991,PF00076,RRM_1,37,106
P26368,PF00076,RRM_1,261,331
P26368,PF00076,RRM_1,151,225
P26368,PF00076,RRM_1,399,460
Q9H0L4,PF00076,RRM_1,18,88
Q96T37,PF00076,RRM_1,376,445
Q96T37,PF00076,RRM_1,179,246
Q15717,PF00076,RRM_1,22,92
Q15717,PF00076,RRM_1,246,316
Q15717,PF00076,RRM_1,108,176
Q9UPS6,PF00076,RRM_1,108,175
P35637,PF00076,RRM_1,287,365
Q32P51,PF00076,RRM_1,16,85
Q32P51,PF00076,RRM_1,107,178
Q14151,PF00076,RRM_1,409,479
Q8N684,PF00076,RRM_1,84,156
O15047,PF00076,RRM_1,99,166
Q9BZC1,PF00076,RRM_1,154,222
Q9BZC1,PF00076,RRM_1,56,125
Q9BZC1,PF00076,RRM_1,430,473
Q8NG50,PF00076,RRM_1,27,90
O43390,PF00076,RRM_1,343,405
O43390,PF00076,RRM_1,167,235
O43390,PF00076,RRM_1,248,315
Q9Y4C8,PF00076,RRM_1,732,805
Q9Y4C8,PF00076,RRM_1,404,474
Q9Y4C8,PF00076,RRM_1,834,906
Q9Y4C8,PF00076,RRM_1,4,73
Q9Y4C8,PF00076,RRM_1,296,363
Q9Y4C8,PF00076,RRM_1,589,653
Q86U42,PF00076,RRM_1,174,243
Q15424,PF00076,RRM_1,409,478
Q9NTZ6,PF00076,RRM_1,858,928
Q9NTZ6,PF00076,RRM_1,432,501
Q9NTZ6,PF00076,RRM_1,547,614
Q01085,PF00076,RRM_1,99,169
Q01085,PF00076,RRM_1,11,79
Q01085,PF00076,RRM_1,207,271
Q86SG3,PF00076,RRM_1,42,109
Q86SG3,PF00076,RRM_1,207,274
O14746,PF00078,RVT_1,802,915
P00441,PF00080,Sod_Cu,9,150
Q9H165,PF00096,zf-C2H2,742,764
Q9H165,PF00096,zf-C2H2,378,399
Q9H165,PF00096,zf-C2H2,800,823
Q9H165,PF00096,zf-C2H2,770,792
Q9H165,PF00096,zf-C2H2,405,427
Q96GC6,PF00096,zf-C2H2,591,613
Q96GC6,PF00096,zf-C2H2,535,557
Q96GC6,PF00096,zf-C2H2,619,641
Q96GC6,PF00096,zf-C2H2,563,585
Q92766,PF00096,zf-C2H2,125,147
Q92766,PF00096,zf-C2H2,1246,1268
Q92766,PF00096,zf-C2H2,97,119
Q92766,PF00096,zf-C2H2,1540,1562
Q92766,PF00096,zf-C2H2,1393,1415
P49711,PF00096,zf-C2H2,322,345
P49711,PF00096,zf-C2H2,294,316
P49711,PF00096,zf-C2H2,266,288
P49711,PF00096,zf-C2H2,379,401
P49711,PF00096,zf-C2H2,555,575
P49711,PF00096,zf-C2H2,437,460
Q9H116,PF00096,zf-C2H2,435,457
Q9H116,PF00096,zf-C2H2,575,597
Q9H116,PF00096,zf-C2H2,491,513
Q9H116,PF00096,zf-C2H2,348,371
Q9H116,PF00096,zf-C2H2,519,541
P19544,PF00096,zf-C2H2,353,377
P19544,PF00096,zf-C2H2,383,405
P10071,PF00096,zf-C2H2,607,632
P10071,PF00096,zf-C2H2,513,540
P10071,PF00096,zf-C2H2,546,570
P10071,PF00096,zf-C2H2,576,601
P25490,PF00096,zf-C2H2,383,407
P25490,PF00096,zf-C2H2,325,347
P25490,PF00096,zf-C2H2,353,377
P08047,PF00096,zf-C2H2,656,680
P08047,PF00096,zf-C2H2,686,708
P08047,PF00096,zf-C2H2,626,650
Q06587,PF00097,zf-C3HC4,48,87
Q8N567,PF00098,zf-CCHC,184,201
Q8N567,PF00098,zf-CCHC,211,228
Q6ZN17,PF00098,zf-CCHC,127,144
Q6ZN17,PF00098,zf-CCHC,149,166
Q8N3Z6,PF00098,zf-CCHC,241,258
Q9H9Z2,PF00098,zf-CCHC,137,154
Q9BQ04,PF00098,zf-CCHC,160,177
P10276,PF00104,Hormone_recep,224,401
P13056,PF00104,Hormone_recep,378,574
P03372,PF00104,Hormone_recep,332,531
P10276,PF00105,zf-C4,86,155
P13056,PF00105,zf-C4,111,180
P03372,PF00105,zf-C4,183,252
Q07889,PF00125,Histone,40,169
P52824,PF00130,C1_1,184,237
P52824,PF00130,C1_1,61,110
O60563,PF00134,Cyclin_N,10,149
Q96S94,PF00134,Cyclin_N,55,192
Q9UK58,PF00134,Cyclin_N,56,197
P36873,PF00149,Metallophos,57,252
P62140,PF00149,Metallophos,56,251
Q12837,PF00157,Pou,253,327
P49792,PF00160,Pro_isomerase,3067,3223
O43447,PF00160,Pro_isomerase,14,176
Q08752,PF00160,Pro_isomerase,19,183
Q13427,PF00160,Pro_isomerase,11,176
Q9NV31,PF00163,Ribosomal_S4,4,123
Q96PV0,PF00168,C2,262,365
Q15811,PF00168,C2,1596,1696
Q07889,PF00169,PH,428,546
P46100,PF00176,SNF2_N,1536,1889
P51531,PF00176,SNF2_N,710,1022
P51532,PF00176,SNF2_N,728,1052
Q9P2D1,PF00176,SNF2_N,932,1258
Q15723,PF00178,Ets,209,290
Q99607,PF00178,Ets,210,291
P63279,PF00179,UQ_con,8,152
P23396,PF00189,Ribosomal_S3_C,105,188
Q16790,PF00194,Carb_anhydrase,140,389
P11388,PF00204,DNA_gyraseB,266,430
Q96Q89,PF00225,Kinesin,64,479
Q5F1R6,PF00226,DnaJ,3,66
P25685,PF00226,DnaJ,4,65
Q9UHD9,PF00240,ubiquitin,33,105
Q9H8H2,PF00270,DEAD,255,432
Q96GQ7,PF00270,DEAD,242,412
P38919,PF00270,DEAD,62,228
Q92841,PF00270,DEAD,195,366
Q9H6R0,PF00270,DEAD,68,240
P54132,PF00270,DEAD,669,841
Q7L014,PF00270,DEAD,396,570
Q9NQI0,PF00270,DEAD,312,491
Q14191,PF00270,DEAD,550,713
Q8N3C0,PF00270,DEAD,478,657
Q8N3C0,PF00270,DEAD,1328,1500
Q9H2U1,PF00270,DEAD,210,376
Q92499,PF00270,DEAD,26,418
Q9NVP1,PF00270,DEAD,203,374
P17844,PF00270,DEAD,118,289
P26196,PF00270,DEAD,120,287
P42285,PF00270,DEAD,141,292
Q9NR30,PF00270,DEAD,210,385
Q9H0S4,PF00270,DEAD,48,215
O00571,PF00270,DEAD,204,392
P46100,PF00271,Helicase_C,2018,2155
Q9NQI0,PF00271,Helicase_C,526,635
Q9H8H2,PF00271,Helicase_C,493,623
Q14191,PF00271,Helicase_C,748,859
Q96GQ7,PF00271,Helicase_C,449,558
Q8N3C0,PF00271,Helicase_C,1545,1694
Q8N3C0,PF00271,Helicase_C,699,857
Q9H2U1,PF00271,Helicase_C,472,607
P38919,PF00271,Helicase_C,263,372
Q92841,PF00271,Helicase_C,401,513
Q92499,PF00271,Helicase_C,488,610
P51531,PF00271,Helicase_C,1050,1164
Q9NVP1,PF00271,Helicase_C,411,520
P17844,PF00271,Helicase_C,324,436
P26196,PF00271,Helicase_C,320,429
Q9H6R0,PF00271,Helicase_C,267,410
P42285,PF00271,Helicase_C,373,528
Q9NR30,PF00271,Helicase_C,425,532
Q9H0S4,PF00271,Helicase_C,249,358
P54132,PF00271,Helicase_C,874,984
O00571,PF00271,Helicase_C,426,536
Q7L014,PF00271,Helicase_C,604,714
P51532,PF00271,Helicase_C,1080,1194
Q9P2D1,PF00271,Helicase_C,1290,1404
P62750,PF00276,Ribosomal_L23,75,148
P62913,PF00281,Ribosomal_L5,10,63
Q8IU60,PF00293,NUDIX,95,221
Q9Y2V2,PF00313,CSD,63,129
Q6ZN17,PF00313,CSD,30,102
Q9H9Z2,PF00313,CSD,40,112
P23771,PF00320,GATA,263,297
P23771,PF00320,GATA,317,351
Q8WXI9,PF00320,GATA,420,454
Q86YP4,PF00320,GATA,417,451
P17931,PF00337,Gal-bind_lectin,117,247
P20592,PF00350,Dynamin_N,121,296
P04156,PF00377,Prion,134,252
P45973,PF00385,Chromo,20,69
O00257,PF00385,Chromo,11,60
Q9P2D1,PF00385,Chromo,882,935
Q9P2D1,PF00385,Chromo,800,862
Q14781,PF00385,Chromo,12,61
Q6IMN6,PF00386,C1q,999,1124
Q13526,PF00397,WW,7,37
O75554,PF00397,WW,165,194
O75554,PF00397,WW,124,153
Q9UNQ2,PF00398,RrnaAD,27,274
Q9NRG9,PF00400,WD40,235,273
Q9BUR4,PF00400,WD40,357,396
Q9BUR4,PF00400,WD40,263,304
Q8NI36,PF00400,WD40,612,650
Q8NI36,PF00400,WD40,152,188
Q8TEQ6,PF00400,WD40,629,668
Q8TEQ6,PF00400,WD40,54,95
Q8TEQ6,PF00400,WD40,185,255
Q15061,PF00400,WD40,115,154
Q15061,PF00400,WD40,157,194
O43660,PF00400,WD40,194,232
O43660,PF00400,WD40,278,316
O43660,PF00400,WD40,236,274
O43660,PF00400,WD40,320,358
O43660,PF00400,WD40,403,440
Q13610,PF00400,WD40,375,414
Q13610,PF00400,WD40,246,285
P63244,PF00400,WD40,95,133
P63244,PF00400,WD40,53,91
P63244,PF00400,WD40,136,178
P63244,PF00400,WD40,182,220
P63244,PF00400,WD40,224,260
P63244,PF00400,WD40,5,44
P63244,PF00400,WD40,273,311
Q9NV06,PF00400,WD40,57,95
Q9NV06,PF00400,WD40,99,137
Q9NV06,PF00400,WD40,317,353
Q9GZL7,PF00400,WD40,247,284
Q9GZL7,PF00400,WD40,288,325
Q9GZL7,PF00400,WD40,334,371
Q9GZL7,PF00400,WD40,179,217
Q9GZL7,PF00400,WD40,130,171
Q969H0,PF00400,WD40,611,650
Q969H0,PF00400,WD40,531,567
Q969H0,PF00400,WD40,370,407
Q969H0,PF00400,WD40,451,487
Q969H0,PF00400,WD40,491,527
Q969H0,PF00400,WD40,411,447
Q969H0,PF00400,WD40,571,607
Q09028,PF00400,WD40,263,302
Q09028,PF00400,WD40,308,346
Q09028,PF00400,WD40,364,403
Q09028,PF00400,WD40,167,206
Q09028,PF00400,WD40,218,256
Q6RFH5,PF00400,WD40,259,297
Q969X6,PF00400,WD40,95,129
Q9BV38,PF00400,WD40,259,297
Q9BV38,PF00400,WD40,111,149
Q9BV38,PF00400,WD40,163,202
P55735,PF00400,WD40,47,87
P55735,PF00400,WD40,202,244
P55735,PF00400,WD40,93,131
P55735,PF00400,WD40,4,41
P55735,PF00400,WD40,254,290
P10636,PF00418,Tubulin-binding,592,622
P10636,PF00418,Tubulin-binding,654,685
P10636,PF00418,Tubulin-binding,623,653
P10636,PF00418,Tubulin-binding,561,591
Q13342,PF00439,Bromodomain,766,840
O60885,PF00439,Bromodomain,67,152
O60885,PF00439,Bromodomain,357,445
P51532,PF00439,Bromodomain,1462,1551
P51531,PF00439,Bromodomain,1411,1493
Q0WX57,PF00443,UCH,80,372
Q9P275,PF00443,UCH,122,420
P61011,PF00448,SRP54,101,296
Q9UKD2,PF00466,Ribosomal_L10,18,121
Q14676,PF00498,FHA,54,124
O76064,PF00498,FHA,38,109
Q96EZ8,PF00498,FHA,363,436
O60934,PF00498,FHA,24,100
P46013,PF00498,FHA,27,91
Q96EP1,PF00498,FHA,38,106
P48436,PF00505,HMG_box,105,173
Q9NQB0,PF00505,HMG_box,350,418
P23497,PF00505,HMG_box,769,837
Q969G3,PF00505,HMG_box,66,134
P17480,PF00505,HMG_box,112,180
P17480,PF00505,HMG_box,407,471
P17480,PF00505,HMG_box,196,264
Q05066,PF00505,HMG_box,60,128
Q14974,PF00514,Arm,399,437
P52292,PF00514,Arm,324,364
P52292,PF00514,Arm,193,238
P52292,PF00514,Arm,151,191
P52292,PF00514,Arm,366,406
P52292,PF00514,Arm,108,149
P52292,PF00514,Arm,409,448
P52292,PF00514,Arm,241,280
P52292,PF00514,Arm,282,322
P11388,PF00521,DNA_topoisoIV,713,1172
Q16082,PF00525,Crystallin,10,54
Q9BYB0,PF00536,SAM_1,1666,1729
Q7Z6G8,PF00536,SAM_1,882,946
Q7Z6G8,PF00536,SAM_1,808,874
Q04206,PF00554,RHD_DNA_bind,21,186
Q9UQ80,PF00557,Peptidase_M24,19,295
Q9H9Y6,PF00562,RNA_pol_Rpb2_6,670,1031
Q13501,PF00564,PB1,21,102
Q14596,PF00564,PB1,4,85
Q9NSB8,PF00568,WH1,1,107
O00401,PF00568,WH1,31,138
Q13501,PF00569,ZZ,122,165
Q14596,PF00569,ZZ,212,253
P54132,PF00570,HRDC,1215,1282
Q14191,PF00570,HRDC,1153,1219
Q9Y3R0,PF00595,PDZ,152,235
Q9Y3R0,PF00595,PDZ,673,752
Q9Y3R0,PF00595,PDZ,573,655
Q9Y3R0,PF00595,PDZ,53,133
Q9Y3R0,PF00595,PDZ,252,333
Q9Y3R0,PF00595,PDZ,1004,1083
P78352,PF00595,PDZ,65,149
P78352,PF00595,PDZ,313,391
P78352,PF00595,PDZ,160,244
O14641,PF00595,PDZ,267,352
P52824,PF00609,DAGK_acc,741,893
O14641,PF00610,DEP,436,505
P41220,PF00615,RGS,83,198
O15169,PF00615,RGS,88,210
Q96PV0,PF00616,RasGAP,532,635
Q96PV0,PF00616,RasGAP,464,541
P21359,PF00616,RasGAP,1324,1451
Q07889,PF00617,RasGEF,783,962
Q07889,PF00618,RasGEF_N,600,717
O60936,PF00619,CARD,9,96
Q15811,PF00621,RhoGEF,1241,1421
Q07889,PF00621,RhoGEF,211,388
Q00839,PF00622,SPRY,333,462
P19474,PF00622,SPRY,341,461
Q86WT6,PF00622,SPRY,377,489
Q9BUJ2,PF00622,SPRY,256,386
Q92499,PF00622,SPRY,132,245
P24928,PF00623,RNA_pol_Rpb1_2,356,521
P78352,PF00625,Guanylate_kin,533,711
Q9UHD9,PF00627,UBA,581,618
Q6ZMT4,PF00628,PHD,39,88
Q9P0U4,PF00628,PHD,28,76
Q8IZD2,PF00628,PHD,120,166
P29375,PF00628,PHD,295,343
P29375,PF00628,PHD,1163,1218
O75151,PF00628,PHD,7,56
Q7L622,PF00632,HECT,409,696
Q9NRR4,PF00636,Ribonuclease_3,1144,1233
P49792,PF00638,Ran_BP1,2922,3043
P49792,PF00638,Ran_BP1,1183,1304
P49792,PF00638,Ran_BP1,2024,2145
P49792,PF00638,Ran_BP1,2321,2442
Q9UKX7,PF00638,Ran_BP1,347,468
Q13526,PF00639,Rotamase,59,163
Q7Z6G8,PF00640,PID,1062,1192
P49792,PF00641,zf-RanBP,1606,1635
P49792,PF00641,zf-RanBP,1665,1694
P49792,PF00641,zf-RanBP,1781,1810
P49792,PF00641,zf-RanBP,1479,1508
P49792,PF00641,zf-RanBP,1543,1572
P49792,PF00641,zf-RanBP,1415,1444
P49792,PF00641,zf-RanBP,1724,1753
P49792,PF00641,zf-RanBP,1351,1381
Q00987,PF00641,zf-RanBP,299,328
P49790,PF00641,zf-RanBP,722,751
P49790,PF00641,zf-RanBP,851,880
P49790,PF00641,zf-RanBP,657,687
P49790,PF00641,zf-RanBP,793,822
Q92804,PF00641,zf-RanBP,354,385
P35637,PF00641,zf-RanBP,422,453
Q01844,PF00641,zf-RanBP,518,549
Q96GM8,PF00642,zf-CCCH,296,321
Q01081,PF00642,zf-CCCH,13,39
Q01081,PF00642,zf-CCCH,149,175
P61129,PF00642,zf-CCCH,302,327
Q9HBD1,PF00642,zf-CCCH,411,437
P26651,PF00642,zf-CCCH,104,130
P26651,PF00642,zf-CCCH,142,168
Q07352,PF00642,zf-CCCH,115,141
Q07352,PF00642,zf-CCCH,153,178
P29590,PF00643,zf-B_box,124,166
P19474,PF00643,zf-B_box,87,128
Q9NR21,PF00644,PARP,147,338
Q8NHM5,PF00646,F-box,1050,1107
Q9H116,PF00651,BTB,21,133
Q14145,PF00651,BTB,67,179
O43791,PF00651,BTB,190,297
P11940,PF00658,PABP,547,614
P62913,PF00673,Ribosomal_L5_C,67,165
O76021,PF00687,Ribosomal_L1,43,259
O15527,PF00730,HhH-GPD,142,301
P39748,PF00752,XPG_N,1,107
O15169,PF00778,DIX,781,860
O14641,PF00778,DIX,12,91
P52824,PF00781,DAGK_cat,588,712
P60484,PF00782,DSPc,67,173
O75319,PF00782,DSPc,124,249
O00401,PF00786,PBD,202,261
P52824,PF00788,RA,395,494
Q14671,PF00806,PUF,996,1030
Q14671,PF00806,PUF,852,886
Q14671,PF00806,PUF,924,957
Q14671,PF00806,PUF,1032,1066
Q14671,PF00806,PUF,1112,1145
Q14671,PF00806,PUF,1068,1102
Q14671,PF00806,PUF,889,921
Q14671,PF00806,PUF,960,992
Q13761,PF00853,Runt,55,184
Q8IZD2,PF00856,SET,155,447
Q9UPS6,PF00856,SET,1838,1944
O15047,PF00856,SET,1579,1685
P39748,PF00867,XPG_I,146,233
P04637,PF00870,P53,99,289
O43791,PF00917,MATH,38,163
Q9H9L3,PF00929,RNase_T,180,335
Q504Q3,PF00929,RNase_T,975,1147
Q8IV48,PF00929,RNase_T,131,306
P02545,PF00932,LTD,433,545
A4D1E9,PF01018,GTP1_OBG,16,143
Q96FQ6,PF01023,S_100,8,51
P11387,PF01028,Topoisom_I,432,665
P20592,PF01031,Dynamin_M,307,594
P01106,PF01056,Myc_N,1,345
Q06265,PF01138,RNase_PH,31,163
Q15024,PF01138,RNase_PH,31,166
Q9NQT4,PF01138,RNase_PH,27,147
P55769,PF01248,Ribosomal_L7Ae,20,114
P22087,PF01269,Fibrillarin,88,315
Q8WXF8,PF01335,DED,26,108
P27694,PF01336,tRNA_anti-codon,197,286
P23497,PF01342,SAND,599,675
Q13342,PF01342,SAND,584,660
Q14145,PF01344,Kelch_1,506,551
Q14145,PF01344,Kelch_1,553,598
Q14145,PF01344,Kelch_1,361,410
Q14145,PF01344,Kelch_1,459,504
Q14145,PF01344,Kelch_1,412,457
Q14145,PF01344,Kelch_1,318,359
Q96GC6,PF01352,KRAB,13,54
Q96GC6,PF01352,KRAB,286,327
P29375,PF01388,ARID,86,170
P45973,PF01393,Chromo_shadow,122,174
Q14152,PF01399,PCI,365,495
Q9UK45,PF01423,LSM,13,86
P62312,PF01423,LSM,10,75
O15116,PF01423,LSM,8,76
Q9Y4Y9,PF01423,LSM,16,84
Q9Y333,PF01423,LSM,5,72
Q9Y4Z0,PF01423,LSM,5,71
P62310,PF01423,LSM,19,97
Q8TCF1,PF01428,zf-AN1,10,48
Q8TCF1,PF01428,zf-AN1,64,102
O60832,PF01472,PUA,297,370
Q9NV31,PF01479,S4,109,156
Q8IYB3,PF01480,PWI,46,117
Q9Y4X5,PF01485,IBR,256,317
Q9Y4X5,PF01485,IBR,322,389
Q14764,PF01505,Vault,113,154
Q14764,PF01505,Vault,324,368
Q14764,PF01505,Vault,166,207
Q14764,PF01505,Vault,219,262
O60832,PF01509,TruB_N,110,226
P25685,PF01556,DnaJ_C,164,323
P18583,PF01585,G-patch,2305,2349
Q14191,PF01612,DNA_pol_A_exo1,57,230
P06730,PF01652,IF4E,38,197
Q8IY81,PF01728,FtsJ,24,200
Q8TBZ6,PF01746,tRNA_m1G_MT,110,276
P52292,PF01749,IBB,13,98
P11388,PF01751,Toprim,456,572
Q9NPH5,PF01794,Ferric_reduct,58,205
Q8WWY3,PF01798,Nop,99,330
O00567,PF01798,Nop,174,407
P40337,PF01847,VHL,63,144
Q92993,PF01853,MOZ_SAS,288,471
O95707,PF01868,UPF0086,128,210
Q8NDF8,PF01909,NTP_transf_2,145,257
Q13823,PF01926,MMR_HSR1,312,428
A4D1E9,PF01926,MMR_HSR1,150,279
Q9BVP2,PF01926,MMR_HSR1,256,367
Q9NTK5,PF01926,MMR_HSR1,24,231
Q9NVN8,PF01926,MMR_HSR1,254,351
Q9H089,PF01926,MMR_HSR1,388,473
Q8NHM5,PF02008,zf-CXXC,605,651
Q9P0U4,PF02008,zf-CXXC,160,208
Q04637,PF02020,W2,1520,1599
P78344,PF02020,W2,826,904
Q96GC6,PF02023,SCAN,157,246
Q00839,PF02037,SAP,8,42
Q15424,PF02037,SAP,31,65
Q8IV48,PF02037,SAP,76,110
Q9BUJ2,PF02037,SAP,3,37
Q13435,PF02037,SAP,24,58
Q14151,PF02037,SAP,30,64
Q92777,PF02078,Synapsin,111,212
P17600,PF02078,Synapsin,111,212
Q13283,PF02136,NTF2,11,133
P55265,PF02137,A_deamin,886,1215
Q96EB6,PF02146,SIR2,261,447
Q9NRC8,PF02146,SIR2,132,275
P03372,PF02159,Oest_recep,42,181
P19544,PF02165,WT1,1,321
Q9H9G7,PF02170,PAZ,232,366
Q9UKV8,PF02170,PAZ,231,365
Q9UL18,PF02170,PAZ,229,363
Q9H9G7,PF02171,Piwi,518,819
Q9UKV8,PF02171,Piwi,517,818
Q9UL18,PF02171,Piwi,515,816
P05067,PF02177,APP_N,31,131
Q9NZ56,PF02181,FH2,1283,1673
Q9BZJ0,PF02184,HAT,357,388
Q9BZJ0,PF02184,HAT,256,288
Q86YR5,PF02188,GoLoco,496,517
Q86YR5,PF02188,GoLoco,597,618
Q86YR5,PF02188,GoLoco,549,569
Q86YR5,PF02188,GoLoco,631,652
Q00987,PF02201,SWIB,26,101
O00401,PF02205,WH2,403,428
O00401,PF02205,WH2,430,455
P20592,PF02212,GED,618,709
P55265,PF02295,z-alpha,135,201
P55265,PF02295,z-alpha,295,359
Q07021,PF02330,MAM33,86,279
P55072,PF02359,CDC48_N,25,108
Q6ZMT4,PF02373,JmjC,269,369
P29375,PF02373,JmjC,470,586
O75151,PF02373,JmjC,236,336
O15550,PF02373,JmjC,1133,1241
P29375,PF02375,JmjN,20,53
Q01826,PF02376,CUT,489,568
Q01826,PF02376,CUT,366,445
O14641,PF02377,Dishevelled,109,263
Q8IY18,PF02463,SMC_N,52,1070
Q96SB8,PF02463,SMC_N,47,1071
Q9Y657,PF02513,Spin-Ssty,54,103
Q9Y657,PF02513,Spin-Ssty,133,182
Q9Y657,PF02513,Spin-Ssty,214,259
P11388,PF02518,HATPase_c,76,225
Q96ST3,PF02671,PAH,142,186
Q96ST3,PF02671,PAH,323,380
Q96ST3,PF02671,PAH,478,522
Q96NY9,PF02732,ERCC4,273,415
Q96AY2,PF02732,ERCC4,256,439
Q92777,PF02750,Synapsin_C,214,416
P17600,PF02750,Synapsin_C,214,416
Q9NR21,PF02825,WWE,34,106
Q9H1I8,PF02845,CUE,468,509
Q04637,PF02847,MA3,1242,1354
Q9HCG8,PF02847,MA3,455,561
P78344,PF02847,MA3,544,657
Q5C9Z4,PF02847,MA3,655,761
Q09161,PF02854,MIF4G,28,240
Q04637,PF02854,MIF4G,761,989
P78344,PF02854,MIF4G,78,308
Q5C9Z4,PF02854,MIF4G,362,559
P61011,PF02881,SRP54_N,6,83
Q8N3C0,PF02889,Sec63,978,1286
Q8N3C0,PF02889,Sec63,1812,2176
O75925,PF02891,zf-MIZ,331,380
O75928,PF02891,zf-MIZ,342,391
Q9Y6X2,PF02891,zf-MIZ,323,372
Q8N2W9,PF02891,zf-MIZ,322,371
Q9HC62,PF02902,Peptidase_C48,409,588
Q96HI0,PF02902,Peptidase_C48,581,753
Q9H4L4,PF02902,Peptidase_C48,400,572
P11387,PF02919,Topoisom_I_N,215,429
P29375,PF02928,zf-C5HC2,676,728
P55072,PF02933,CDC48_2,125,191
P61011,PF02978,SRP_SPB,326,431
Q96S94,PF02984,Cyclin_C,195,308
Q9UK58,PF02984,Cyclin_C,200,312
Q9GZQ8,PF02991,Atg8,15,120
Q9UN81,PF02994,Transposase_22,155,252
Q3ZCQ8,PF03031,NIF,148,295
P06748,PF03066,Nucleoplasmin,18,117
Q16236,PF03131,bZIP_Maf,468,561
Q8WZ33,PF03148,Tektin,43,115
Q9H0D6,PF03159,XRN_N,1,254
Q8IZH2,PF03159,XRN_N,1,227
P23497,PF03172,HSR,49,147
Q13342,PF03172,HSR,38,136
Q8WUM0,PF03177,Nucleoporin_C,594,1024
O95232,PF03194,LUC7,3,295
P61236,PF03226,Yippee-Mis18,20,118
Q96NS1,PF03226,Yippee-Mis18,27,127
Q96QA6,PF03226,Yippee-Mis18,19,118
Q8N884,PF03281,Mab-21,214,510
Q9UER7,PF03344,Daxx,48,146
P55060,PF03378,CAS_CSE1,527,962
O60318,PF03399,SAC3_GANP,635,929
P05067,PF03494,Beta-APP,675,713
P46783,PF03501,S10_plectin,3,98
Q13428,PF03546,Treacle,422,899
Q13428,PF03546,Treacle,316,427
Q13428,PF03546,Treacle,864,958
Q13428,PF03546,Treacle,248,330
Q92979,PF03587,EMG1,45,238
Q9Y221,PF03657,UPF0113,96,175
Q06265,PF03725,RNase_PH_C,189,255
Q15024,PF03725,RNase_PH_C,196,262
Q9NQT4,PF03725,RNase_PH_C,150,216
Q14974,PF03810,IBN_N,21,101
O14980,PF03810,IBN_N,46,112
P55060,PF03810,IBN_N,29,102
Q92973,PF03810,IBN_N,41,109
Q8NDF8,PF03828,PAP_assoc,308,368
Q96F86,PF03853,YjeF_N,301,467
P62750,PF03939,Ribosomal_L23eN,17,67
O43663,PF03999,MAP65_ASE1,35,615
Q13901,PF04000,Sas10_Utp3,17,96
Q8NEJ9,PF04000,Sas10_Utp3,18,98
Q15061,PF04003,Utp12,473,577
O00566,PF04006,Mpp10,20,654
Q9Y4W2,PF04031,Las1,43,187
Q9H633,PF04032,Rpr2,13,96
Q13435,PF04037,DUF382,470,596
Q13435,PF04046,PSP,605,655
A5YKK6,PF04054,Not1,1998,2357
P27694,PF04057,Rep-A_N,5,104
P52948,PF04096,Nucleoporin2,738,885
Q8N1F7,PF04097,Nic96,214,804
P57740,PF04121,Nup84_Nup100,209,908
Q9NPE3,PF04135,Nop10p,3,52
Q9Y5A9,PF04146,YTH,410,545
Q96MU7,PF04146,YTH,355,432
Q96MU7,PF04146,YTH,431,493
Q7Z739,PF04146,YTH,416,491
Q7Z739,PF04146,YTH,488,551
Q9BYJ9,PF04146,YTH,389,524
Q9NV06,PF04158,Sof1,354,440
Q8NI36,PF04192,Utp21,724,947
Q9H2U1,PF04408,HA2,670,759
Q9H6R0,PF04408,HA2,471,562
Q96G21,PF04427,Brix,90,257
Q9H7B2,PF04427,Brix,38,227
Q9C086,PF04438,zf-HIT,305,336
Q96EV8,PF04440,Dysbindin,175,320
Q07352,PF04553,Tis11B_N,1,106
Q9H9Y6,PF04560,RNA_pol_Rpb2_7,1033,1135
Q9H9Y6,PF04561,RNA_pol_Rpb2_2,186,375
Q9H9Y6,PF04563,RNA_pol_Rpb2_1,37,422
Q9H9Y6,PF04565,RNA_pol_Rpb2_3,455,520
Q99720,PF04622,ERG2_Sigma1R,12,217
Q0WX57,PF04774,HABP4_PAI-RBP1,365,457
Q5JVS0,PF04774,HABP4_PAI-RBP1,212,316
Q9C086,PF04795,PAPA-1,211,290
Q6NT76,PF04814,HNF-1_N,25,227
Q96GM8,PF04857,CAF1,39,172
Q96GM8,PF04857,CAF1,166,451
O95453,PF04857,CAF1,3,390
O75683,PF04935,SURF6,139,341
P24928,PF04983,RNA_pol_Rpb1_3,524,692
P24928,PF04990,RNA_pol_Rpb1_7,1164,1299
P24928,PF04992,RNA_pol_Rpb1_6,896,1079
P24928,PF04997,RNA_pol_Rpb1_1,15,354
P24928,PF04998,RNA_pol_Rpb1_5,830,1427
P24928,PF05000,RNA_pol_Rpb1_4,716,823
P24928,PF05001,RNA_pol_Rpb1_R,1861,1874
P24928,PF05001,RNA_pol_Rpb1_R,1941,1954
P24928,PF05001,RNA_pol_Rpb1_R,1855,1867
P24928,PF05001,RNA_pol_Rpb1_R,1917,1930
P24928,PF05001,RNA_pol_Rpb1_R,1868,1881
P24928,PF05001,RNA_pol_Rpb1_R,1742,1755
P24928,PF05001,RNA_pol_Rpb1_R,1896,1909
P24928,PF05001,RNA_pol_Rpb1_R,1770,1783
P24928,PF05001,RNA_pol_Rpb1_R,1904,1916
P24928,PF05001,RNA_pol_Rpb1_R,1630,1643
P24928,PF05001,RNA_pol_Rpb1_R,1910,1923
P24928,PF05001,RNA_pol_Rpb1_R,1763,1776
P24928,PF05001,RNA_pol_Rpb1_R,1749,1762
P24928,PF05001,RNA_pol_Rpb1_R,1735,1748
P24928,PF05001,RNA_pol_Rpb1_R,1778,1790
P24928,PF05001,RNA_pol_Rpb1_R,1833,1846
P24928,PF05001,RNA_pol_Rpb1_R,1847,1860
P24928,PF05001,RNA_pol_Rpb1_R,1616,1629
P24928,PF05001,RNA_pol_Rpb1_R,1784,1797
P24928,PF05001,RNA_pol_Rpb1_R,1644,1657
P24928,PF05001,RNA_pol_Rpb1_R,1651,1664
P24928,PF05001,RNA_pol_Rpb1_R,1658,1671
P24928,PF05001,RNA_pol_Rpb1_R,1672,1685
P24928,PF05001,RNA_pol_Rpb1_R,1700,1713
P24928,PF05001,RNA_pol_Rpb1_R,1714,1727
P24928,PF05001,RNA_pol_Rpb1_R,1721,1734
P24928,PF05001,RNA_pol_Rpb1_R,1728,1741
P24928,PF05001,RNA_pol_Rpb1_R,1665,1678
P24928,PF05001,RNA_pol_Rpb1_R,1679,1692
P24928,PF05001,RNA_pol_Rpb1_R,1686,1699
P24928,PF05001,RNA_pol_Rpb1_R,1693,1706
P24928,PF05001,RNA_pol_Rpb1_R,1707,1720
P24928,PF05001,RNA_pol_Rpb1_R,1791,1804
P24928,PF05001,RNA_pol_Rpb1_R,1924,1936
P24928,PF05001,RNA_pol_Rpb1_R,1798,1811
P24928,PF05001,RNA_pol_Rpb1_R,1889,1902
P24928,PF05001,RNA_pol_Rpb1_R,1931,1947
P24928,PF05001,RNA_pol_Rpb1_R,1805,1818
P24928,PF05001,RNA_pol_Rpb1_R,1756,1769
P24928,PF05001,RNA_pol_Rpb1_R,1840,1853
P24928,PF05001,RNA_pol_Rpb1_R,1826,1839
P24928,PF05001,RNA_pol_Rpb1_R,1948,1960
Q14978,PF05022,SRP40_C,624,696
Q8IU60,PF05026,DCP2,11,93
O75177,PF05030,SSXT,13,74
Q86U44,PF05063,MT-A70,389,550
P51816,PF05110,AF-4,18,535
Q9H0A0,PF05127,Helicase_RecD,281,488
Q9NRN9,PF05175,MTS,35,177
Q9NVU7,PF05285,SDA1,409,532
Q9NVU7,PF05285,SDA1,521,685
Q13895,PF05291,Bystin,141,431
Q9NYV6,PF05327,RRN3,50,586
Q71RC2,PF05383,La,123,179
Q15020,PF05391,Lsm_interact,944,962
Q9NVV9,PF05485,THAP,5,81
Q06787,PF05641,Agenet,62,117
P33076,PF05729,NACHT,414,585
Q99848,PF05890,Ebp2,18,298
Q14684,PF05997,Nop52,10,218
P56182,PF05997,Nop52,11,219
Q16637,PF06003,SMN,26,293
Q9NPI6,PF06058,DCP1,8,124
Q8IZD4,PF06058,DCP1,13,129
Q9Y230,PF06068,TIP49,21,365
Q9NTK5,PF06071,YchF-GTPase_C,305,388
Q96EU6,PF06102,RRP36,89,252
O75554,PF06220,zf-U1,8,44
Q14331,PF06229,FRG1,67,256
Q9NVM4,PF06325,PrmA,54,149
Q8WXD5,PF06372,Gemin6,1,167
O94906,PF06424,PRP1_N,13,169
O00422,PF06487,SAP18,19,137
Q9Y3S2,PF06524,NOA36,1,300
Q96FC9,PF06733,DEAD_2,231,415
Q99700,PF06741,LsmAD,409,476
Q8WWM7,PF06741,LsmAD,264,332
Q9BZE4,PF06858,NOG1,235,292
Q9GZS1,PF06870,RNA_pol_I_A49,36,412
Q9H9Y6,PF06883,RNA_pol_Rpa2_4,563,621
Q96QD9,PF07078,FYTT,10,318
Q8WWM7,PF07145,PAM2,654,669
Q99700,PF07145,PAM2,909,926
P55199,PF07303,Occludin_ELL,513,614
Q9BSJ6,PF07326,RCS1,1,232
Q8N726,PF07392,P19Arf_N,4,54
Q14149,PF07496,zf-CW,409,452
Q12906,PF07528,DZF,94,342
P51531,PF07529,HSA,437,507
P51532,PF07529,HSA,461,531
Q9P2D1,PF07533,BRK,2641,2684
Q9P2D1,PF07533,BRK,2563,2606
P51531,PF07533,BRK,589,632
P51532,PF07533,BRK,611,654
Q5FBB7,PF07557,Shugoshin_C,474,496
Q5FBB7,PF07558,Shugoshin_N,22,66
Q9BW27,PF07575,Nucleopor_Nup85,53,606
Q13094,PF07647,SAM_2,12,76
P23396,PF07650,KH_2,20,96
Q9BYB0,PF07653,SH3_2,475,528
Q15811,PF07653,SH3_2,1007,1057
Q15811,PF07653,SH3_2,1078,1136
O60500,PF07679,I-set,33,124
Q14145,PF07707,BACK,184,286
P04637,PF07710,P53_tetramer,319,358
P17676,PF07716,bZIP_2,270,323
P49715,PF07716,bZIP_2,281,334
Q9H2U1,PF07717,OB_NTP_bind,831,917
Q9H6R0,PF07717,OB_NTP_bind,620,697
Q96T37,PF07744,SPOC,778,955
Q8NDT2,PF07744,SPOC,712,888
Q9NZM5,PF07767,Nop53,41,445
Q8IY81,PF07780,Spb1_C,601,840
Q53GS7,PF07817,GLE1,397,649
P16383,PF07842,GCFC,467,684
P12270,PF07926,TPR_MLP1_2,1038,1166
O15527,PF07934,OGG_N,25,141
Q8IUF8,PF08007,Cupin_4,51,364
Q9NPH5,PF08022,FAD_binding_8,306,417
Q9NPH5,PF08030,NAD_binding_6,423,561
P17844,PF08061,P68HR,498,532
P17844,PF08061,P68HR,551,583
P46013,PF08065,KI67R,1001,1112
P46013,PF08065,KI67R,1975,2086
P46013,PF08065,KI67R,1123,1234
P46013,PF08065,KI67R,1367,1477
P46013,PF08065,KI67R,1245,1356
P46013,PF08065,KI67R,1609,1720
P46013,PF08065,KI67R,2097,2204
P46013,PF08065,KI67R,2215,2326
P46013,PF08065,KI67R,2336,2447
P46013,PF08065,KI67R,1488,1597
P46013,PF08065,KI67R,2458,2569
P46013,PF08065,KI67R,1852,1964
P46013,PF08065,KI67R,2819,2928
P46013,PF08065,KI67R,1731,1842
P46013,PF08065,KI67R,2700,2806
P46013,PF08065,KI67R,2580,2688
P61978,PF08067,ROKNT,1,43
O60832,PF08068,DKCLD,49,106
P11388,PF08070,DTHCT,1430,1522
P54132,PF08072,BDHCT,372,411
Q15233,PF08075,NOPS,221,272
P23246,PF08075,NOPS,444,495
Q8WXF1,PF08075,NOPS,229,280
P31943,PF08080,zf-RNPHF,255,290
P55795,PF08080,zf-RNPHF,255,290
P52597,PF08080,zf-RNPHF,255,290
P38159,PF08081,RBM1CTR,173,217
Q14103,PF08143,CBFNT,1,78
Q99729,PF08143,CBFNT,1,69
Q15397,PF08144,CPL,434,574
Q9H583,PF08146,BP28CT,1859,2010
P42285,PF08148,DSHCT,867,1037
O15213,PF08149,BING4CT,440,517
Q9NR30,PF08152,GUCT,620,715
Q13823,PF08153,NGP1NT,43,174
Q9GZL7,PF08154,NLE,4,70
Q9BZE4,PF08155,NOGCT,395,446
O00567,PF08156,NOP5NT,5,70
Q9UMY1,PF08157,NUC129,172,234
Q9NVU7,PF08158,NUC130_3NT,62,113
Q8IZL8,PF08166,NUC202,423,489
Q8IZL8,PF08166,NUC202,569,642
Q8IZL8,PF08167,RIX1,53,231
Q9H8H0,PF08168,NUC205,200,243
O60500,PF08205,C2-set_2,138,228
O60500,PF08205,C2-set_2,344,428
O60500,PF08205,C2-set_2,242,328
O60500,PF08205,C2-set_2,548,634
O60500,PF08205,C2-set_2,444,538
O15446,PF08208,RNA_polI_A34,37,255
Q96ST3,PF08295,Sin3_corepress,552,647
Q9UQ35,PF08312,cwf21,58,101
Q9NQB0,PF08347,CTNNB1_binding,1,259
Q9H0A0,PF08351,DUF1726,107,201
O14980,PF08389,Xpo1,123,268
Q06609,PF08423,Rad51,84,337
P29375,PF08429,PLU-1,741,1072
O15055,PF08447,PAS_3,344,432
Q13761,PF08504,RunxI,316,415
P55060,PF08506,Cse1,156,526
P04637,PF08563,P53_TAD,6,30
O60934,PF08599,Nbs1_C,683,746
P49790,PF08604,Nup153,113,621
Q9NYH9,PF08640,U3_assoc_6,9,91
P27694,PF08646,Rep_fac-A_C,461,606
Q9BY44,PF08662,eIF2A,216,411
Q9NV06,PF08662,eIF2A,173,311
O95453,PF08675,RNA_bind,437,515
Q9UKV8,PF08699,ArgoL1,176,226
Q9H9G7,PF08699,ArgoL1,177,227
Q9UL18,PF08699,ArgoL1,174,224
Q9BVP2,PF08701,GN3L_Grn1,16,89
O14980,PF08767,CRM1_C,709,1027
P15927,PF08784,RPA_C,166,262
Q9NX58,PF08790,zf-LYAR,31,58
P51531,PF08880,QLQ,173,207
P51532,PF08880,QLQ,171,205
Q9UKX7,PF08911,NUP50,2,78
P17480,PF09011,HMG_box_2,295,361
P23497,PF09011,HMG_box_2,684,752
Q12888,PF09038,53-BP1_Tudor,1483,1604
Q09161,PF09088,MIF4G_like,308,471
Q09161,PF09090,MIF4G_like_2,485,760
Q9BRP8,PF09282,Mago-bind,13,38
P55072,PF09336,Vps4_C,711,762
Q5HY92,PF09336,Vps4_C,710,756
Q9HAF1,PF09340,NuA4,18,97
P54132,PF09382,RQC,1071,1198
Q14191,PF09382,RQC,953,1066
O15234,PF09405,Btz,137,249
Q96RS0,PF09445,Methyltransf_15,691,845
Q8ND56,PF09532,FDF,290,400
Q96F86,PF09532,FDF,198,301
Q96JK9,PF09596,MamL-1,68,125
Q8IZL2,PF09596,MamL-1,31,88
Q92585,PF09596,MamL-1,14,71
Q8TD16,PF09730,BicD,83,801
Q9H0G5,PF09745,DUF2040,58,177
Q8WWY3,PF09785,Prp31_C,337,465
Q16533,PF09808,SNAPc_SNAP43,7,191
Q96CJ1,PF09816,EAF,16,115
Q96JC9,PF09816,EAF,14,114
Q9NPA8,PF10163,EnY2,13,95
Q8NCA5,PF10239,DUF2465,11,328
Q9H814,PF10258,RNA_GG_bind,230,313
Q96EP1,PF10283,zf-CCHH,632,661
P55199,PF10390,ELL,6,292
P60484,PF10409,PTEN_C2,188,349
Q8NDV7,PF10427,Ago_hook,1063,1207
Q9UPQ9,PF10427,Ago_hook,912,1068
Q53HL2,PF10444,Nbl1_Borealin_N,20,76
Q9Y3B2,PF10447,EXOSC1,89,135
Q8N9N2,PF10469,AKAP7_NLS,161,378
Q9NRA8,PF10477,EIF4E-T,30,711
O95613,PF10495,PACT_coil_coil,3138,3216
Q99996,PF10495,PACT_coil_coil,3704,3785
Q66PJ3,PF10500,SR-25,191,419
Q53HL2,PF10512,Borealin,163,275
P05067,PF10515,APP_amyloid,716,766
Q5T5X7,PF10523,BEN,265,340
Q5T5X7,PF10523,BEN,738,813
Q5T5X7,PF10523,BEN,572,647
Q5T5X7,PF10523,BEN,409,482
Q92777,PF10581,Synapsin_N,2,39
P17600,PF10581,Synapsin_N,1,32
P49790,PF10599,Nup_retrotrp_bd,1385,1475
P78352,PF10600,PDZ_assoc,245,312
P78352,PF10608,MAGUK_N_PEST,24,64
Q15648,PF10744,Med1,59,426
Q9H840,PF11095,Gemin7,54,129
Q9UKY1,PF11569,Homez,783,826
P04156,PF11587,Prion_bPrPp,1,28
P09651,PF11627,HnRNPA1,307,344
Q32P51,PF11627,HnRNPA1,255,292
Q12769,PF11715,Nup160,62,577
Q92993,PF11717,Tudor-knot,7,65
O15047,PF11764,N-SET,1425,1562
Q9UPS6,PF11764,N-SET,1679,1821
Q96MF7,PF11789,zf-Nse,156,216
Q99459,PF11831,Myb_Cef,404,655
Q8IY81,PF11861,DUF3381,231,400
Q92621,PF11894,Nup192,14,1684
Q7Z2E3,PF11969,DcpS_C,181,292
P55854,PF11976,Rad60-SLD,17,87
P63165,PF11976,Rad60-SLD,22,92
A2A288,PF11977,RNase_Zc3h12a,88,244
Q14764,PF11978,MVP_shoulder,519,647
Q96PV0,PF12004,DUF3498,718,1313
O14746,PF12009,Telomerase_RBD,460,592
P52948,PF12110,Nup96,1332,1623
O15055,PF12114,Period_C,1046,1232
P29590,PF12126,DUF3583,240,570
Q9HA38,PF12171,zf-C2H2_jaz,245,271
Q5F1R6,PF12171,zf-C2H2_jaz,313,339
Q14966,PF12171,zf-C2H2_jaz,1927,1953
P49792,PF12185,IR1-M,2709,2769
P49792,PF12185,IR1-M,2631,2693
P08621,PF12220,U1snRNP70_N,3,94
Q06787,PF12235,FXMRP1_C_core,420,547
Q92966,PF12251,zf-SNAP50_C,202,405
Q09028,PF12265,CAF1C_H4-bd,19,88
Q9P0U4,PF12269,zf-CpG_bind_C,400,636
Q6IMN6,PF12287,Caprin-1_C,620,935
Q99607,PF12310,Elf-1_N,2,104
Q15723,PF12310,Elf-1_N,3,108
O14641,PF12316,Dsh_C,515,726
O75817,PF12328,Rpp20,32,133
Q9NXF1,PF12333,Ipi1_N,132,235
P42858,PF12372,DUF3652,1513,1553
Q9H583,PF12397,U3snoRNP10,238,354
O60479,PF12413,DLL_N,27,108
Q9NWB1,PF12414,Fox-1_C,253,342
P48436,PF12444,Sox_N,21,94
Q14157,PF12478,DUF3697,495,526
Q8TC56,PF12480,DUF3699,116,186
Q8ND56,PF12701,LSM14,6,80
Q96F86,PF12701,LSM14,4,67
P03372,PF12743,ESR1_C,552,595
Q15811,PF12763,EF-hand_4,216,312
Q15811,PF12763,EF-hand_4,16,108
Q96HW7,PF12765,Cohesin_HEAT,178,218
Q9BYB0,PF12796,Ank_2,254,344
Q9BYB0,PF12796,Ank_2,119,213
Q7Z6G8,PF12796,Ank_2,7,125
Q7Z6G8,PF12796,Ank_2,185,256
Q7Z6G8,PF12796,Ank_2,114,189
A5YKK6,PF12842,DUF3819,1387,1534
Q96PM9,PF12874,zf-met,261,285
Q96PM9,PF12874,zf-met,74,98
Q96PM9,PF12874,zf-met,201,225
Q9HA38,PF12874,zf-met,70,94
Q9HA38,PF12874,zf-met,148,171
Q8NI36,PF12894,ANAPC4_WD40,253,344
Q8TEQ6,PF12894,ANAPC4_WD40,524,589
Q8TEQ6,PF12894,ANAPC4_WD40,391,480
Q9H840,PF12901,SUZ-C,2,27
P05067,PF12924,APP_Cu_bd,132,188
P05067,PF12925,APP_E2,366,548
Q9C0B1,PF12933,FTO_NTD,36,325
Q9C0B1,PF12934,FTO_CTD,329,498
Q969H0,PF12937,F-box-like,281,327
Q8NDV7,PF12938,M_domain,1279,1508
Q9P2E3,PF13086,AAA_11,597,1040
Q9P2E3,PF13087,AAA_12,1051,1235
Q9HCE1,PF13087,AAA_12,698,923
Q08752,PF13176,TPR_7,226,258
O15550,PF13181,TPR_8,205,236
O94906,PF13181,TPR_8,709,740
P42285,PF13234,rRNA_proc-arch,582,841
Q9BPY3,PF13289,SIR2_2,157,301
Q96FC9,PF13307,Helicase_C_2,692,850
Q96EZ8,PF13325,MCRS_N,134,331
Q504Q3,PF13423,UCH_1,517,898
Q86YR5,PF13424,TPR_12,208,281
Q86YR5,PF13424,TPR_12,247,321
Q86YR5,PF13424,TPR_12,104,163
Q86YR5,PF13424,TPR_12,285,361
Q86YR5,PF13424,TPR_12,187,241
O15550,PF13432,TPR_16,106,162
Q9HBD1,PF13445,zf-RING_UBOX,14,53
Q92973,PF13513,HEAT_EZ,419,473
P33076,PF13516,LRR_6,1013,1036
P33076,PF13516,LRR_6,984,1008
Q6P6C2,PF13532,2OG-FeII_Oxy_2,93,297
Q14149,PF13589,HATPase_c_3,26,164
Q9HCE1,PF13604,AAA_30,498,696
Q8NHM5,PF13621,Cupin_8,23,336
Q9BWF2,PF13639,zf-RING_2,5,50
Q6PCD5,PF13639,zf-RING_2,285,331
Q96LA8,PF13649,Methyltransf_25,86,182
Q9BUJ2,PF13671,AAA_33,423,568
Q00839,PF13671,AAA_33,499,643
P21359,PF13716,CRAL_TRIO_2,1602,1736
Q9H0A0,PF13718,GNAT_acetyltr_2,528,753
Q9H0A0,PF13725,tRNA_bind_2,763,976
P19474,PF13765,PRY,289,337
Q86WT6,PF13765,PRY,325,373
Q7L622,PF13771,zf-HC5HC2H,41,128
Q9H1Q7,PF13839,PC-Esterase,18,172
Q86V81,PF13865,FoP_duplication,187,257
Q9Y3Y2,PF13865,FoP_duplication,165,243
Q9HAJ7,PF13866,zf-SAP30,24,95
Q9HAJ7,PF13867,SAP30_Sin3_bdg,114,166
O43809,PF13869,NUDIX_2,35,222
P43243,PF13893,RRM_5,377,487
P26599,PF13893,RRM_5,309,433
P26599,PF13893,RRM_5,40,152
Q9H4Z2,PF13894,zf-C2H2_4,562,585
Q9H116,PF13894,zf-C2H2_4,377,400
Q92766,PF13909,zf-H2C2_5,671,695
P49711,PF13909,zf-H2C2_5,351,375
Q9H4Z2,PF13909,zf-H2C2_5,1075,1099
Q92766,PF13912,zf-C2H2_6,1513,1537
Q92766,PF13912,zf-C2H2_6,315,340
Q9H116,PF13912,zf-C2H2_6,547,572
Q9H116,PF13912,zf-C2H2_6,406,431
Q9H116,PF13912,zf-C2H2_6,463,488
O76064,PF13920,zf-C3HC4_3,399,447
A1L020,PF13920,zf-C3HC4_3,466,515
Q6ZN04,PF13920,zf-C3HC4_3,514,564
Q00987,PF13920,zf-C3HC4_3,434,485
Q5U5Q3,PF13920,zf-C3HC4_3,604,654
Q969K3,PF13920,zf-C3HC4_3,321,366
Q99459,PF13921,Myb_DNA-bind_6,11,71
Q96EP1,PF13923,zf-C3HC4_2,303,342
O60500,PF13927,Ig_3,838,924
O60500,PF13927,Ig_3,739,820
Q8WYP5,PF13934,ELYS,722,945
Q9NVP1,PF13959,DUF4217,561,621
Q9H8H2,PF13959,DUF4217,693,754
Q9BV38,PF14077,WD40_alt,383,430
P46777,PF14204,Ribosomal_L18_c,192,283
Q9H0L4,PF14304,CSTF_C,572,612
P33240,PF14304,CSTF_C,533,573
O75925,PF14324,PINIT,135,286
Q8N2W9,PF14324,PINIT,130,277
O75928,PF14324,PINIT,145,297
Q9Y6X2,PF14324,PINIT,126,278
Q9H0L4,PF14327,CSTF2_hinge,112,191
P33240,PF14327,CSTF2_hinge,112,191
P11387,PF14370,Topo_C_assoc,695,765
Q9Y3B2,PF14382,ECR1_N,8,43
Q8WWM7,PF14438,SM-ATX,120,196
Q99700,PF14438,SM-ATX,265,341
Q8N163,PF14443,DBC1,340,457
Q8N163,PF14444,S1-like,55,112
Q8IYW5,PF14447,Prok-RING_4,16,64
Q14191,PF14493,HTH_40,1258,1352
Q06609,PF14520,HHH_5,31,80
P16333,PF14604,SH3_9,113,161
Q15811,PF14604,SH3_9,747,802
P51531,PF14619,SnAC,1244,1326
P51532,PF14619,SnAC,1322,1389
Q9NRR4,PF14622,Ribonucleas_3_3,958,1071
Q9Y3M2,PF14645,Chibby,1,116
P18583,PF14709,DND1_DSRM,2370,2423
Q9BUT9,PF14799,FAM195,61,157
C9JLW8,PF14799,FAM195,4,94
P17480,PF14887,HMG_box_5,479,563
Q9UL42,PF14893,PNMA,1,328
Q8ND90,PF14893,PNMA,1,325
Q96LT7,PF15019,C9orf72-like,61,324
Q9NR00,PF15063,TC1,10,85
P19474,PF15227,zf-C3HC4_4,16,56
Q86WT6,PF15227,zf-C3HC4_4,41,81
A8CG34,PF15229,POM121,294,529
Q96HA1,PF15229,POM121,318,552
O43561,PF15234,LAT,1,262
P46013,PF15276,PP1_bind,502,561
Q7Z417,PF15293,NUFIP2,89,688
Q9P1T7,PF15316,MDFI,74,246
Q9NWZ8,PF15348,GEMIN8,14,242
Q9NPJ4,PF15365,PNRC,93,112
Q9NYF8,PF15440,THRAP3_BCLAF1,108,767
Q9Y2W1,PF15440,THRAP3_BCLAF1,123,791
Q5W0Q7,PF15499,Peptidase_C98,226,498
Q5W0Q7,PF15509,DUF4650,572,1090
Q5EE01,PF15510,CENP-W,1,88
Q86WX3,PF15684,AROS,23,134
Q14207,PF15712,NPAT_C,758,1427
Q5TGY3,PF15735,DUF4683,562,642
Q5H9S7,PF15802,DCAF17,31,505
Q9BWG6,PF15803,zf-SCNM1,44,70
Q9BWG6,PF15805,SCNM1_acidic,183,228
P38432,PF15862,Coilin_N,7,218
Q9NQT5,PF15985,KH_6,197,245
Q8TF01,PF15996,PNISR,223,391
Q9BXS6,PF16006,NUSAP,158,436
Q5HYJ3,PF16046,FAM76,6,328
Q06787,PF16098,FXMR_C2,549,632
P54132,PF16124,RecQ_Zn_bind,995,1067
Q14191,PF16124,RecQ_Zn_bind,870,940
Q14596,PF16158,N_BRCA1_IG,379,478
Q04206,PF16179,RHD_dimer,195,292
P52292,PF16186,Arm_3,458,509
O60832,PF16198,TruB_C_2,227,294
P54132,PF16202,BLM_N,1,367
P54132,PF16204,BDHCT_assoc,425,647
Q06587,PF16207,RAWUL,282,400
Q07666,PF16274,Qua1,102,153
P06748,PF16276,NPM1-C,245,293
Q7Z2E3,PF16278,zf-C2HE,297,356
Q9BZB8,PF16366,CEBP_ZZ,502,559
Q7Z5Q1,PF16366,CEBP_ZZ,513,576
Q8NE35,PF16366,CEBP_ZZ,622,685
Q8NE35,PF16367,RRM_7,440,529
Q9BZB8,PF16367,RRM_7,310,410
Q7Z5Q1,PF16367,RRM_7,331,420
Q9BZB8,PF16368,CEBP1_N,1,307
A5YKK6,PF16415,CNOT1_CAF1_bind,1087,1313
A5YKK6,PF16417,CNOT1_TTP_bind,813,1004
A5YKK6,PF16418,CNOT1_HEAT,500,656
Q9UKV8,PF16486,ArgoN,36,166
Q9H9G7,PF16486,ArgoN,28,167
Q9UL18,PF16486,ArgoN,34,164
Q9H9G7,PF16487,ArgoMid,430,512
Q9UKV8,PF16487,ArgoMid,429,511
Q9UL18,PF16487,ArgoMid,427,509
Q9UKV8,PF16488,ArgoL2,374,420
Q9H9G7,PF16488,ArgoL2,375,421
Q9UL18,PF16488,ArgoL2,372,418
O60934,PF16508,NIBRIN_BRCT_II,216,325
Q6P2E9,PF16529,Ge1_WD40,114,441
Q01826,PF16534,ULD,72,170
Q01826,PF16557,CUTL,176,247
Q86YP4,PF16563,P66_CC,136,179
Q8WXI9,PF16563,P66_CC,157,200
Q07666,PF16568,Sam68-YY,366,415
Q5SY16,PF16575,CLP1_P,306,470
Q13501,PF16577,UBA_5,379,440
Q96F86,PF16598,Edc3_linker,102,197
Q15020,PF16605,LSM_int_assoc,877,938
Q8NDV7,PF16608,TNRC6-PABC_bdg,1504,1779
Q9UPQ9,PF16608,TNRC6-PABC_bdg,1360,1646
Q15811,PF16617,INTAP,803,917
O15169,PF16646,AXIN1_TNKS_BD,8,80
Q15811,PF16652,PH_13,1440,1593
Q8WYP5,PF16687,ELYS-bb,1,489
O15381,PF16725,Nucleolin_bd,2,72
Q9NPI6,PF16741,mRNA_decap_C,539,581
Q8IZD4,PF16741,mRNA_decap_C,574,616
O60318,PF16766,CID_GANP,1164,1234
O60318,PF16768,NupH_GANP,2,291
O60318,PF16769,MCM3AP_GANP,1262,1976
Q14676,PF16770,RTT107_BRCT_5,1877,1970
Q6VMQ6,PF16788,ATF7IP_BD,564,779
Q6VMQ6,PF16794,fn3_4,1159,1260
Q8NHM5,PF16866,PHD_4,656,723
Q96ST3,PF16879,Sin3a_C,886,1186
P36873,PF16891,STPPase_N,9,56
P62140,PF16891,STPPase_N,8,55
P11388,PF16898,TOPRIM_C,573,711
P27694,PF16900,REPA_OB_2,305,402
O60885,PF17035,BET,609,673
P18583,PF17069,RSRP,1907,2198
Q15007,PF17098,Wtap,68,222
O60885,PF17105,BRD4_CDT,1319,1362
P46777,PF17144,Ribosomal_L5e,14,176
P40337,PF17211,VHL_C,156,204
Q8IYB7,PF17216,Rrp44_CSD1,47,148
Q14781,PF17218,CBX7_C,491,523
O00257,PF17218,CBX7_C,531,560
Q9UN81,PF17489,Tnp_22_trimer,110,152
Q9UN81,PF17490,Tnp_22_dsRBD,255,319
Q92993,PF17772,zf-MYST,229,283
Q9UKD2,PF17777,RL10P_insert,125,195
Q14764,PF17794,Vault_2,50,109
Q14764,PF17794,Vault_2,273,320
Q14764,PF17795,Vault_3,457,518
Q14764,PF17796,Vault_4,379,439
Q8NHM5,PF17811,JHD,333,418
O75151,PF17811,JHD,340,443
Q6ZMT4,PF17811,JHD,373,476
Q9Y3R0,PF17820,PDZ_6,502,558
Q9BYB0,PF17820,PDZ_6,609,662
Q9Y221,PF17833,UPF0113_N,2,83
Q9BZE4,PF17835,NOG1_N,6,165
Q9H0D6,PF17846,XRN_M,325,786
Q8IZH2,PF17846,XRN_M,272,610
Q9NX58,PF17848,zf-ACC,3,28
Q8IYB7,PF17849,OB_Dis3,265,341
Q9Y230,PF17856,TIP49_C,370,435
O15381,PF17862,AAA_lid_3,773,830
O15381,PF17862,AAA_lid_3,456,505
P55072,PF17862,AAA_lid_3,393,454
P55072,PF17862,AAA_lid_3,669,714
Q8IYB7,PF17877,Dis3l2_C_term,766,855
Q06787,PF17904,KH_9,123,207
Q7Z2E3,PF17913,FHA_2,19,115
Q14149,PF17942,Morc6_S5,249,382
Q96EP1,PF17979,zf-CRD,462,620
P46100,PF17981,ADD_ATRX,158,213
A2A288,PF18039,UBA_6,3,44
Q58A45,PF18101,Pan3_PK,742,879
Q8IZH2,PF18129,SH3_12,1101,1171
Q6IMN6,PF18293,Caprin-1_dimer,200,315
Q8IZH2,PF18332,XRN1_D1,647,845
Q8IZH2,PF18334,XRN1_D2_D3,848,935
Q06787,PF18336,Tudor_FRX1,4,52
P61129,PF18345,zf_CCCH_4,278,296
O43390,PF18360,hnRNP_Q_AcD,37,106
Q9HBD1,PF18386,ROQ_II,268,323
Q9UKY1,PF18387,zf_C2H2_ZHX,98,150
Q14164,PF18394,TBK1_CCD1,400,646
Q14164,PF18396,TBK1_ULD,308,393
Q75N03,PF18408,zf_Hakai,161,192
Q12888,PF18428,BRCT_3,1867,1970
Q9Y4E5,PF18479,PIN_11,884,1001
P04637,PF18521,TAD2,35,59
Q13148,PF18694,TDP43_N,4,77
O14980,PF18777,CRM1_repeat,345,381
O14980,PF18784,CRM1_repeat_2,405,472
O14980,PF18787,CRM1_repeat_3,485,535
Q9NR90,PF18872,Daz,170,190
Q9NR90,PF18872,Daz,314,334
Q9NR90,PF18872,Daz,362,382
Q9NR90,PF18872,Daz,410,430
Q9NR90,PF18872,Daz,218,238
Q9NR90,PF18872,Daz,242,262
Q9NR90,PF18872,Daz,290,310
Q9NR90,PF18872,Daz,338,358
Q9NR90,PF18872,Daz,386,406
Q9NR90,PF18872,Daz,434,454
Q9NR90,PF18872,Daz,266,286
Q9NR90,PF18872,Daz,194,214
Q86SG3,PF18872,Daz,335,355
Q86SG3,PF18872,Daz,479,499
Q86SG3,PF18872,Daz,383,403
Q86SG3,PF18872,Daz,407,427
Q86SG3,PF18872,Daz,455,475
Q86SG3,PF18872,Daz,527,547
Q86SG3,PF18872,Daz,503,523
Q86SG3,PF18872,Daz,431,451
Q86SG3,PF18872,Daz,359,379
Q9NQZ3,PF18872,Daz,500,520
Q9NQZ3,PF18872,Daz,644,664
Q9NQZ3,PF18872,Daz,548,568
Q9NQZ3,PF18872,Daz,572,592
Q9NQZ3,PF18872,Daz,620,640
Q9NQZ3,PF18872,Daz,692,712
Q9NQZ3,PF18872,Daz,668,688
Q9NQZ3,PF18872,Daz,596,616
Q9NQZ3,PF18872,Daz,524,544
P51816,PF18875,AF4_int,801,815
P51816,PF18876,AF-4_C,1054,1311
Q8IYB7,PF00773,RNB,371,721
Q5JVS0,PF16174,IHABP4_N,16,163
Q9ULX6,PF04988,AKAP95,414,549
O43823,PF04988,AKAP95,415,546
P06241,PF07714,PK_Tyr_Ser-Thr,271,520
Q8NG66,PF00069,Pkinase,29,287
Q13627,PF00069,Pkinase,159,479
Q14004,PF00069,Pkinase,705,998
Q14164,PF00069,Pkinase,9,301
P48729,PF00069,Pkinase,17,260
Q96GD4,PF00069,Pkinase,77,327
Q9H2X6,PF00069,Pkinase,199,527
O43781,PF00069,Pkinase,209,522
P50750,PF00069,Pkinase,19,315
P51955,PF00069,Pkinase,8,271
P01106,PF02344,Myc-LZ,408,438
Q6PJT7,PF14608,zf-CCCH_2,601,618
Q6PJT7,PF14608,zf-CCCH_2,621,639
Q6PJT7,PF14608,zf-CCCH_2,681,698
Q6PJT7,PF14608,zf-CCCH_2,701,717
Q6PJT7,PF14608,zf-CCCH_2,640,656
P61129,PF14608,zf-CCCH_2,329,349
O15169,PF08833,Axin_b-cat_bind,465,498
