uniprot,dc
P62258,0.086
Q15172,0.107
Q14738,0.159
Q13362,0.065
Q9Y3L3,0.359
O60239,0.451
P29372,0.218
P11171,0.3
Q13541,0.839
Q9NRA8,0.209
P08195,0.04
Q96P26,0.346
P49902,0.043
P05067,0.118
Q9NRG9,0.086
Q2M2I8,0.366
Q13131,0.093
P54646,0.082
Q9NY61,0.282
Q9NUT2,0.033
Q8NE71,0.361
Q9NUQ8,0.061
Q8IZP0,0.465
Q9NYB9,0.517
P00519,0.424
P42684,0.219
O14639,0.225
Q6H8Q1,0.358
O94929,0.148
Q12979,0.069
Q9ULW3,0.415
Q15027,0.077
Q5T8D3,0.21
Q9UKV3,0.754
Q07912,0.262
P53396,0.043
Q99798,0.042
O14734,0.063
Q9P0K1,0.135
O75077,0.044
P35611,0.338
P35612,0.313
Q9UEY8,0.204
P07550,0.053
Q16186,0.233
Q6ZN18,0.526
Q8WTP8,0.203
P55196,0.444
P51816,0.381
Q9Y4W6,0.113
Q9UPQ3,0.202
Q99490,0.468
Q96P47,0.214
Q53H12,0.055
Q9UKV8,0.031
Q9HCK5,0.026
O14514,0.116
O94910,0.129
Q9HAR2,0.068
Q5TGY3,0.314
Q8N157,0.263
Q09666,0.131
P55008,0.136
Q96NN9,0.04
Q16352,0.052
Q96IF1,0.366
Q02040,0.393
O43687,0.317
Q86UN6,0.147
Q9UKA4,0.107
Q9P0M2,0.167
Q02952,0.775
Q9Y2D5,0.544
O43823,0.438
Q99996,0.03
Q9ULX6,0.341
Q12802,0.239
Q9Y243,0.046
Q96B36,0.629
P47895,0.043
Q9NP73,0.074
Q6P6C2,0.401
Q8TCU4,0.152
Q96QP1,0.105
Q96Q42,0.03
Q8N7J2,0.724
Q01433,0.03
P49418,0.289
Q9BXX2,0.137
Q92688,0.41
O43423,0.316
Q9BTT0,0.448
P16157,0.131
Q01484,0.422
Q8IWZ3,0.205
Q12955,0.286
Q9NQW6,0.259
Q96LA8,0.101
Q9NR22,0.063
Q8TF21,0.079
O75179,0.285
Q9UPS8,0.171
Q6NXT1,0.09
Q7Z6G8,0.239
P50995,0.303
P20073,0.25
O60641,0.183
Q10567,0.044
O95782,0.062
O94973,0.075
O00203,0.188
Q13367,0.177
O14617,0.228
Q9H1A4,0.052
P25054,0.53
P27695,0.189
Q9BZZ5,0.139
Q7Z2E3,0.129
P53990,0.162
P05556,0.041
Q15811,0.065
Q9NZM3,0.067
Q92833,0.382
Q15652,0.169
Q9UPT6,0.198
Q6NYC1,0.169
Q9H910,1.0
Q92628,0.201
O60268,0.29
O15063,0.25
Q9UPP5,0.522
Q6NV74,0.799
Q5VZ46,0.612
Q9HCM3,0.166
Q6ZVL6,0.23
P13645,0.267
Q04695,0.056
P04264,0.214
P12035,0.072
P02538,0.041
P05787,0.085
P54819,0.084
O60229,0.101
Q63ZY3,0.311
P10644,0.087
P13861,0.109
P31323,0.117
Q92993,0.267
Q92794,0.485
Q674X7,0.295
O94819,0.207
Q8N752,0.086
P48729,0.086
P48730,0.277
P49674,0.279
Q9Y6M4,0.213
Q96NX5,0.059
Q9UQM7,0.059
Q13554,0.279
Q13555,0.14
Q16566,0.121
Q96CX2,0.314
O43526,0.267
P12277,0.071
Q6ZWB6,0.254
O60341,0.207
Q9Y2K7,0.158
Q8NHM5,0.283
Q9Y4C1,0.064
Q7LBC6,0.206
P29375,0.057
O15550,0.218
Q6ZMT4,0.174
Q5VWX1,0.384
Q07666,0.42
O75525,0.243
Q8NI77,0.073
Q9NQT8,0.11
Q96Q89,0.049
Q7Z4S6,0.194
P43628,0.059
P46013,0.653
Q15058,0.046
Q9NS87,0.035
Q12756,0.045
O60333,0.047
Q02241,0.108
O00139,0.136
Q99661,0.039
Q9Y496,0.124
O15066,0.118
Q12840,0.065
O60282,0.049
Q9BW19,0.22
O60870,0.132
P33176,0.058
O00142,0.106
Q2M2Z5,0.483
Q8N5S9,0.162
Q96RR4,0.347
Q07866,0.122
Q9H0B6,0.289
O43474,0.047
Q9NQR1,0.326
Q03164,0.496
Q8IZD2,0.497
Q1ED39,0.657
P46020,0.029
Q93100,0.026
P05771,0.063
Q15139,0.029
Q9BZL6,0.132
O94806,0.045
Q02156,0.083
P41743,0.084
P11801,0.13
Q96QS6,0.068
Q8N9T8,0.522
Q13601,0.289
P51812,0.051
O75582,0.106
P23443,0.141
Q9UBS0,0.212
Q96S38,0.129
Q8IVT5,0.234
Q86UP2,0.111
O75449,0.202
Q9BVA0,0.171
Q9UNZ5,0.364
P32004,0.073
Q15334,0.042
Q92615,0.518
Q659C4,0.379
Q71RC2,0.33
Q6PKG0,0.564
Q4G0J3,0.414
Q9Y4W2,0.17
Q14847,0.291
O95835,0.412
Q9NRM7,0.247
O43561,0.397
P05455,0.196
Q9BQE6,0.419
Q14739,0.094
Q9Y383,0.403
O95232,0.507
Q86VQ0,0.33
Q13094,0.638
P17931,0.24
O95202,0.03
Q9UHB6,0.534
Q9UPQ0,0.368
P53667,0.093
P53671,0.041
Q2Q1W2,0.1
Q9HAP6,0.101
O75334,0.131
O75145,0.292
O75335,0.092
Q05469,0.311
Q8NHL6,0.245
Q5T7N2,0.161
Q9BRT6,0.442
P02545,0.196
P20700,0.13
Q03252,0.232
Q8WWI1,0.371
Q6ZMQ8,0.502
Q8IWU2,0.297
Q96Q04,0.654
Q9H9Z2,0.301
Q6ZN17,0.548
P36776,0.069
Q9UN81,0.118
Q93052,0.469
Q50LG9,0.053
Q8N1G4,0.125
Q96AG4,0.3
Q5JTD7,0.127
Q9C099,0.029
Q96NI6,0.153
Q96NW7,0.167
Q38SD2,0.056
Q6UWE0,0.079
Q8ND56,0.492
Q9BX40,0.291
Q9H089,0.263
P83369,0.475
Q9Y4Z0,0.381
P29376,0.183
Q6IAA8,0.267
Q96GA3,0.307
Q9NQ29,0.377
Q86V48,0.507
Q9NX58,0.435
P07948,0.121
Q86UE4,0.77
Q99698,0.028
Q9BRK4,0.39
O60299,0.492
Q02779,0.417
Q16584,0.388
O43283,0.355
Q99558,0.216
Q56UN5,0.101
Q9NYL2,0.186
Q5TCX8,0.142
Q9Y2U5,0.252
Q99759,0.134
Q9Y6R4,0.175
O95382,0.104
P80192,0.36
Q92918,0.22
Q12851,0.068
Q8IVH8,0.142
O95819,0.308
Q9H9H5,0.392
Q3KQU3,0.801
Q9UPN3,0.06
Q9BW11,0.335
Q8WXG6,0.271
Q96JY0,0.067
P43356,0.22
P43358,0.322
O15479,0.351
Q9Y5V3,0.362
Q9UNF1,0.432
Q96QZ7,0.391
Q86UL8,0.342
P20916,0.043
Q9BXY0,0.293
Q92585,0.575
Q8IZL2,0.417
Q96JK9,0.436
Q9Y2U8,0.368
P78559,0.776
P46821,0.656
Q66K74,0.439
P50579,0.257
P27816,0.452
Q96JE9,0.792
Q49MG5,0.586
Q16644,0.157
P29966,1.0
Q15691,0.157
Q15555,0.367
Q9UPY8,0.164
Q9Y4F3,0.066
Q9P0L2,0.404
Q7KZI7,0.388
P27448,0.386
Q96L34,0.372
O60307,0.399
P43243,0.365
Q7Z434,0.606
Q9BQG0,0.187
O95983,0.131
P02686,0.714
Q6VMQ6,0.512
O43148,0.307
P49736,0.176
P25205,0.097
P33991,0.111
Q8NEM0,0.149
C9JLW8,0.309
Q9BUT9,0.4
Q96EZ8,0.281
Q14676,0.63
Q9P1T7,0.289
Q00987,0.312
Q9NU22,0.111
P08183,0.031
Q15648,0.485
O95402,0.53
O75586,0.22
Q06413,0.362
P50222,0.428
Q9BUU2,0.186
A1L020,0.217
Q6ZN04,0.241
Q5U5Q3,0.299
Q86XN8,0.398
P55081,0.431
Q9NX63,0.211
Q9BRQ6,0.37
Q6UXV4,0.306
Q16891,0.088
Q8N4C8,0.454
Q4G0A6,0.221
P27361,0.069
P31152,0.131
Q16659,0.029
P45983,0.133
P45984,0.134
P53779,0.129
Q15759,0.118
Q8TD08,0.125
Q9BYG3,0.225
Q9BUB5,0.172
Q9H000,0.072
O14950,0.116
P40692,0.153
Q9UHC1,0.038
P50281,0.057
Q9H8L6,0.051
Q9BU76,0.627
Q9UBU8,0.193
P26038,0.187
Q13724,0.047
Q9UQ07,0.215
Q2KHM9,0.198
Q14149,0.053
P53985,0.094
Q9HCE1,0.038
Q02750,0.069
P36507,0.062
P30305,0.216
P30307,0.106
Q8TAP9,0.754
O00566,0.467
Q96JB8,0.035
Q8N3R9,0.092
Q9UBG0,0.02
Q5VT25,0.103
Q9Y5S2,0.097
Q6DT37,0.166
P49959,0.213
Q6IN84,0.122
Q9HC36,0.095
P49006,1.0
Q9UKD2,0.105
P52701,0.185
Q96DH6,0.155
Q86U44,0.159
P11137,0.505
Q9NZJ7,0.195
Q96E29,0.067
O95248,0.104
Q9Y216,0.162
Q9NXD2,0.028
Q86WG5,0.011
P42345,0.022
P42285,0.057
Q765P7,0.478
Q9ULD2,0.252
Q13505,0.285
Q5HYI7,0.112
Q96NY9,0.085
Q14764,0.043
Q92614,0.125
P10242,0.052
O75592,0.108
P01106,0.21
Q9P2K5,0.168
P35580,0.08
P35749,0.096
Q7Z406,0.1
A7E2Y1,0.019
P35579,0.065
P14649,0.245
Q32MK0,0.353
Q12965,0.098
O00160,0.11
Q9Y4I1,0.018
Q9UM54,0.017
Q5VU43,0.082
O14974,0.607
O60237,0.55
Q86UW6,0.132
P41227,0.247
Q15742,0.354
Q9UPR5,0.023
Q96RE7,0.201
P0DI83,0.672
Q9H0A0,0.035
A0A0U1RRE5,1.0
O60934,0.119
Q14596,0.11
P13591,0.108
O15394,0.066
O14594,0.263
Q09161,0.033
P52298,0.212
Q53F19,0.565
O00533,0.064
Q9Y2A7,0.023
P55160,0.029
Q13772,0.039
Q9HCD5,0.47
O14777,0.115
Q9NXR1,0.367
Q9GZM8,0.09
Q92597,0.178
Q9UN36,0.159
O95182,0.177
P17568,0.182
Q9Y6M9,0.151
P19404,0.149
Q9ULJ8,0.428
Q96SB3,0.486
O76041,0.024
Q8NHV4,0.105
Q96FI4,0.29
Q8NG66,0.074
P51956,0.146
Q9HC98,0.102
Q8TDX7,0.07
Q86SG6,0.036
P18615,0.574
Q9Y6K9,0.091
Q92979,0.139
Q92859,0.17
Q6NW34,0.037
Q92686,0.513
O76050,0.108
Q96JN8,0.091
P17677,1.0
Q8WWR8,0.153
Q0ZGT2,0.295
Q16236,0.25
P21359,0.019
O94856,0.148
O94916,0.295
P12036,0.582
P07196,0.151
P07197,0.456
Q12986,0.289
P23511,0.141
Q9UJF2,0.241
Q8NEJ9,0.27
Q15599,0.404
Q9H093,0.272
P19338,0.527
Q8WVJ2,0.153
Q9Y266,0.269
Q9UHK0,0.428
Q7Z417,0.404
Q9Y6R0,0.465
Q14980,0.259
Q9UKX7,0.321
P52948,0.064
Q9BXS6,0.574
O15381,0.187
Q9UBU9,0.139
Q16633,0.09
Q5W0B1,0.216
P11182,0.046
Q5BJF6,0.027
P36957,0.163
P10515,0.142
O00330,0.156
O75665,0.193
Q9ULD0,0.02
Q8N543,0.116
O15527,0.064
Q13415,0.213
Q13416,0.206
Q01804,0.403
Q8N573,0.398
O95747,0.133
Q96HA1,0.441
A8CG34,0.468
Q9Y5P8,0.158
Q9UBL9,0.153
Q9H244,0.07
O00443,0.049
O00750,0.123
Q9BTU6,0.154
P04637,0.341
P32322,0.082
Q86YP4,0.313
Q8WXI9,0.143
O15350,0.093
P27986,0.04
O00459,0.122
P47712,0.065
Q9UQ80,0.094
Q86U42,0.376
Q13310,0.037
Q8IZE3,0.156
Q9BY11,0.221
Q9UNF0,0.233
Q9UKS6,0.198
Q6VY07,0.305
Q15004,0.802
Q8N7H5,0.365
Q8NC51,0.836
Q13153,0.29
Q13177,0.235
O75914,0.279
O96013,0.35
Q8WX93,0.32
O75781,0.579
Q58A45,0.156
Q8TE04,0.217
Q9BZ23,0.233
I0J062,0.842
Q5JQF8,0.155
Q4VXU2,0.046
Q8NDF8,0.425
Q5XG87,0.293
Q9H0J9,0.05
Q9NPB6,0.26
Q9BYG4,0.056
Q86W56,0.243
O95453,0.125
P09874,0.06
Q9UGN5,0.132
Q9Y6F1,0.111
Q86TB9,0.127
Q96IZ0,0.744
P49023,0.455
Q96AQ6,0.465
Q08174,0.153
Q15154,0.398
Q9Y6V0,0.465
O95613,0.124
P29122,0.067
P49585,0.24
Q8WUM4,0.154
O00408,0.056
Q14432,0.195
Q13370,0.122
P27815,0.238
Q08493,0.197
P16499,0.047
P51160,0.034
O60658,0.062
O76083,0.143
P07237,0.075
Q13087,0.065
P30101,0.044
Q15084,0.048
Q9BY77,0.057
Q15120,0.059
P50479,0.233
Q96HC4,0.342
Q9NR12,0.289
O15530,0.099
Q29RF7,0.141
Q9NTI5,0.229
Q9H792,0.292
P16284,0.079
P36955,0.048
Q9UBV8,0.391
Q86TG7,0.162
Q8IZL8,0.458
Q96RR1,0.07
O15055,0.328
P41219,0.051
O00541,0.192
Q92968,0.169
O43933,0.036
Q96HS1,0.097
Q96GW7,0.276
P16234,0.066
P09619,0.08
Q15124,0.046
O00264,0.226
O15173,0.247
Q9C0D0,0.16
Q9H814,0.231
Q8IXK0,0.399
Q9UPV7,0.18
O75151,0.484
Q8IWS0,0.299
Q8WV24,0.426
Q86UU1,0.354
Q86SQ0,0.187
P20941,0.285
P43119,0.142
Q99570,0.032
Q5UE93,0.028
P48426,0.103
Q9UBF8,0.148
O60331,0.189
O75925,0.124
O75928,0.069
Q9Y6X2,0.033
Q8N2W9,0.133
Q8WXW3,0.061
Q13492,0.034
Q9NRD5,0.096
Q9NQM4,0.266
Q9BSJ6,0.488
Q13526,0.135
Q9Y237,0.298
Q96BK5,0.604
Q9GZU8,0.283
Q00169,0.078
Q99697,0.205
O75364,0.235
Q96J94,0.074
Q8TC59,0.089
Q8NG27,0.681
Q9NWT1,0.207
Q9P0L9,0.132
Q8NEB9,0.071
Q9ULU4,0.487
P98161,0.027
Q9HB21,0.228
Q9Y2H5,0.408
Q9HAU0,0.183
P08F94,0.009
Q3KR16,0.332
Q16512,0.1
Q13835,0.028
Q99959,0.037
Q9Y446,0.034
Q99569,0.304
Q9NQ66,0.184
Q00722,0.119
Q15147,0.078
Q8N3E9,0.075
P19174,0.033
Q15149,0.089
P53350,0.103
Q9NYY3,0.114
Q9H4B4,0.111
O00444,0.205
O94903,0.091
Q8IY17,0.145
O14494,0.088
Q5VZY2,0.081
Q7Z2D5,0.195
O43660,0.051
P29590,0.194
Q99640,0.196
Q8TF01,0.847
Q8N490,0.07
Q96T60,0.106
Q9UL42,0.082
Q9NRX1,0.282
Q12796,0.401
Q9NPJ4,0.669
P14859,0.24
Q8TEM1,0.019
Q01851,0.217
Q12837,0.254
Q8NA72,0.174
Q99575,0.231
Q9BZL4,0.529
Q96A00,0.456
Q96T49,0.085
P62136,0.076
P62140,0.07
P36873,0.068
Q15435,0.178
Q12972,0.103
Q96QC0,0.555
O60927,0.651
Q08209,0.09
P16298,0.048
P48454,0.082
Q8TF05,0.107
Q9NY27,0.667
Q9UPN7,0.296
P05187,0.047
P10696,0.041
O14830,0.153
Q13427,0.76
O75688,0.161
O15297,0.23
Q8WY54,0.2
O15355,0.416
Q5JR12,0.204
Q8N3J5,0.059
Q9Y570,0.168
P53041,0.046
Q6NYC8,0.804
Q13522,1.0
Q6ZMI0,0.054
Q5R3F8,0.138
O95685,0.268
Q6ZSY5,0.279
Q5VV67,0.405
O60828,0.713
O43663,0.15
Q8NCQ7,0.53
P48634,0.866
Q5JSZ5,0.645
Q9Y520,0.711
Q06830,0.121
Q8TCU6,0.039
P04156,0.328
O60260,0.049
O75569,0.067
P51817,0.095
P78527,0.011
Q8WWY3,0.122
Q13523,0.514
O43172,0.038
O94906,0.084
O43395,0.138
Q6MZQ0,0.114
Q8TB68,0.314
Q99946,0.464
P54821,0.257
P62191,0.159
P35998,0.051
P25789,0.084
A5PKW4,0.493
Q9NYI0,0.21
Q99460,0.112
Q13200,0.083
O43242,0.195
P55036,0.257
Q06323,0.173
P49768,0.184
P49810,0.156
Q8WXF1,0.122
O95758,0.082
O75127,0.137
Q6ISU1,0.135
P60484,0.129
Q13308,0.042
P20962,1.0
Q06124,0.04
Q05209,0.313
P18031,0.099
Q12923,0.169
Q16825,0.122
Q9H3S7,0.306
P54829,0.179
P29350,0.103
P35236,0.103
P43378,0.035
Q15257,0.056
A2A3K4,0.09
Q92932,0.224
P18433,0.111
P08575,0.156
P23468,0.022
P10586,0.021
Q13332,0.028
O14522,0.035
Q92729,0.02
P23471,0.133
O95997,0.277
Q9UHX1,0.039
Q14671,0.169
Q8TB72,0.178
Q15397,0.191
Q00577,0.258
Q96QR8,0.196
Q13610,0.104
Q15269,0.074
O96011,0.077
Q9BRP8,0.632
P27708,0.04
P17812,0.051
Q9NRF8,0.041
A0A096LP55,0.33
Q15032,0.279
Q9Y2K5,0.46
Q86UN2,0.227
Q86UN3,0.219
Q32P51,0.269
P51153,0.153
P61106,0.13
P59190,0.094
P62820,0.137
Q9H0U4,0.139
Q9UL25,0.169
Q8WUD1,0.13
O95755,0.075
P20336,0.123
P20339,0.163
P61020,0.14
P51148,0.148
O75943,0.191
O60216,0.217
P35241,0.202
P78406,0.054
P26374,0.107
P04049,0.177
P46060,0.126
P11234,0.131
Q86SE5,0.223
Q9H6Z4,0.631
Q96S59,0.228
P43487,0.368
Q70E73,0.582
P10276,0.152
Q9NS23,0.073
Q8WWW0,0.282
P62491,0.134
Q15907,0.161
Q8IXT5,0.357
Q8NDT2,0.367
Q15042,0.053
Q8IUD2,0.087
Q7Z6E9,0.662
Q9Y3P9,0.117
Q9H2M9,0.023
Q08999,0.14
P98175,0.413
P57052,0.349
Q9NTZ6,0.205
Q96PK6,0.17
Q96T37,0.465
Q9Y4C8,0.278
Q86U06,0.335
P49756,0.521
Q5T8P6,0.339
Q9P2N5,0.314
Q9NW13,0.419
P42696,0.414
Q14498,0.275
P98179,0.49
Q9BTD8,0.142
Q8IUH3,0.042
A0AV96,0.042
Q9Y580,0.508
Q9Y5S9,0.54
P29558,0.067
Q15434,0.064
P38159,0.847
P49792,0.104
Q92804,0.828
Q6ZRY4,0.115
P06400,0.144
Q5TC82,0.106
Q9HBD1,0.072
P18754,0.086
Q9P258,0.199
Q9P2K3,0.451
P54727,0.335
O95072,0.044
P46063,0.085
O94762,0.239
P78563,0.151
Q9NS39,0.12
Q13123,0.393
Q9P260,0.159
Q9H1J1,0.609
Q9BZI7,0.681
Q92900,0.112
Q9HAU5,0.26
Q8NFH8,0.339
Q9GZR2,0.46
P27694,0.055
P15927,0.078
P35250,0.082
P35251,0.365
P35249,0.099
O75154,0.296
Q86YS3,0.119
Q9BXF6,0.366
Q9NWB1,0.305
O43251,0.326
A6NFN3,0.333
Q14699,0.36
Q6PCD5,0.173
Q9H0H5,0.182
Q9H4X1,0.321
Q6GYQ0,0.095
P0DJD0,0.086
A6NKT7,0.085
O14827,0.117
O43566,0.299
P41220,0.19
P49802,0.044
Q07960,0.057
Q5T5U3,0.348
Q9UNA1,0.09
Q9NRY4,0.093
Q9C0H5,0.332
Q17R89,0.367
Q5UIP0,0.179
Q9UFD9,0.179
O15034,0.2
Q13671,0.267
Q86UR5,0.509
Q06587,0.399
Q99496,0.155
Q6NUQ1,0.028
O14730,0.075
Q9H6W3,0.097
Q5EBL4,0.119
Q96K30,0.628
P50914,0.256
P61313,0.108
P18621,0.136
Q07020,0.202
P84098,0.102
O76021,0.498
P46778,0.212
P62750,0.429
P83731,0.331
Q9UNX3,0.31
P61254,0.31
P46776,0.257
P47914,0.472
P42766,0.317
P83881,0.189
Q969Q0,0.264
Q92901,0.138
P39023,0.092
P36578,0.138
P46777,0.152
Q02878,0.167
P62917,0.101
P05388,0.076
P05387,0.33
Q9BYD3,0.103
Q9NRX2,0.12
Q9NQ50,0.121
Q96TC7,0.136
Q96E39,0.844
Q6ZNA4,0.459
Q2KHN1,0.11
Q8IYW5,0.457
Q9NV58,0.128
Q8ND24,0.297
Q63HN8,0.069
Q05823,0.065
Q9NRR4,0.304
Q9BXT8,0.029
Q96BH1,0.392
Q969K3,0.161
P78317,0.153
O76064,0.082
O60930,0.094
Q9HAU8,0.033
Q15287,0.774
Q9BQ52,0.132
Q13151,0.279
P09651,0.242
P22626,0.266
P51991,0.265
Q99729,0.367
Q13464,0.018
O75116,0.051
Q04912,0.024
Q01974,0.129
P08922,0.012
Q8N5L8,0.35
Q9Y2J0,0.395
O95602,0.078
Q9H9Y6,0.021
O15446,0.712
Q3B726,0.385
Q9GZS1,0.055
P24928,0.216
P0DPB5,0.615
Q9H9Y2,0.301
Q9H7B2,0.121
Q13905,0.258
Q9Y4G8,0.266
P47736,0.326
Q8TEU7,0.16
Q684P5,0.31
Q96KN7,0.137
Q92834,0.311
Q9Y6S9,0.157
O00411,0.064
O60306,0.045
Q66PJ3,0.639
P10398,0.163
Q8N6H7,0.207
Q8N726,0.583
Q92974,0.15
Q9NR80,0.086
Q14155,0.161
O15013,0.17
Q9Y4X5,0.171
Q86WX3,0.338
P49407,0.108
Q9H1I8,0.172
Q8IZT6,0.024
Q9HD20,0.037
P05023,0.058
P50993,0.05
P13637,0.024
Q13733,0.055
P20020,0.099
Q01814,0.098
Q16720,0.084
P23634,0.02
Q9NTI2,0.023
O43520,0.043
Q6PL18,0.209
Q5SQI0,0.404
Q9NVI7,0.118
Q5T9A4,0.12
P18848,0.168
Q9NT62,0.067
Q9UII2,0.245
Q8WXF7,0.048
Q8NHH9,0.077
O43313,0.131
Q96SQ7,0.514
P20648,0.04
Q8WXE1,0.072
P46100,0.489
Q13535,0.012
P0C7T5,0.322
Q8WWM7,0.592
Q99700,0.635
O14965,0.31
Q96GD4,0.064
Q9UQB9,0.107
Q9H633,0.247
Q9BUL9,0.422
P78346,0.082
Q8N122,0.071
Q9P2E9,0.499
Q92766,0.373
Q9NYV6,0.043
Q5JTH9,0.194
Q9Y3B9,0.677
Q14684,0.421
P56182,0.358
Q96EU6,0.251
Q9Y2L1,0.022
Q14690,0.138
O43159,0.485
Q15050,0.293
P46783,0.448
P62263,0.139
P62266,0.182
P62847,0.316
P62851,0.304
Q5JNZ5,0.261
P62979,0.128
P42677,0.274
P15880,0.191
P62861,0.593
P61247,0.125
P23396,0.123
P62753,0.133
P62241,0.13
P46781,0.17
P14678,0.325
P63162,0.325
Q86UC2,0.287
Q96IZ7,0.74
Q9BUV0,0.8
P08865,0.102
P82933,0.058
P82914,0.128
Q92665,0.127
P82909,0.485
Q9BY42,0.275
Q16799,0.606
O95197,0.16
Q9NQC3,0.246
P08621,0.648
P09234,0.346
P09661,0.243
P08579,0.209
Q01196,0.305
Q13761,0.434
Q6P087,0.074
Q92736,0.027
P06702,0.193
Q8N1F8,0.238
P55011,0.129
Q9H2X9,0.175
Q9H228,0.178
Q96AG3,0.191
Q9Y6R1,0.126
A6NKF1,0.245
Q9Y2H2,0.083
Q9NZJ4,0.015
Q9UBT2,0.188
Q15424,0.705
Q14151,0.682
O43865,0.096
Q9Y512,0.043
Q9Y3Z3,0.058
O00422,0.131
P82979,0.438
Q15020,0.241
Q9NQZ2,0.411
Q6UVJ0,0.102
Q01826,0.203
Q6UWP8,0.212
P53992,0.309
O94979,0.239
P60468,0.562
P31645,0.094
Q99590,0.476
Q8N9R8,0.058
Q9BY12,0.096
Q9BWG6,0.522
O75880,0.096
Q14160,0.375
Q96KG9,0.295
Q6P3W7,0.054
Q9NVU7,0.159
Q86SQ7,0.072
Q96T21,0.288
Q9HC62,0.037
Q9H4L4,0.254
Q96HI0,0.072
Q9NVA2,0.075
Q8IYM1,0.07
Q9UH03,0.084
Q14141,0.069
Q16181,0.137
Q92599,0.114
Q9UHD8,0.394
P84101,1.0
O15047,0.559
Q9UPS6,0.561
Q01105,0.521
Q15637,0.606
Q15459,0.334
Q15428,0.593
Q12874,0.064
O75533,0.179
Q13435,0.498
A8K8P3,0.059
P23246,0.569
Q9BQI5,0.54
Q9HBY8,0.068
Q5FBB7,0.296
Q9BX95,0.195
Q2NKQ1,0.166
Q9NRF2,0.407
Q99961,0.177
Q99962,0.205
Q99963,0.069
Q9UPX8,0.45
Q9Y566,0.554
Q9BYB0,0.465
A0MZ66,0.42
P78324,0.262
A6NL88,0.331
P57059,0.101
Q9H0K1,0.17
Q14190,0.112
Q96ST3,0.166
Q96EB6,0.337
Q8IXJ6,0.188
Q8N6T7,0.203
Q9NRC8,0.135
Q15477,0.022
P63208,0.129
Q13309,0.083
Q5T5P2,0.478
Q14493,0.589
Q9H2G2,0.213
Q9NWH9,0.749
Q15797,0.187
P84022,0.104
O43541,0.276
Q9UPU9,0.188
Q5PRF9,0.354
Q8WU79,0.21
Q14683,0.055
Q9UQE7,0.049
Q9NTJ3,0.043
Q8IY18,0.039
Q96SB8,0.071
P28370,0.105
P51531,0.308
P51532,0.37
O60264,0.115
Q969G3,0.465
P62314,0.269
P62316,0.263
Q92540,0.238
Q96Q15,0.054
A6NHR9,0.012
Q16637,0.439
Q96GM5,0.2
Q92925,0.041
Q6STE5,0.159
P61278,0.181
Q6GMV2,0.081
Q99747,0.103
O95863,0.216
O43623,0.142
P60880,0.112
Q16533,0.348
Q13487,0.299
Q92966,0.102
Q5SXM2,0.373
O15079,0.391
P09012,0.121
Q13424,0.186
Q13884,0.061
Q13425,0.117
Q53GS9,0.145
Q13573,0.399
Q9UMY4,0.123
Q13596,0.215
Q96L92,0.078
O60749,0.2
O95219,0.102
Q9Y5X1,0.187
O15524,0.251
Q5TF21,0.451
P18583,0.275
Q07889,0.218
P41225,0.166
P48436,0.585
P23497,0.427
Q9HB58,0.35
Q13342,0.283
Q9Y5B9,0.15
P08047,0.312
Q9HAJ7,0.24
Q86W54,0.127
Q96R06,0.081
Q8N0X7,0.179
Q86XZ4,0.459
Q9UBP0,0.196
Q96P63,0.049
Q8IY81,0.266
Q15005,0.111
Q5TCZ1,0.396
Q96EA4,0.061
Q76KD6,0.203
Q96I25,0.369
Q9NRA0,0.211
Q8N0Z3,0.138
Q9Y657,0.195
Q08AE8,0.198
Q9NZQ3,0.222
Q9NUQ6,0.473
Q68D10,0.818
Q7KZ85,0.189
P11277,0.035
Q01082,0.069
O15020,0.085
Q9H254,0.125
Q9NRC6,0.018
Q13501,0.382
O15042,0.47
Q9BX66,0.456
O94875,0.242
Q14247,0.187
P12931,0.099
Q8NEF9,0.655
O43295,0.24
P37108,0.154
P09132,0.194
Q9UHB9,0.085
O76094,0.209
Q96SB4,0.279
P78362,0.368
P08240,0.23
Q8IYB3,0.847
Q9UQ35,0.868
Q9BXP5,0.315
O75494,0.561
Q05519,0.589
Q8WXF0,0.674
Q07955,0.423
Q01130,0.588
P84103,0.512
Q08170,0.709
Q13243,0.485
Q13247,0.576
Q16629,0.487
Q9BRL6,0.681
Q13242,0.149
Q05066,0.147
Q9NQ55,0.319
Q8WYL5,0.378
Q76I76,0.256
P32745,0.251
Q08945,0.355
Q9UEE5,0.15
O94768,0.156
Q8WU08,0.061
Q86UX6,0.253
P42229,0.028
Q8WVM7,0.117
Q8N3U4,0.077
Q9UJ98,0.179
Q9ULZ2,0.088
O95793,0.104
Q9NUL3,0.202
Q15468,0.051
P31948,0.077
O94804,0.256
Q15831,0.132
P49842,0.106
Q9Y6E0,0.065
O00506,0.153
Q9BYT3,0.247
Q9UEW8,0.116
Q13188,0.102
Q8N2I9,0.057
Q9UJZ1,0.101
P27105,0.076
Q05952,1.0
Q7RTN6,0.088
Q96SI9,0.118
Q9NRL3,0.227
O43815,0.094
P61266,0.069
Q12846,0.071
O15400,0.077
Q15833,0.039
Q5T5C0,0.126
Q8WUJ0,0.121
Q8IX01,0.236
Q9UH99,0.092
O75683,0.634
Q8IYB8,0.101
Q7L0J3,0.151
Q8NHG7,0.948
Q8IZU3,0.169
P07814,0.083
Q9HCS7,0.054
Q96PV0,0.291
Q15046,0.119
Q92797,0.173
P17600,0.489
Q92777,0.335
O14994,0.364
O43426,0.284
O15056,0.264
Q8NF91,0.014
Q8N3V7,0.699
P08247,0.243
P49591,0.082
P21579,0.071
O00445,0.06
O43581,0.134
A2RTX5,0.047
P26639,0.064
O76070,0.252
P26640,0.063
P54577,0.047
Q9NUJ3,0.118
Q9Y3Q8,0.61
P29083,0.141
P29084,0.32
P35269,0.559
Q9Y2B4,0.324
O75410,0.491
Q9Y6A5,0.416
O95359,0.705
O75528,0.204
Q13148,0.184
Q15543,0.226
Q8IZX4,0.138
P21675,0.208
Q9UI15,0.121
Q16559,0.185
Q9BVV6,0.091
Q7L7X3,0.222
Q9UL54,0.247
Q03518,0.074
Q9P031,0.191
Q9H6P5,0.055
P10636,0.782
Q9C0C2,0.791
Q71U36,0.044
P68363,0.044
Q9BQE3,0.047
Q13885,0.054
Q9BVA1,0.054
Q13509,0.058
P68371,0.045
P07437,0.05
Q3ZCM7,0.05
Q9HA65,0.116
Q96DN5,0.03
Q15814,0.168
P20226,0.265
Q3YBR2,0.139
Q9BUR4,0.301
P23193,0.193
Q15560,0.144
O75764,0.256
Q13428,0.94
P53999,0.504
P50991,0.054
P49368,0.081
Q99832,0.037
Q96SF2,0.108
P50990,0.036
O14776,0.308
Q5QJE6,0.321
Q9H7E2,0.335
Q8NHU6,0.044
Q9NYB0,0.316
Q15185,0.237
P42680,0.035
O15273,0.144
P22105,0.087
P55072,0.073
P54274,0.301
Q15554,0.423
O14746,0.098
Q96S53,0.089
Q8IWB6,0.18
P32780,0.036
Q92994,0.279
Q8WUA4,0.33
Q04206,0.118
Q9NQB0,0.402
Q9UBB9,0.178
Q15583,0.339
Q96RS0,0.353
Q9BT49,0.168
P10827,0.135
Q86V81,0.623
Q9P016,0.209
P31483,0.085
Q01085,0.083
Q13263,0.21
Q3ZCQ8,0.102
Q07352,0.257
P47974,0.316
Q8WZ42,0.056
Q04726,0.256
Q86UE8,0.228
Q8TBZ6,0.437
Q92545,0.287
Q6ZVM7,0.178
Q5SNT2,0.12
Q9H330,0.094
Q969M1,0.094
Q96EY4,0.192
Q9Y2S6,1.0
P28289,0.072
Q9UKE5,0.374
Q13470,0.183
O95271,0.115
Q92973,0.031
O14787,0.045
Q8NDV7,0.56
Q9UPQ9,0.61
Q9HCJ0,0.542
Q96GM8,0.263
Q15785,0.094
O96008,0.197
O94826,0.067
Q969P6,0.045
P11387,0.26
P11388,0.25
Q02880,0.223
O95985,0.041
Q92547,0.065
Q9NS56,0.455
Q12888,0.619
Q96J77,0.2
P09493,0.208
P07951,0.299
P06753,0.098
P29144,0.017
O94811,0.311
P12270,0.241
Q6XPS3,0.054
P56180,0.085
Q9Y2W1,0.869
P62995,0.663
Q8IYT8,0.199
Q96C45,0.064
Q9UPW8,0.153
O60763,0.06
Q93008,0.084
Q5W0Q7,0.159
Q9BVJ6,0.355
Q5TAP6,0.341
Q9Y3A2,0.103
Q9Y5J1,0.234
Q9BRU9,0.281
O75691,0.025
Q2YD98,0.276
Q08AM6,0.109
Q9P0L0,0.133
P50552,0.613
Q99536,0.102
O95670,0.559
Q96LB4,0.288
Q96JH7,0.211
P49765,0.415
P17948,0.032
P35968,0.033
O15240,0.779
Q9P2U7,0.114
P40337,0.305
Q00341,0.053
O15195,0.041
P08670,0.069
P18206,0.027
O60504,0.456
Q6PFW1,0.137
Q9P253,0.028
Q9UN37,0.073
Q9UID3,0.047
Q5VIR6,0.083
Q8N3P4,0.02
Q99986,0.109
Q8IV63,0.236
Q9NP79,0.179
Q2M389,0.027
Q92558,0.376
Q9Y6W5,0.456
Q9UPY6,0.524
O00401,0.434
Q9Y2W2,0.655
Q969T9,0.253
O75554,0.54
Q9GZL7,0.054
Q9C0J8,0.576
Q9Y2I8,0.16
Q9UNX4,0.021
Q15061,0.189
O15213,0.289
O94967,0.131
Q8TAF3,0.032
Q9H6Y2,0.141
P61964,0.093
O43379,0.148
Q6RFH5,0.127
Q8IWA0,0.053
Q9Y4E6,0.039
A4D1P6,0.173
O76024,0.097
Q8TF74,0.886
Q9H4A3,0.353
Q9BYP7,0.132
Q96J92,0.484
Q14191,0.022
P19544,0.082
A6NIX2,0.379
Q702N8,0.384
P18887,0.34
P12956,0.09
Q8IZH2,0.052
Q9H0D6,0.148
Q8IY57,0.817
P67809,0.784
P16989,0.737
P07947,0.083
Q9ULM3,0.127
Q9GZM5,0.146
P49750,0.694
Q96MU7,0.675
Q9H6S0,0.113
Q9BYJ9,0.315
Q9Y5A9,0.321
Q7Z739,0.232
Q9H869,0.117
Q96PM9,0.35
Q9UGR2,0.04
Q9H171,0.359
Q05516,0.158
Q96K62,0.378
Q9Y2K1,0.146
Q9P1Z0,0.588
O75152,0.428
A2A288,0.336
O60293,0.325
Q8N5P1,0.474
P61129,0.432
Q6PJT7,0.194
Q7Z2W4,0.184
Q8TBK6,0.542
Q6PEW1,0.085
Q8WYQ9,0.26
Q9NUD5,0.392
Q9C0B9,0.264
Q8N3Z6,0.278
Q8N567,0.148
Q8TBF4,0.452
Q15911,0.343
Q96KR1,0.143
Q68DK2,0.097
Q8N5A5,0.254
Q9UKY1,0.23
P17029,0.298
Q96NC0,0.236
Q9HA38,0.221
Q9H898,0.087
Q9UDW3,0.124
Q9UBW7,0.134
Q9H2Y7,0.4
P52739,0.082
O43670,0.536
Q96GC6,0.199
Q5BKZ1,0.364
Q9Y3S2,0.431
Q9H4Z2,0.284
Q9UL40,0.221
Q70YC5,0.113
Q8TD17,0.126
Q9C0G0,0.112
Q8N0Y2,0.361
Q9Y4E5,0.036
Q96JM2,0.087
Q96IT1,0.223
Q96F45,0.437
Q86UK7,0.36
Q969S3,0.164
Q14966,0.324
P0C7X2,0.482
Q6NX45,0.043
Q2TB10,0.358
Q15937,0.046
Q9P2E3,0.088
Q07157,0.538
Q05996,0.048
O43309,0.147
O75061,0.357
O15169,0.432
Q9Y2T1,0.365
P02730,0.044
O94766,0.072
O95817,0.675
O95429,0.711
Q9UQB8,0.225
Q99728,0.162
P35613,0.086
P80723,1.0
Q9UIG0,0.223
Q9BXH1,0.497
Q9UIF9,0.259
Q96RK4,0.202
Q9H165,0.343
Q6ZUJ8,0.245
P56945,0.253
O75363,0.86
Q9P287,0.178
P10415,0.197
Q9NYF8,0.789
Q5H9F3,0.321
Q6W2J9,0.283
P11274,0.267
A6H8Y1,0.423
Q9BUH8,0.16
Q5T5X7,0.052
Q9H694,0.227
Q8TD16,0.161
Q9Y6D5,0.043
O00499,0.277
P11021,0.034
Q6QNY1,0.232
P51451,0.073
P54132,0.153
Q9NSY1,0.379
O00238,0.05
Q14692,0.329
Q14137,0.155
Q53HL2,0.143
Q9H3Q1,0.598
P15056,0.242
Q6PJG6,0.033
P38398,0.197
P51587,0.03
O60885,0.756
Q9NPI1,0.226
Q5VTR2,0.182
O75150,0.198
Q8TDC3,0.355
Q8IWQ3,0.283
Q8TDN6,0.13
Q9UPA5,0.614
Q96K17,0.234
P20290,0.383
Q14201,0.099
Q9BRD0,0.649
O43709,0.096
Q13895,0.24
Q7L1Q6,0.062
Q9Y6E2,0.053
Q9Y4F5,0.705
P02745,0.359
Q07021,0.096
P02747,0.282
Q6UB35,0.073
Q8TF44,0.551
Q86YS7,0.097
Q4AC94,0.164
Q6P1N0,0.275
P33076,0.031
Q9UKL3,0.37
Q8NDD1,0.577
Q9H425,0.691
Q9NY47,0.036
Q9Y6J0,0.302
O43497,0.245
Q02641,0.365
P54284,0.397
O00305,0.36
Q86Y37,0.228
Q9P1Z2,0.135
P19022,0.024
P55283,0.085
Q13111,0.412
Q13112,0.311
P00915,0.199
Q16790,0.246
P27797,0.369
Q8NCB2,0.349
Q5T5Y3,0.265
Q9P1Y5,0.543
Q86VP6,0.024
O75155,0.026
Q01518,0.135
P40123,0.18
Q14444,0.456
Q6IMN6,0.391
Q9ULU8,0.099
Q9NXV6,0.393
Q8N187,0.029
O15234,0.825
Q14511,0.222
Q969G5,0.471
Q92793,0.39
P83916,0.335
Q13185,0.41
Q14781,0.588
P45973,0.251
O00257,0.438
Q9Y3M2,0.206
Q96BT1,0.068
Q9BWC9,0.264
Q8TBZ0,0.028
Q8IYX3,0.29
Q96CT7,0.655
Q6PK04,0.509
Q96MF4,0.877
Q9UNH5,0.194
O60729,0.171
Q8N715,0.544
Q15834,0.272
A6NKD9,0.356
Q8IX12,0.255
Q8N163,0.235
O60826,0.041
Q96HJ3,0.432
Q9BR77,0.102
Q9H6F5,0.961
Q567U6,0.127
Q6ZUT6,0.61
Q8TD31,0.081
O00585,0.351
P20248,0.095
P14635,0.122
O96020,0.109
P41002,0.12
Q16589,0.058
Q9UK58,0.466
Q96S94,0.394
O60563,0.315
Q6IQ19,0.656
P21127,0.577
Q96GN5,0.205
Q13042,0.042
Q12834,0.128
P30260,0.218
Q16543,0.146
Q99459,0.13
Q6P1J9,0.126
Q15131,0.075
Q9NYV4,0.643
Q14004,0.532
O94921,0.111
Q00537,0.134
Q07002,0.105
Q9BWU1,0.287
P49336,0.224
P50750,0.081
Q16667,0.094
O76039,0.483
P38936,0.543
Q9UKY7,0.907
O60308,0.046
Q5TB80,0.081
O94986,0.087
Q9UPV0,0.319
Q5SW79,0.523
Q8TEP8,0.117
O15078,0.017
Q9C0D2,0.055
Q5VT06,0.337
Q5SZL2,0.083
P49715,0.43
P17676,0.394
Q03701,0.199
Q92879,0.068
Q5SZQ8,0.073
Q9BZC1,0.105
Q8N6W0,0.082
Q96J87,0.071
Q8N111,0.785
P49450,0.329
P07199,0.302
Q9HC77,0.287
P49454,0.085
Q71F23,0.517
Q9BYV8,0.397
Q9C0F1,0.069
Q53EZ4,0.056
Q86XR8,0.186
Q76N32,0.584
Q8NHQ1,0.039
Q9P209,0.309
Q5JTW2,0.179
Q9Y592,0.033
Q6P2H3,0.178
Q96ST8,0.216
Q96GE4,0.195
Q49MI3,0.065
Q9Y5P4,0.038
Q12798,0.18
P41208,0.174
P13569,0.02
Q9BRJ6,0.428
Q8N884,0.276
Q96JM3,0.554
Q14839,0.26
Q8TDI0,0.256
Q12873,0.292
O14646,0.345
Q9P2D1,0.283
Q96EP1,0.301
Q9UNE7,0.099
O14757,0.122
O96017,0.182
Q9HD42,0.122
Q9H444,0.281
Q9Y3E7,0.194
Q9Y2V2,0.354
Q9Y3Y2,0.218
Q5T280,0.149
O43734,0.348
Q15642,0.291
Q14011,0.605
Q96SN8,0.116
Q8WWK9,0.208
Q07065,0.138
Q14008,0.156
Q7Z460,0.25
O75122,0.285
P09497,0.358
P51798,0.061
Q9UDT6,0.161
Q96DZ5,0.179
P49759,0.227
P49760,0.22
P49761,0.382
Q9HAZ1,0.183
Q16740,0.116
O96005,0.158
Q9BQ75,0.319
Q13956,0.614
Q6IBW4,0.228
P42695,0.121
Q6P9H4,0.164
Q99439,0.087
Q9H9A5,0.168
Q9UKZ1,0.178
Q9NZN8,0.181
O75175,0.392
A5YKK6,0.037
O95628,0.304
Q9NXG0,0.142
Q12860,0.025
Q02246,0.051
P78357,0.048
Q9UHC6,0.015
Q8N137,0.276
Q7Z7A1,0.07
P02452,0.763
P01024,0.012
Q14055,0.875
Q96JB2,0.048
P38432,0.424
P35606,0.038
P48444,0.041
Q9Y678,0.024
Q9P299,0.162
P31146,0.065
Q9BR76,0.076
P10606,0.155
O43303,0.066
Q9UPN4,0.332
Q66GS9,0.024
Q9BV73,0.07
Q9BZB8,0.06
Q7Z5Q1,0.214
Q8NE35,0.236
Q17RY0,0.272
Q9HCH3,0.054
Q10570,0.098
Q9P2I0,0.055
O95639,0.1
Q16630,0.577
Q8N684,0.308
Q8NEP4,0.502
Q7Z4B0,0.259
O75177,0.672
P52943,0.106
P46109,0.168
Q96RY5,0.437
Q9BZJ0,0.057
Q5TZA2,0.142
Q9BUF7,0.283
Q16526,0.06
P02511,0.171
P07333,0.034
Q8WXD9,0.545
O14936,0.04
Q13098,0.055
Q9UNS2,0.052
Q9UBW8,0.178
Q9H9Q2,0.159
P13611,0.163
Q1MSJ5,0.176
P33240,0.231
Q9H0L4,0.37
Q96C57,0.824
Q9P2B4,0.268
Q8WYA6,0.087
Q13363,0.075
Q8NI51,0.187
P49711,0.243
Q9Y5B0,0.473
Q9GZU7,0.126
Q99708,0.139
P35221,0.034
P26232,0.029
P35222,0.129
O60716,0.093
Q9UQB3,0.298
O14578,0.078
Q05D32,0.345
Q9UPY3,0.013
Q68CQ4,0.21
Q9UNQ2,0.067
Q9P265,0.121
Q9NRI5,0.185
Q155Q3,0.141
Q8TBM8,0.166
Q9NVM6,0.22
Q5F1R6,0.397
O60832,0.14
Q12959,0.039
Q92796,0.084
P78352,0.029
O14490,0.147
Q9P1A6,0.258
O95886,0.374
Q9Y2H0,0.498
O60479,0.394
Q6E0U4,0.418
Q09019,0.384
Q8TDJ6,0.05
P31689,0.116
O60884,0.114
Q96EY1,0.06
P25686,0.395
O75190,0.239
O75937,0.289
P18858,0.294
P49916,0.108
O00429,0.092
P26358,0.194
Q96BY6,0.02
Q14185,0.124
Q92608,0.03
Q8IZD9,0.108
Q9H7D0,0.066
Q9BZ29,0.032
Q99704,0.26
Q9NYP3,0.194
Q9UKG1,0.181
Q8NEU8,0.033
Q9NRF9,0.374
P42658,0.102
Q7Z7J5,0.087
Q14194,0.105
Q16555,0.045
Q14195,0.114
Q16643,0.496
Q02413,0.069
P55265,0.079
Q96EV8,0.191
Q9NZJ0,0.267
Q9Y4J8,0.027
Q8TDB6,0.12
Q68J44,0.132
O75319,0.072
Q9BY84,0.262
Q16828,0.073
Q99956,0.096
P33316,0.107
O14641,0.382
Q92997,0.415
O00148,0.08
Q13838,0.072
Q14204,0.005
Q05193,0.113
P50570,0.149
Q9UQ16,0.142
Q13627,0.318
Q92630,0.04
O43781,0.116
Q9NR20,0.185
Q86YF9,0.228
Q86Y13,0.123
Q03001,0.043
Q9BQI3,0.132
P19525,0.038
Q9NZJ5,0.087
O43491,0.331
Q9Y2J2,0.19
Q96JC9,0.608
Q96CJ1,0.4
Q9HAF1,0.461
Q99848,0.448
Q5VYK3,0.014
Q8WWZ3,0.307
Q96F86,0.193
Q6P2E9,0.173
O60869,0.23
Q15075,0.04
O75530,0.163
Q05639,0.043
P24534,0.169
P29692,0.196
P26641,0.11
Q5JVL4,0.031
Q96C19,0.108
P00533,0.034
P01133,0.068
Q9NZN4,0.039
Q9UI10,0.281
Q9BY44,0.173
Q14152,0.399
P55884,0.194
Q99613,0.262
O15371,0.047
O00303,0.23
O75821,0.266
O15372,0.227
O75822,0.504
Q9HBU6,0.086
Q12926,0.092
P26378,0.096
Q3SY89,0.5
Q15723,0.094
Q99607,0.294
P55199,0.316
P15502,0.039
Q14241,0.576
Q8IYF1,0.62
Q8WYP5,0.232
Q5J8M3,0.109
Q96AY2,0.207
P22413,0.046
Q9UBC2,0.376
Q09472,0.363
Q5JZY3,0.021
P29323,0.063
P58107,0.06
Q14677,0.181
O75616,0.046
P21860,0.104
Q15303,0.026
Q96RT1,0.239
O15083,0.088
P15170,0.138
Q8IYD1,0.242
P11308,0.2
Q8IV48,0.138
O75477,0.069
Q9BS26,0.071
Q9H501,0.398
Q14674,0.088
P03372,0.131
Q86US8,0.307
Q9BSJ8,0.091
A0FGR8,0.215
A0FGR9,0.093
O60447,0.14
Q9UI08,0.599
Q01844,0.649
Q9Y2D4,0.026
Q9NV70,0.064
Q9UPT5,0.041
Q8IYI6,0.092
Q9NQT4,0.102
Q5RKV6,0.132
Q06265,0.18
Q01780,0.124
Q99502,0.297
P15311,0.198
O95990,0.139
Q9BQ89,0.329
Q8TC76,0.178
Q1W6H9,0.551
Q9NZB2,0.235
Q9NX05,0.253
Q5BKY9,0.802
Q3B820,0.085
Q92567,0.082
Q5VUB5,0.116
P78312,0.425
Q96PV7,0.557
Q9H8W3,0.541
Q9NSI2,0.326
Q96D05,0.388
O60825,0.16
Q16875,0.15
Q14320,0.26
Q6NSI3,0.583
Q14153,0.059
Q8TC56,0.256
P12259,0.082
Q5HYJ3,0.295
Q6ZRV2,0.327
P00451,0.019
Q8NCA5,0.394
Q52LJ0,0.303
Q9BXW9,0.091
Q05397,0.154
Q14289,0.025
Q8IZU1,0.669
Q8IZU0,0.5
Q9NVI1,0.022
Q9Y4F1,0.241
Q14296,0.055
P22087,0.271
Q9HCM7,0.513
Q9UK22,0.139
Q8TF61,0.288
Q969H0,0.214
Q9Y324,0.131
P39748,0.142
Q99689,0.156
Q9GZV9,0.199
P09038,0.462
P11362,0.097
P21802,0.026
P22607,0.088
P22455,0.037
Q8N441,0.123
P02675,0.065
P02679,0.066
Q5HY92,0.286
Q6UN15,0.677
Q5T1M5,0.367
Q02790,0.137
Q14318,0.165
Q15007,0.396
Q01543,0.184
Q13045,0.037
O75369,0.009
P21333,0.036
Q14315,0.028
Q96HJ9,0.177
O95466,0.227
Q9NZ56,0.549
Q96PY5,0.078
Q8IVF7,0.048
Q06787,0.34
Q53EP0,0.055
Q8TF40,0.07
Q96NB1,0.264
P15407,0.531
P15408,0.457
P01100,0.124
O75593,0.258
O95684,0.451
Q9BZ67,0.119
O94915,0.06
Q5H9T9,0.764
Q9BTV5,0.073
Q96AE4,0.343
Q92945,0.544
Q96I24,0.168
P35637,0.797
P51114,0.366
P51116,0.423
P06241,0.041
Q14332,0.053
Q9H461,0.134
Q9UM11,0.224
Q13283,0.468
Q9UN86,0.5
Q9UBS5,0.082
O75899,0.03
O14976,0.265
P22466,0.285
Q14697,0.061
O60318,0.181
Q14C86,0.205
Q9H4G4,0.136
Q9NY12,0.585
O60861,0.151
P15976,0.075
P23771,0.37
O75879,0.036
P48169,0.204
P16383,0.292
Q9BSJ2,0.032
Q96CW5,0.035
Q9UGJ1,0.031
Q96RT8,0.072
Q96RT7,0.148
P04150,0.127
P06396,0.05
Q8TEQ6,0.097
Q9NWZ8,0.153
O75496,0.598
Q9NQX3,0.113
Q99684,0.258
Q9NZ52,0.115
O75420,0.409
Q6Y7W6,0.456
Q9H1K4,0.063
Q96F15,0.068
O14908,0.228
Q9Y2X7,0.17
Q53GS7,0.148
P10071,0.262
O94925,0.111
P14314,0.208
P34897,0.044
Q49A26,0.175
Q5JWF2,0.484
P19086,0.073
P36915,0.234
Q9NVN8,0.1
Q9BVP2,0.268
Q2TAP0,0.168
Q08379,0.138
Q13439,0.047
Q14789,0.072
Q96P66,0.252
Q5T848,0.291
P35052,0.115
Q9NZH0,0.057
Q86YR5,0.213
Q9NW75,0.335
Q5T3I0,0.637
O75791,0.309
Q14451,0.182
Q3V6T2,0.152
P42261,0.022
O60269,0.325
Q7Z2K8,0.896
Q9Y3R0,0.131
P34947,0.102
P41594,0.117
P38646,0.035
Q9HAV7,0.129
Q9BQ67,0.157
Q14687,0.454
P49840,0.271
P49841,0.21
Q92896,0.069
P09210,0.108
P78347,0.212
P11166,0.051
Q9H116,0.194
P07305,0.722
Q02539,0.767
P16403,0.765
P16402,0.792
P10412,0.772
P16401,0.765
Q75WM6,0.729
Q92522,0.634
Q96QV6,0.176
P04908,0.169
Q93077,0.169
P20671,0.169
Q99878,0.172
P0C0S8,0.169
Q6FI13,0.162
Q8IUE6,0.169
Q16777,0.171
Q7L7L0,0.169
Q9BTM1,0.171
Q71UI9,0.18
P16104,0.315
O75367,0.142
P0C0S5,0.195
P33778,0.278
P62807,0.286
P58876,0.286
O60814,0.286
Q99880,0.286
Q99879,0.286
Q99877,0.286
P23527,0.278
Q16778,0.278
Q16695,0.316
P68431,0.316
P84243,0.316
P62805,0.194
Q5JVS0,0.758
Q75N03,0.607
P54257,0.171
Q13442,0.818
Q9BT25,0.459
O00165,0.767
Q99075,0.226
P08631,0.038
Q13547,0.193
Q92769,0.205
Q9UBN7,0.115
Q9UKV0,0.181
P42858,0.09
Q9H583,0.01
Q9P2P5,0.314
Q76N89,0.242
Q9BYK8,0.009
P42694,0.206
Q9UII4,0.027
O95714,0.03
O14964,0.292
Q16665,0.126
Q9Y2N7,0.321
Q9BQA5,0.058
O75146,0.106
O00291,0.02
Q9H2X6,0.121
Q6UWX4,0.113
P54198,0.102
Q14527,0.03
Q6NT76,0.279
P17096,1.0
P09429,0.349
P26583,0.703
O15347,0.335
Q8WW32,0.118
P05114,1.0
O75330,0.088
P30519,0.092
O60812,0.44
O14979,0.398
Q9BUJ2,0.453
P07910,0.451
Q8WVV9,0.131
Q14103,0.259
P61978,0.253
P14866,0.331
P52272,0.085
O60506,0.204
O43390,0.319
Q00839,0.427
Q86YM7,0.169
Q9NSB8,0.155
Q9NSC5,0.155
Q96ED9,0.033
Q86VS8,0.052
Q5SSJ5,0.514
Q92598,0.172
O43301,0.067
P0DMV8,0.044
P0DMV9,0.044
O95757,0.142
P07900,0.119
P08238,0.108
Q00613,0.219
Q03933,0.131
P04553,0.588
P54652,0.042
P34932,0.164
P17066,0.044
P11142,0.051
Q9UBY9,0.229
Q9UJY1,0.107
P57058,0.171
Q9Y4L1,0.208
Q9H9L3,0.399
P32019,0.08
P22692,0.093
Q8NDH6,0.108
Q9P2D0,0.04
Q05084,0.085
Q9UMF0,0.023
Q659A1,0.184
Q9Y2F5,0.246
P54105,0.105
Q9UPZ9,0.207
Q16666,0.196
P47813,0.396
O14602,0.396
P05198,0.073
Q9NZI8,0.054
Q9Y6M1,0.053
O00425,0.057
P20042,0.435
O60841,0.489
P60842,0.052
Q14240,0.054
P23588,0.825
O60573,0.212
P06730,0.138
Q04637,0.48
P78344,0.127
Q15056,0.681
O43432,0.283
P55010,0.172
Q5TF58,0.166
Q9BYX4,0.059
Q6K0P9,0.38
P01579,0.12
Q13099,0.149
P08069,0.059
P01876,0.076
Q96ID5,0.066
Q969P0,0.033
Q8IYA8,0.035
O14920,0.053
Q9H5V7,0.286
Q12905,0.154
Q12906,0.39
Q9H0C8,0.23
P52292,0.108
O00505,0.056
P52294,0.067
O15131,0.069
O60684,0.054
Q9C086,0.413
Q8NBZ0,0.713
Q9NQS7,0.505
Q27J81,0.351
Q9NRR6,0.3
P06213,0.048
Q9Y283,0.29
P23677,0.306
Q8NFU5,0.091
O95373,0.029
O15397,0.047
P41236,0.58
Q86VS3,0.056
Q9H0B3,0.122
Q6DN90,0.319
Q5JU85,0.539
Q9UPP2,0.36
P46940,0.024
Q9Y616,0.062
Q8WZA9,0.096
J3KTE4,0.134
B7Z4B8,0.396
A8MXP9,0.399
G3V153,0.436
J3KTL2,0.427
Q9HBD4,0.364
I1E4Y6,0.414
B4DXZ6,0.373
B4DEB1,0.333
J3QR07,0.667
F8W930,0.053
E7ERS3,0.777
J3QK89,0.438
A0A0A0MT08,0.082
A0A0B4J269,0.033
F5H3Y4,0.119
E7EPN9,0.726
A0A2R8YDH4,0.38
R4GMX3,0.194
A0A3B3ITZ1,0.687
F8W881,0.169
J3KTA4,0.103
E3W994,0.293
H3BLV9,0.297
I3L2L5,0.272
H0Y6E7,0.784
B0QZK4,0.079
H0YEH2,0.166
Q5QPL9,0.165
B8ZZ50,0.22
H0Y2W2,0.396
H0Y8A4,0.047
G3V4C1,0.473
D6RBW1,0.237
E5RJN7,0.184
V9GYY5,0.466
Q5JW30,0.077
D6R9P3,0.429
E9PF63,0.038
E7ET15,0.469
H0YHA7,0.222
H0Y945,0.606
H0Y8G5,0.169
J3QSV6,0.43
Q13574,0.14
Q69YQ0,0.284
Q5M775,0.373
Q86T65,0.068
Q15038,0.149
Q10586,0.615
Q9C098,0.401
Q8IZD4,0.19
Q13561,0.065
Q9H773,0.3
Q96HY6,0.42
Q9GZR7,0.304
Q96GQ7,0.241
Q9H8H2,0.314
Q86XP3,0.36
Q9NXZ2,0.125
Q9Y6V7,0.083
Q8N8A6,0.216
Q8TDD1,0.384
Q8NHQ9,0.085
Q9NY93,0.077
Q8WXF8,0.279
P49619,0.106
O75912,0.099
Q9H6R0,0.091
Q8IY37,0.225
Q8IYB7,0.08
Q9NZG7,0.148
Q86WB0,0.319
Q6ZUT1,0.658
Q8NC60,0.155
Q8WTT2,0.119
Q9BZE4,0.203
Q13823,0.269
Q9BSC4,0.106
Q9UMY1,0.366
Q76FK4,0.517
Q5SY16,0.08
P78316,0.331
P46087,0.533
O00567,0.231
Q9Y2X3,0.229
Q86U38,0.124
Q9Y314,0.086
Q96NT1,0.659
O60287,0.029
O75607,0.213
Q9UHY1,0.185
O14511,0.393
Q7Z2Y5,0.25
O95478,0.085
Q9H0G5,0.654
Q08J23,0.171
Q96DX7,0.468
Q92519,0.076
Q96RU7,0.151
Q7Z2T5,0.106
Q9Y4A5,0.028
O95900,0.109
Q9UJT2,0.176
Q9Y4R7,0.041
P40222,0.43
P0DN76,0.242
Q5T6F2,0.434
P0CB47,0.219
Q14157,0.563
Q9P275,0.543
P35125,0.119
Q5T4S7,0.078
O94874,0.117
